3.000000000000000000e+02 0.000000000000000000e+00
3.001000000000000227e+02 0.000000000000000000e+00
3.002000000000000455e+02 0.000000000000000000e+00
3.003000000000000682e+02 0.000000000000000000e+00
3.004000000000000909e+02 0.000000000000000000e+00
3.005000000000001137e+02 0.000000000000000000e+00
3.006000000000001364e+02 0.000000000000000000e+00
3.007000000000001592e+02 0.000000000000000000e+00
3.008000000000001819e+02 0.000000000000000000e+00
3.009000000000002046e+02 0.000000000000000000e+00
3.010000000000002274e+02 0.000000000000000000e+00
3.011000000000002501e+02 0.000000000000000000e+00
3.012000000000002728e+02 0.000000000000000000e+00
3.013000000000002956e+02 0.000000000000000000e+00
3.014000000000003183e+02 0.000000000000000000e+00
3.015000000000003411e+02 0.000000000000000000e+00
3.016000000000003638e+02 0.000000000000000000e+00
3.017000000000003865e+02 0.000000000000000000e+00
3.018000000000004093e+02 0.000000000000000000e+00
3.019000000000004320e+02 0.000000000000000000e+00
3.020000000000004547e+02 0.000000000000000000e+00
3.021000000000004775e+02 0.000000000000000000e+00
3.022000000000005002e+02 0.000000000000000000e+00
3.023000000000005230e+02 0.000000000000000000e+00
3.024000000000005457e+02 0.000000000000000000e+00
3.025000000000005684e+02 0.000000000000000000e+00
3.026000000000005912e+02 0.000000000000000000e+00
3.027000000000006139e+02 0.000000000000000000e+00
3.028000000000006366e+02 0.000000000000000000e+00
3.029000000000006594e+02 0.000000000000000000e+00
3.030000000000006821e+02 0.000000000000000000e+00
3.031000000000007049e+02 0.000000000000000000e+00
3.032000000000007276e+02 0.000000000000000000e+00
3.033000000000007503e+02 0.000000000000000000e+00
3.034000000000007731e+02 0.000000000000000000e+00
3.035000000000007958e+02 0.000000000000000000e+00
3.036000000000008185e+02 0.000000000000000000e+00
3.037000000000008413e+02 0.000000000000000000e+00
3.038000000000008640e+02 0.000000000000000000e+00
3.039000000000008868e+02 0.000000000000000000e+00
3.040000000000009095e+02 0.000000000000000000e+00
3.041000000000009322e+02 0.000000000000000000e+00
3.042000000000009550e+02 0.000000000000000000e+00
3.043000000000009777e+02 0.000000000000000000e+00
3.044000000000010004e+02 0.000000000000000000e+00
3.045000000000010232e+02 0.000000000000000000e+00
3.046000000000010459e+02 0.000000000000000000e+00
3.047000000000010687e+02 0.000000000000000000e+00
3.048000000000010914e+02 0.000000000000000000e+00
3.049000000000011141e+02 0.000000000000000000e+00
3.050000000000011369e+02 0.000000000000000000e+00
3.051000000000011596e+02 0.000000000000000000e+00
3.052000000000011823e+02 0.000000000000000000e+00
3.053000000000012051e+02 0.000000000000000000e+00
3.054000000000012278e+02 0.000000000000000000e+00
3.055000000000012506e+02 0.000000000000000000e+00
3.056000000000012733e+02 0.000000000000000000e+00
3.057000000000012960e+02 0.000000000000000000e+00
3.058000000000013188e+02 0.000000000000000000e+00
3.059000000000013415e+02 0.000000000000000000e+00
3.060000000000013642e+02 0.000000000000000000e+00
3.061000000000013870e+02 0.000000000000000000e+00
3.062000000000014097e+02 0.000000000000000000e+00
3.063000000000014325e+02 0.000000000000000000e+00
3.064000000000014552e+02 0.000000000000000000e+00
3.065000000000014779e+02 0.000000000000000000e+00
3.066000000000015007e+02 0.000000000000000000e+00
3.067000000000015234e+02 0.000000000000000000e+00
3.068000000000015461e+02 0.000000000000000000e+00
3.069000000000015689e+02 0.000000000000000000e+00
3.070000000000015916e+02 0.000000000000000000e+00
3.071000000000016144e+02 0.000000000000000000e+00
3.072000000000016371e+02 0.000000000000000000e+00
3.073000000000016598e+02 0.000000000000000000e+00
3.074000000000016826e+02 0.000000000000000000e+00
3.075000000000017053e+02 0.000000000000000000e+00
3.076000000000017280e+02 0.000000000000000000e+00
3.077000000000017508e+02 0.000000000000000000e+00
3.078000000000017735e+02 0.000000000000000000e+00
3.079000000000017963e+02 0.000000000000000000e+00
3.080000000000018190e+02 0.000000000000000000e+00
3.081000000000018417e+02 0.000000000000000000e+00
3.082000000000018645e+02 0.000000000000000000e+00
3.083000000000018872e+02 0.000000000000000000e+00
3.084000000000019099e+02 0.000000000000000000e+00
3.085000000000019327e+02 0.000000000000000000e+00
3.086000000000019554e+02 0.000000000000000000e+00
3.087000000000019782e+02 0.000000000000000000e+00
3.088000000000020009e+02 0.000000000000000000e+00
3.089000000000020236e+02 0.000000000000000000e+00
3.090000000000020464e+02 0.000000000000000000e+00
3.091000000000020691e+02 0.000000000000000000e+00
3.092000000000020918e+02 0.000000000000000000e+00
3.093000000000021146e+02 0.000000000000000000e+00
3.094000000000021373e+02 0.000000000000000000e+00
3.095000000000021600e+02 0.000000000000000000e+00
3.096000000000021828e+02 0.000000000000000000e+00
3.097000000000022055e+02 0.000000000000000000e+00
3.098000000000022283e+02 0.000000000000000000e+00
3.099000000000022510e+02 0.000000000000000000e+00
3.100000000000022737e+02 0.000000000000000000e+00
3.101000000000022965e+02 0.000000000000000000e+00
3.102000000000023192e+02 0.000000000000000000e+00
3.103000000000023419e+02 0.000000000000000000e+00
3.104000000000023647e+02 0.000000000000000000e+00
3.105000000000023874e+02 0.000000000000000000e+00
3.106000000000024102e+02 0.000000000000000000e+00
3.107000000000024329e+02 0.000000000000000000e+00
3.108000000000024556e+02 0.000000000000000000e+00
3.109000000000024784e+02 0.000000000000000000e+00
3.110000000000025011e+02 0.000000000000000000e+00
3.111000000000025238e+02 0.000000000000000000e+00
3.112000000000025466e+02 0.000000000000000000e+00
3.113000000000025693e+02 0.000000000000000000e+00
3.114000000000025921e+02 0.000000000000000000e+00
3.115000000000026148e+02 0.000000000000000000e+00
3.116000000000026375e+02 0.000000000000000000e+00
3.117000000000026603e+02 0.000000000000000000e+00
3.118000000000026830e+02 0.000000000000000000e+00
3.119000000000027057e+02 0.000000000000000000e+00
3.120000000000027285e+02 0.000000000000000000e+00
3.121000000000027512e+02 0.000000000000000000e+00
3.122000000000027740e+02 0.000000000000000000e+00
3.123000000000027967e+02 0.000000000000000000e+00
3.124000000000028194e+02 0.000000000000000000e+00
3.125000000000028422e+02 0.000000000000000000e+00
3.126000000000028649e+02 0.000000000000000000e+00
3.127000000000028876e+02 0.000000000000000000e+00
3.128000000000029104e+02 0.000000000000000000e+00
3.129000000000029331e+02 0.000000000000000000e+00
3.130000000000029559e+02 0.000000000000000000e+00
3.131000000000029786e+02 0.000000000000000000e+00
3.132000000000030013e+02 0.000000000000000000e+00
3.133000000000030241e+02 0.000000000000000000e+00
3.134000000000030468e+02 0.000000000000000000e+00
3.135000000000030695e+02 0.000000000000000000e+00
3.136000000000030923e+02 0.000000000000000000e+00
3.137000000000031150e+02 0.000000000000000000e+00
3.138000000000031378e+02 0.000000000000000000e+00
3.139000000000031605e+02 0.000000000000000000e+00
3.140000000000031832e+02 0.000000000000000000e+00
3.141000000000032060e+02 0.000000000000000000e+00
3.142000000000032287e+02 0.000000000000000000e+00
3.143000000000032514e+02 0.000000000000000000e+00
3.144000000000032742e+02 0.000000000000000000e+00
3.145000000000032969e+02 0.000000000000000000e+00
3.146000000000033197e+02 0.000000000000000000e+00
3.147000000000033424e+02 0.000000000000000000e+00
3.148000000000033651e+02 0.000000000000000000e+00
3.149000000000033879e+02 0.000000000000000000e+00
3.150000000000034106e+02 0.000000000000000000e+00
3.151000000000034333e+02 0.000000000000000000e+00
3.152000000000034561e+02 0.000000000000000000e+00
3.153000000000034788e+02 0.000000000000000000e+00
3.154000000000035016e+02 0.000000000000000000e+00
3.155000000000035243e+02 0.000000000000000000e+00
3.156000000000035470e+02 0.000000000000000000e+00
3.157000000000035698e+02 0.000000000000000000e+00
3.158000000000035925e+02 0.000000000000000000e+00
3.159000000000036152e+02 0.000000000000000000e+00
3.160000000000036380e+02 0.000000000000000000e+00
3.161000000000036607e+02 0.000000000000000000e+00
3.162000000000036835e+02 0.000000000000000000e+00
3.163000000000037062e+02 0.000000000000000000e+00
3.164000000000037289e+02 0.000000000000000000e+00
3.165000000000037517e+02 0.000000000000000000e+00
3.166000000000037744e+02 0.000000000000000000e+00
3.167000000000037971e+02 0.000000000000000000e+00
3.168000000000038199e+02 0.000000000000000000e+00
3.169000000000038426e+02 0.000000000000000000e+00
3.170000000000038654e+02 0.000000000000000000e+00
3.171000000000038881e+02 0.000000000000000000e+00
3.172000000000039108e+02 0.000000000000000000e+00
3.173000000000039336e+02 0.000000000000000000e+00
3.174000000000039563e+02 0.000000000000000000e+00
3.175000000000039790e+02 0.000000000000000000e+00
3.176000000000040018e+02 0.000000000000000000e+00
3.177000000000040245e+02 0.000000000000000000e+00
3.178000000000040473e+02 0.000000000000000000e+00
3.179000000000040700e+02 0.000000000000000000e+00
3.180000000000040927e+02 0.000000000000000000e+00
3.181000000000041155e+02 0.000000000000000000e+00
3.182000000000041382e+02 0.000000000000000000e+00
3.183000000000041609e+02 0.000000000000000000e+00
3.184000000000041837e+02 0.000000000000000000e+00
3.185000000000042064e+02 0.000000000000000000e+00
3.186000000000042292e+02 0.000000000000000000e+00
3.187000000000042519e+02 0.000000000000000000e+00
3.188000000000042746e+02 0.000000000000000000e+00
3.189000000000042974e+02 0.000000000000000000e+00
3.190000000000043201e+02 0.000000000000000000e+00
3.191000000000043428e+02 0.000000000000000000e+00
3.192000000000043656e+02 0.000000000000000000e+00
3.193000000000043883e+02 0.000000000000000000e+00
3.194000000000044110e+02 0.000000000000000000e+00
3.195000000000044338e+02 0.000000000000000000e+00
3.196000000000044565e+02 0.000000000000000000e+00
3.197000000000044793e+02 0.000000000000000000e+00
3.198000000000045020e+02 0.000000000000000000e+00
3.199000000000045247e+02 0.000000000000000000e+00
3.200000000000045475e+02 0.000000000000000000e+00
3.201000000000045702e+02 0.000000000000000000e+00
3.202000000000045929e+02 0.000000000000000000e+00
3.203000000000046157e+02 0.000000000000000000e+00
3.204000000000046384e+02 0.000000000000000000e+00
3.205000000000046612e+02 0.000000000000000000e+00
3.206000000000046839e+02 0.000000000000000000e+00
3.207000000000047066e+02 0.000000000000000000e+00
3.208000000000047294e+02 0.000000000000000000e+00
3.209000000000047521e+02 0.000000000000000000e+00
3.210000000000047748e+02 0.000000000000000000e+00
3.211000000000047976e+02 0.000000000000000000e+00
3.212000000000048203e+02 0.000000000000000000e+00
3.213000000000048431e+02 0.000000000000000000e+00
3.214000000000048658e+02 0.000000000000000000e+00
3.215000000000048885e+02 0.000000000000000000e+00
3.216000000000049113e+02 0.000000000000000000e+00
3.217000000000049340e+02 0.000000000000000000e+00
3.218000000000049567e+02 0.000000000000000000e+00
3.219000000000049795e+02 0.000000000000000000e+00
3.220000000000050022e+02 0.000000000000000000e+00
3.221000000000050250e+02 0.000000000000000000e+00
3.222000000000050477e+02 0.000000000000000000e+00
3.223000000000050704e+02 0.000000000000000000e+00
3.224000000000050932e+02 0.000000000000000000e+00
3.225000000000051159e+02 0.000000000000000000e+00
3.226000000000051386e+02 0.000000000000000000e+00
3.227000000000051614e+02 0.000000000000000000e+00
3.228000000000051841e+02 0.000000000000000000e+00
3.229000000000052069e+02 0.000000000000000000e+00
3.230000000000052296e+02 0.000000000000000000e+00
3.231000000000052523e+02 0.000000000000000000e+00
3.232000000000052751e+02 0.000000000000000000e+00
3.233000000000052978e+02 0.000000000000000000e+00
3.234000000000053205e+02 0.000000000000000000e+00
3.235000000000053433e+02 0.000000000000000000e+00
3.236000000000053660e+02 0.000000000000000000e+00
3.237000000000053888e+02 0.000000000000000000e+00
3.238000000000054115e+02 0.000000000000000000e+00
3.239000000000054342e+02 0.000000000000000000e+00
3.240000000000054570e+02 0.000000000000000000e+00
3.241000000000054797e+02 0.000000000000000000e+00
3.242000000000055024e+02 0.000000000000000000e+00
3.243000000000055252e+02 0.000000000000000000e+00
3.244000000000055479e+02 0.000000000000000000e+00
3.245000000000055707e+02 0.000000000000000000e+00
3.246000000000055934e+02 0.000000000000000000e+00
3.247000000000056161e+02 0.000000000000000000e+00
3.248000000000056389e+02 0.000000000000000000e+00
3.249000000000056616e+02 0.000000000000000000e+00
3.250000000000056843e+02 0.000000000000000000e+00
3.251000000000057071e+02 0.000000000000000000e+00
3.252000000000057298e+02 0.000000000000000000e+00
3.253000000000057526e+02 0.000000000000000000e+00
3.254000000000057753e+02 0.000000000000000000e+00
3.255000000000057980e+02 0.000000000000000000e+00
3.256000000000058208e+02 0.000000000000000000e+00
3.257000000000058435e+02 0.000000000000000000e+00
3.258000000000058662e+02 0.000000000000000000e+00
3.259000000000058890e+02 0.000000000000000000e+00
3.260000000000059117e+02 0.000000000000000000e+00
3.261000000000059345e+02 0.000000000000000000e+00
3.262000000000059572e+02 0.000000000000000000e+00
3.263000000000059799e+02 0.000000000000000000e+00
3.264000000000060027e+02 0.000000000000000000e+00
3.265000000000060254e+02 0.000000000000000000e+00
3.266000000000060481e+02 0.000000000000000000e+00
3.267000000000060709e+02 0.000000000000000000e+00
3.268000000000060936e+02 0.000000000000000000e+00
3.269000000000061164e+02 0.000000000000000000e+00
3.270000000000061391e+02 0.000000000000000000e+00
3.271000000000061618e+02 0.000000000000000000e+00
3.272000000000061846e+02 0.000000000000000000e+00
3.273000000000062073e+02 0.000000000000000000e+00
3.274000000000062300e+02 0.000000000000000000e+00
3.275000000000062528e+02 0.000000000000000000e+00
3.276000000000062755e+02 0.000000000000000000e+00
3.277000000000062983e+02 0.000000000000000000e+00
3.278000000000063210e+02 0.000000000000000000e+00
3.279000000000063437e+02 0.000000000000000000e+00
3.280000000000063665e+02 0.000000000000000000e+00
3.281000000000063892e+02 0.000000000000000000e+00
3.282000000000064119e+02 0.000000000000000000e+00
3.283000000000064347e+02 0.000000000000000000e+00
3.284000000000064574e+02 0.000000000000000000e+00
3.285000000000064801e+02 0.000000000000000000e+00
3.286000000000065029e+02 0.000000000000000000e+00
3.287000000000065256e+02 0.000000000000000000e+00
3.288000000000065484e+02 0.000000000000000000e+00
3.289000000000065711e+02 0.000000000000000000e+00
3.290000000000065938e+02 0.000000000000000000e+00
3.291000000000066166e+02 0.000000000000000000e+00
3.292000000000066393e+02 0.000000000000000000e+00
3.293000000000066620e+02 0.000000000000000000e+00
3.294000000000066848e+02 0.000000000000000000e+00
3.295000000000067075e+02 0.000000000000000000e+00
3.296000000000067303e+02 0.000000000000000000e+00
3.297000000000067530e+02 0.000000000000000000e+00
3.298000000000067757e+02 0.000000000000000000e+00
3.299000000000067985e+02 0.000000000000000000e+00
3.300000000000068212e+02 0.000000000000000000e+00
3.301000000000068439e+02 0.000000000000000000e+00
3.302000000000068667e+02 0.000000000000000000e+00
3.303000000000068894e+02 0.000000000000000000e+00
3.304000000000069122e+02 0.000000000000000000e+00
3.305000000000069349e+02 0.000000000000000000e+00
3.306000000000069576e+02 0.000000000000000000e+00
3.307000000000069804e+02 0.000000000000000000e+00
3.308000000000070031e+02 0.000000000000000000e+00
3.309000000000070258e+02 0.000000000000000000e+00
3.310000000000070486e+02 0.000000000000000000e+00
3.311000000000070713e+02 0.000000000000000000e+00
3.312000000000070941e+02 0.000000000000000000e+00
3.313000000000071168e+02 0.000000000000000000e+00
3.314000000000071395e+02 0.000000000000000000e+00
3.315000000000071623e+02 0.000000000000000000e+00
3.316000000000071850e+02 0.000000000000000000e+00
3.317000000000072077e+02 0.000000000000000000e+00
3.318000000000072305e+02 0.000000000000000000e+00
3.319000000000072532e+02 0.000000000000000000e+00
3.320000000000072760e+02 0.000000000000000000e+00
3.321000000000072987e+02 0.000000000000000000e+00
3.322000000000073214e+02 0.000000000000000000e+00
3.323000000000073442e+02 0.000000000000000000e+00
3.324000000000073669e+02 0.000000000000000000e+00
3.325000000000073896e+02 0.000000000000000000e+00
3.326000000000074124e+02 0.000000000000000000e+00
3.327000000000074351e+02 0.000000000000000000e+00
3.328000000000074579e+02 0.000000000000000000e+00
3.329000000000074806e+02 0.000000000000000000e+00
3.330000000000075033e+02 0.000000000000000000e+00
3.331000000000075261e+02 0.000000000000000000e+00
3.332000000000075488e+02 0.000000000000000000e+00
3.333000000000075715e+02 0.000000000000000000e+00
3.334000000000075943e+02 0.000000000000000000e+00
3.335000000000076170e+02 0.000000000000000000e+00
3.336000000000076398e+02 0.000000000000000000e+00
3.337000000000076625e+02 0.000000000000000000e+00
3.338000000000076852e+02 0.000000000000000000e+00
3.339000000000077080e+02 0.000000000000000000e+00
3.340000000000077307e+02 0.000000000000000000e+00
3.341000000000077534e+02 0.000000000000000000e+00
3.342000000000077762e+02 0.000000000000000000e+00
3.343000000000077989e+02 0.000000000000000000e+00
3.344000000000078217e+02 0.000000000000000000e+00
3.345000000000078444e+02 0.000000000000000000e+00
3.346000000000078671e+02 0.000000000000000000e+00
3.347000000000078899e+02 0.000000000000000000e+00
3.348000000000079126e+02 0.000000000000000000e+00
3.349000000000079353e+02 0.000000000000000000e+00
3.350000000000079581e+02 0.000000000000000000e+00
3.351000000000079808e+02 0.000000000000000000e+00
3.352000000000080036e+02 0.000000000000000000e+00
3.353000000000080263e+02 0.000000000000000000e+00
3.354000000000080490e+02 0.000000000000000000e+00
3.355000000000080718e+02 0.000000000000000000e+00
3.356000000000080945e+02 0.000000000000000000e+00
3.357000000000081172e+02 0.000000000000000000e+00
3.358000000000081400e+02 0.000000000000000000e+00
3.359000000000081627e+02 0.000000000000000000e+00
3.360000000000081855e+02 0.000000000000000000e+00
3.361000000000082082e+02 0.000000000000000000e+00
3.362000000000082309e+02 0.000000000000000000e+00
3.363000000000082537e+02 0.000000000000000000e+00
3.364000000000082764e+02 0.000000000000000000e+00
3.365000000000082991e+02 0.000000000000000000e+00
3.366000000000083219e+02 0.000000000000000000e+00
3.367000000000083446e+02 0.000000000000000000e+00
3.368000000000083674e+02 0.000000000000000000e+00
3.369000000000083901e+02 0.000000000000000000e+00
3.370000000000084128e+02 0.000000000000000000e+00
3.371000000000084356e+02 0.000000000000000000e+00
3.372000000000084583e+02 0.000000000000000000e+00
3.373000000000084810e+02 0.000000000000000000e+00
3.374000000000085038e+02 0.000000000000000000e+00
3.375000000000085265e+02 0.000000000000000000e+00
3.376000000000085493e+02 0.000000000000000000e+00
3.377000000000085720e+02 0.000000000000000000e+00
3.378000000000085947e+02 0.000000000000000000e+00
3.379000000000086175e+02 0.000000000000000000e+00
3.380000000000086402e+02 0.000000000000000000e+00
3.381000000000086629e+02 0.000000000000000000e+00
3.382000000000086857e+02 0.000000000000000000e+00
3.383000000000087084e+02 0.000000000000000000e+00
3.384000000000087311e+02 0.000000000000000000e+00
3.385000000000087539e+02 0.000000000000000000e+00
3.386000000000087766e+02 0.000000000000000000e+00
3.387000000000087994e+02 0.000000000000000000e+00
3.388000000000088221e+02 0.000000000000000000e+00
3.389000000000088448e+02 0.000000000000000000e+00
3.390000000000088676e+02 0.000000000000000000e+00
3.391000000000088903e+02 0.000000000000000000e+00
3.392000000000089130e+02 0.000000000000000000e+00
3.393000000000089358e+02 0.000000000000000000e+00
3.394000000000089585e+02 0.000000000000000000e+00
3.395000000000089813e+02 0.000000000000000000e+00
3.396000000000090040e+02 0.000000000000000000e+00
3.397000000000090267e+02 0.000000000000000000e+00
3.398000000000090495e+02 0.000000000000000000e+00
3.399000000000090722e+02 0.000000000000000000e+00
3.400000000000090949e+02 0.000000000000000000e+00
3.401000000000091177e+02 0.000000000000000000e+00
3.402000000000091404e+02 0.000000000000000000e+00
3.403000000000091632e+02 0.000000000000000000e+00
3.404000000000091859e+02 0.000000000000000000e+00
3.405000000000092086e+02 0.000000000000000000e+00
3.406000000000092314e+02 0.000000000000000000e+00
3.407000000000092541e+02 0.000000000000000000e+00
3.408000000000092768e+02 0.000000000000000000e+00
3.409000000000092996e+02 0.000000000000000000e+00
3.410000000000093223e+02 0.000000000000000000e+00
3.411000000000093451e+02 0.000000000000000000e+00
3.412000000000093678e+02 0.000000000000000000e+00
3.413000000000093905e+02 0.000000000000000000e+00
3.414000000000094133e+02 0.000000000000000000e+00
3.415000000000094360e+02 0.000000000000000000e+00
3.416000000000094587e+02 0.000000000000000000e+00
3.417000000000094815e+02 0.000000000000000000e+00
3.418000000000095042e+02 0.000000000000000000e+00
3.419000000000095270e+02 0.000000000000000000e+00
3.420000000000095497e+02 0.000000000000000000e+00
3.421000000000095724e+02 0.000000000000000000e+00
3.422000000000095952e+02 0.000000000000000000e+00
3.423000000000096179e+02 0.000000000000000000e+00
3.424000000000096406e+02 0.000000000000000000e+00
3.425000000000096634e+02 0.000000000000000000e+00
3.426000000000096861e+02 0.000000000000000000e+00
3.427000000000097089e+02 0.000000000000000000e+00
3.428000000000097316e+02 0.000000000000000000e+00
3.429000000000097543e+02 0.000000000000000000e+00
3.430000000000097771e+02 0.000000000000000000e+00
3.431000000000097998e+02 0.000000000000000000e+00
3.432000000000098225e+02 0.000000000000000000e+00
3.433000000000098453e+02 0.000000000000000000e+00
3.434000000000098680e+02 0.000000000000000000e+00
3.435000000000098908e+02 0.000000000000000000e+00
3.436000000000099135e+02 0.000000000000000000e+00
3.437000000000099362e+02 0.000000000000000000e+00
3.438000000000099590e+02 0.000000000000000000e+00
3.439000000000099817e+02 0.000000000000000000e+00
3.440000000000100044e+02 0.000000000000000000e+00
3.441000000000100272e+02 0.000000000000000000e+00
3.442000000000100499e+02 0.000000000000000000e+00
3.443000000000100727e+02 0.000000000000000000e+00
3.444000000000100954e+02 0.000000000000000000e+00
3.445000000000101181e+02 0.000000000000000000e+00
3.446000000000101409e+02 0.000000000000000000e+00
3.447000000000101636e+02 0.000000000000000000e+00
3.448000000000101863e+02 0.000000000000000000e+00
3.449000000000102091e+02 0.000000000000000000e+00
3.450000000000102318e+02 0.000000000000000000e+00
3.451000000000102546e+02 0.000000000000000000e+00
3.452000000000102773e+02 0.000000000000000000e+00
3.453000000000103000e+02 0.000000000000000000e+00
3.454000000000103228e+02 0.000000000000000000e+00
3.455000000000103455e+02 0.000000000000000000e+00
3.456000000000103682e+02 0.000000000000000000e+00
3.457000000000103910e+02 0.000000000000000000e+00
3.458000000000104137e+02 0.000000000000000000e+00
3.459000000000104365e+02 0.000000000000000000e+00
3.460000000000104592e+02 0.000000000000000000e+00
3.461000000000104819e+02 0.000000000000000000e+00
3.462000000000105047e+02 0.000000000000000000e+00
3.463000000000105274e+02 0.000000000000000000e+00
3.464000000000105501e+02 0.000000000000000000e+00
3.465000000000105729e+02 0.000000000000000000e+00
3.466000000000105956e+02 0.000000000000000000e+00
3.467000000000106184e+02 0.000000000000000000e+00
3.468000000000106411e+02 0.000000000000000000e+00
3.469000000000106638e+02 0.000000000000000000e+00
3.470000000000106866e+02 0.000000000000000000e+00
3.471000000000107093e+02 0.000000000000000000e+00
3.472000000000107320e+02 0.000000000000000000e+00
3.473000000000107548e+02 0.000000000000000000e+00
3.474000000000107775e+02 0.000000000000000000e+00
3.475000000000108002e+02 0.000000000000000000e+00
3.476000000000108230e+02 0.000000000000000000e+00
3.477000000000108457e+02 0.000000000000000000e+00
3.478000000000108685e+02 0.000000000000000000e+00
3.479000000000108912e+02 0.000000000000000000e+00
3.480000000000109139e+02 0.000000000000000000e+00
3.481000000000109367e+02 0.000000000000000000e+00
3.482000000000109594e+02 0.000000000000000000e+00
3.483000000000109821e+02 0.000000000000000000e+00
3.484000000000110049e+02 0.000000000000000000e+00
3.485000000000110276e+02 0.000000000000000000e+00
3.486000000000110504e+02 0.000000000000000000e+00
3.487000000000110731e+02 0.000000000000000000e+00
3.488000000000110958e+02 0.000000000000000000e+00
3.489000000000111186e+02 0.000000000000000000e+00
3.490000000000111413e+02 0.000000000000000000e+00
3.491000000000111640e+02 0.000000000000000000e+00
3.492000000000111868e+02 0.000000000000000000e+00
3.493000000000112095e+02 0.000000000000000000e+00
3.494000000000112323e+02 0.000000000000000000e+00
3.495000000000112550e+02 0.000000000000000000e+00
3.496000000000112777e+02 0.000000000000000000e+00
3.497000000000113005e+02 0.000000000000000000e+00
3.498000000000113232e+02 0.000000000000000000e+00
3.499000000000113459e+02 0.000000000000000000e+00
3.500000000000113687e+02 0.000000000000000000e+00
3.501000000000113914e+02 0.000000000000000000e+00
3.502000000000114142e+02 0.000000000000000000e+00
3.503000000000114369e+02 0.000000000000000000e+00
3.504000000000114596e+02 0.000000000000000000e+00
3.505000000000114824e+02 0.000000000000000000e+00
3.506000000000115051e+02 0.000000000000000000e+00
3.507000000000115278e+02 0.000000000000000000e+00
3.508000000000115506e+02 0.000000000000000000e+00
3.509000000000115733e+02 0.000000000000000000e+00
3.510000000000115961e+02 0.000000000000000000e+00
3.511000000000116188e+02 0.000000000000000000e+00
3.512000000000116415e+02 0.000000000000000000e+00
3.513000000000116643e+02 0.000000000000000000e+00
3.514000000000116870e+02 0.000000000000000000e+00
3.515000000000117097e+02 0.000000000000000000e+00
3.516000000000117325e+02 0.000000000000000000e+00
3.517000000000117552e+02 0.000000000000000000e+00
3.518000000000117780e+02 0.000000000000000000e+00
3.519000000000118007e+02 0.000000000000000000e+00
3.520000000000118234e+02 0.000000000000000000e+00
3.521000000000118462e+02 0.000000000000000000e+00
3.522000000000118689e+02 0.000000000000000000e+00
3.523000000000118916e+02 0.000000000000000000e+00
3.524000000000119144e+02 0.000000000000000000e+00
3.525000000000119371e+02 0.000000000000000000e+00
3.526000000000119599e+02 0.000000000000000000e+00
3.527000000000119826e+02 0.000000000000000000e+00
3.528000000000120053e+02 0.000000000000000000e+00
3.529000000000120281e+02 0.000000000000000000e+00
3.530000000000120508e+02 0.000000000000000000e+00
3.531000000000120735e+02 0.000000000000000000e+00
3.532000000000120963e+02 0.000000000000000000e+00
3.533000000000121190e+02 0.000000000000000000e+00
3.534000000000121418e+02 0.000000000000000000e+00
3.535000000000121645e+02 0.000000000000000000e+00
3.536000000000121872e+02 0.000000000000000000e+00
3.537000000000122100e+02 0.000000000000000000e+00
3.538000000000122327e+02 0.000000000000000000e+00
3.539000000000122554e+02 0.000000000000000000e+00
3.540000000000122782e+02 0.000000000000000000e+00
3.541000000000123009e+02 0.000000000000000000e+00
3.542000000000123237e+02 0.000000000000000000e+00
3.543000000000123464e+02 0.000000000000000000e+00
3.544000000000123691e+02 0.000000000000000000e+00
3.545000000000123919e+02 0.000000000000000000e+00
3.546000000000124146e+02 0.000000000000000000e+00
3.547000000000124373e+02 0.000000000000000000e+00
3.548000000000124601e+02 0.000000000000000000e+00
3.549000000000124828e+02 0.000000000000000000e+00
3.550000000000125056e+02 0.000000000000000000e+00
3.551000000000125283e+02 0.000000000000000000e+00
3.552000000000125510e+02 0.000000000000000000e+00
3.553000000000125738e+02 0.000000000000000000e+00
3.554000000000125965e+02 0.000000000000000000e+00
3.555000000000126192e+02 0.000000000000000000e+00
3.556000000000126420e+02 0.000000000000000000e+00
3.557000000000126647e+02 0.000000000000000000e+00
3.558000000000126875e+02 0.000000000000000000e+00
3.559000000000127102e+02 0.000000000000000000e+00
3.560000000000127329e+02 0.000000000000000000e+00
3.561000000000127557e+02 0.000000000000000000e+00
3.562000000000127784e+02 0.000000000000000000e+00
3.563000000000128011e+02 0.000000000000000000e+00
3.564000000000128239e+02 0.000000000000000000e+00
3.565000000000128466e+02 0.000000000000000000e+00
3.566000000000128694e+02 0.000000000000000000e+00
3.567000000000128921e+02 0.000000000000000000e+00
3.568000000000129148e+02 0.000000000000000000e+00
3.569000000000129376e+02 0.000000000000000000e+00
3.570000000000129603e+02 0.000000000000000000e+00
3.571000000000129830e+02 0.000000000000000000e+00
3.572000000000130058e+02 0.000000000000000000e+00
3.573000000000130285e+02 0.000000000000000000e+00
3.574000000000130512e+02 0.000000000000000000e+00
3.575000000000130740e+02 0.000000000000000000e+00
3.576000000000130967e+02 0.000000000000000000e+00
3.577000000000131195e+02 0.000000000000000000e+00
3.578000000000131422e+02 0.000000000000000000e+00
3.579000000000131649e+02 0.000000000000000000e+00
3.580000000000131877e+02 0.000000000000000000e+00
3.581000000000132104e+02 0.000000000000000000e+00
3.582000000000132331e+02 0.000000000000000000e+00
3.583000000000132559e+02 0.000000000000000000e+00
3.584000000000132786e+02 0.000000000000000000e+00
3.585000000000133014e+02 0.000000000000000000e+00
3.586000000000133241e+02 0.000000000000000000e+00
3.587000000000133468e+02 0.000000000000000000e+00
3.588000000000133696e+02 0.000000000000000000e+00
3.589000000000133923e+02 0.000000000000000000e+00
3.590000000000134150e+02 0.000000000000000000e+00
3.591000000000134378e+02 0.000000000000000000e+00
3.592000000000134605e+02 0.000000000000000000e+00
3.593000000000134833e+02 0.000000000000000000e+00
3.594000000000135060e+02 0.000000000000000000e+00
3.595000000000135287e+02 0.000000000000000000e+00
3.596000000000135515e+02 0.000000000000000000e+00
3.597000000000135742e+02 0.000000000000000000e+00
3.598000000000135969e+02 0.000000000000000000e+00
3.599000000000136197e+02 0.000000000000000000e+00
3.600000000000136424e+02 0.000000000000000000e+00
3.601000000000136652e+02 0.000000000000000000e+00
3.602000000000136879e+02 0.000000000000000000e+00
3.603000000000137106e+02 0.000000000000000000e+00
3.604000000000137334e+02 0.000000000000000000e+00
3.605000000000137561e+02 0.000000000000000000e+00
3.606000000000137788e+02 0.000000000000000000e+00
3.607000000000138016e+02 0.000000000000000000e+00
3.608000000000138243e+02 0.000000000000000000e+00
3.609000000000138471e+02 0.000000000000000000e+00
3.610000000000138698e+02 0.000000000000000000e+00
3.611000000000138925e+02 0.000000000000000000e+00
3.612000000000139153e+02 0.000000000000000000e+00
3.613000000000139380e+02 0.000000000000000000e+00
3.614000000000139607e+02 0.000000000000000000e+00
3.615000000000139835e+02 0.000000000000000000e+00
3.616000000000140062e+02 0.000000000000000000e+00
3.617000000000140290e+02 0.000000000000000000e+00
3.618000000000140517e+02 0.000000000000000000e+00
3.619000000000140744e+02 0.000000000000000000e+00
3.620000000000140972e+02 0.000000000000000000e+00
3.621000000000141199e+02 0.000000000000000000e+00
3.622000000000141426e+02 0.000000000000000000e+00
3.623000000000141654e+02 0.000000000000000000e+00
3.624000000000141881e+02 0.000000000000000000e+00
3.625000000000142109e+02 0.000000000000000000e+00
3.626000000000142336e+02 0.000000000000000000e+00
3.627000000000142563e+02 0.000000000000000000e+00
3.628000000000142791e+02 0.000000000000000000e+00
3.629000000000143018e+02 0.000000000000000000e+00
3.630000000000143245e+02 0.000000000000000000e+00
3.631000000000143473e+02 0.000000000000000000e+00
3.632000000000143700e+02 0.000000000000000000e+00
3.633000000000143928e+02 0.000000000000000000e+00
3.634000000000144155e+02 0.000000000000000000e+00
3.635000000000144382e+02 0.000000000000000000e+00
3.636000000000144610e+02 0.000000000000000000e+00
3.637000000000144837e+02 0.000000000000000000e+00
3.638000000000145064e+02 0.000000000000000000e+00
3.639000000000145292e+02 0.000000000000000000e+00
3.640000000000145519e+02 0.000000000000000000e+00
3.641000000000145747e+02 0.000000000000000000e+00
3.642000000000145974e+02 0.000000000000000000e+00
3.643000000000146201e+02 0.000000000000000000e+00
3.644000000000146429e+02 0.000000000000000000e+00
3.645000000000146656e+02 0.000000000000000000e+00
3.646000000000146883e+02 0.000000000000000000e+00
3.647000000000147111e+02 0.000000000000000000e+00
3.648000000000147338e+02 0.000000000000000000e+00
3.649000000000147566e+02 0.000000000000000000e+00
3.650000000000147793e+02 0.000000000000000000e+00
3.651000000000148020e+02 0.000000000000000000e+00
3.652000000000148248e+02 0.000000000000000000e+00
3.653000000000148475e+02 0.000000000000000000e+00
3.654000000000148702e+02 0.000000000000000000e+00
3.655000000000148930e+02 0.000000000000000000e+00
3.656000000000149157e+02 0.000000000000000000e+00
3.657000000000149385e+02 0.000000000000000000e+00
3.658000000000149612e+02 0.000000000000000000e+00
3.659000000000149839e+02 0.000000000000000000e+00
3.660000000000150067e+02 0.000000000000000000e+00
3.661000000000150294e+02 0.000000000000000000e+00
3.662000000000150521e+02 0.000000000000000000e+00
3.663000000000150749e+02 0.000000000000000000e+00
3.664000000000150976e+02 0.000000000000000000e+00
3.665000000000151203e+02 0.000000000000000000e+00
3.666000000000151431e+02 0.000000000000000000e+00
3.667000000000151658e+02 0.000000000000000000e+00
3.668000000000151886e+02 0.000000000000000000e+00
3.669000000000152113e+02 0.000000000000000000e+00
3.670000000000152340e+02 0.000000000000000000e+00
3.671000000000152568e+02 0.000000000000000000e+00
3.672000000000152795e+02 0.000000000000000000e+00
3.673000000000153022e+02 0.000000000000000000e+00
3.674000000000153250e+02 0.000000000000000000e+00
3.675000000000153477e+02 0.000000000000000000e+00
3.676000000000153705e+02 0.000000000000000000e+00
3.677000000000153932e+02 0.000000000000000000e+00
3.678000000000154159e+02 0.000000000000000000e+00
3.679000000000154387e+02 0.000000000000000000e+00
3.680000000000154614e+02 0.000000000000000000e+00
3.681000000000154841e+02 0.000000000000000000e+00
3.682000000000155069e+02 0.000000000000000000e+00
3.683000000000155296e+02 0.000000000000000000e+00
3.684000000000155524e+02 0.000000000000000000e+00
3.685000000000155751e+02 0.000000000000000000e+00
3.686000000000155978e+02 0.000000000000000000e+00
3.687000000000156206e+02 0.000000000000000000e+00
3.688000000000156433e+02 0.000000000000000000e+00
3.689000000000156660e+02 0.000000000000000000e+00
3.690000000000156888e+02 0.000000000000000000e+00
3.691000000000157115e+02 0.000000000000000000e+00
3.692000000000157343e+02 0.000000000000000000e+00
3.693000000000157570e+02 0.000000000000000000e+00
3.694000000000157797e+02 0.000000000000000000e+00
3.695000000000158025e+02 0.000000000000000000e+00
3.696000000000158252e+02 0.000000000000000000e+00
3.697000000000158479e+02 0.000000000000000000e+00
3.698000000000158707e+02 0.000000000000000000e+00
3.699000000000158934e+02 0.000000000000000000e+00
3.700000000000159162e+02 0.000000000000000000e+00
3.701000000000159389e+02 0.000000000000000000e+00
3.702000000000159616e+02 0.000000000000000000e+00
3.703000000000159844e+02 0.000000000000000000e+00
3.704000000000160071e+02 0.000000000000000000e+00
3.705000000000160298e+02 0.000000000000000000e+00
3.706000000000160526e+02 0.000000000000000000e+00
3.707000000000160753e+02 0.000000000000000000e+00
3.708000000000160981e+02 0.000000000000000000e+00
3.709000000000161208e+02 0.000000000000000000e+00
3.710000000000161435e+02 0.000000000000000000e+00
3.711000000000161663e+02 0.000000000000000000e+00
3.712000000000161890e+02 0.000000000000000000e+00
3.713000000000162117e+02 0.000000000000000000e+00
3.714000000000162345e+02 0.000000000000000000e+00
3.715000000000162572e+02 0.000000000000000000e+00
3.716000000000162800e+02 0.000000000000000000e+00
3.717000000000163027e+02 0.000000000000000000e+00
3.718000000000163254e+02 0.000000000000000000e+00
3.719000000000163482e+02 0.000000000000000000e+00
3.720000000000163709e+02 0.000000000000000000e+00
3.721000000000163936e+02 0.000000000000000000e+00
3.722000000000164164e+02 0.000000000000000000e+00
3.723000000000164391e+02 0.000000000000000000e+00
3.724000000000164619e+02 0.000000000000000000e+00
3.725000000000164846e+02 0.000000000000000000e+00
3.726000000000165073e+02 0.000000000000000000e+00
3.727000000000165301e+02 0.000000000000000000e+00
3.728000000000165528e+02 0.000000000000000000e+00
3.729000000000165755e+02 0.000000000000000000e+00
3.730000000000165983e+02 0.000000000000000000e+00
3.731000000000166210e+02 0.000000000000000000e+00
3.732000000000166438e+02 0.000000000000000000e+00
3.733000000000166665e+02 0.000000000000000000e+00
3.734000000000166892e+02 0.000000000000000000e+00
3.735000000000167120e+02 0.000000000000000000e+00
3.736000000000167347e+02 0.000000000000000000e+00
3.737000000000167574e+02 0.000000000000000000e+00
3.738000000000167802e+02 0.000000000000000000e+00
3.739000000000168029e+02 0.000000000000000000e+00
3.740000000000168257e+02 0.000000000000000000e+00
3.741000000000168484e+02 0.000000000000000000e+00
3.742000000000168711e+02 0.000000000000000000e+00
3.743000000000168939e+02 0.000000000000000000e+00
3.744000000000169166e+02 0.000000000000000000e+00
3.745000000000169393e+02 0.000000000000000000e+00
3.746000000000169621e+02 0.000000000000000000e+00
3.747000000000169848e+02 0.000000000000000000e+00
3.748000000000170076e+02 0.000000000000000000e+00
3.749000000000170303e+02 0.000000000000000000e+00
3.750000000000170530e+02 0.000000000000000000e+00
3.751000000000170758e+02 0.000000000000000000e+00
3.752000000000170985e+02 0.000000000000000000e+00
3.753000000000171212e+02 0.000000000000000000e+00
3.754000000000171440e+02 0.000000000000000000e+00
3.755000000000171667e+02 0.000000000000000000e+00
3.756000000000171894e+02 0.000000000000000000e+00
3.757000000000172122e+02 0.000000000000000000e+00
3.758000000000172349e+02 0.000000000000000000e+00
3.759000000000172577e+02 0.000000000000000000e+00
3.760000000000172804e+02 0.000000000000000000e+00
3.761000000000173031e+02 0.000000000000000000e+00
3.762000000000173259e+02 0.000000000000000000e+00
3.763000000000173486e+02 0.000000000000000000e+00
3.764000000000173713e+02 0.000000000000000000e+00
3.765000000000173941e+02 0.000000000000000000e+00
3.766000000000174168e+02 0.000000000000000000e+00
3.767000000000174396e+02 0.000000000000000000e+00
3.768000000000174623e+02 0.000000000000000000e+00
3.769000000000174850e+02 0.000000000000000000e+00
3.770000000000175078e+02 0.000000000000000000e+00
3.771000000000175305e+02 0.000000000000000000e+00
3.772000000000175532e+02 0.000000000000000000e+00
3.773000000000175760e+02 0.000000000000000000e+00
3.774000000000175987e+02 0.000000000000000000e+00
3.775000000000176215e+02 0.000000000000000000e+00
3.776000000000176442e+02 0.000000000000000000e+00
3.777000000000176669e+02 0.000000000000000000e+00
3.778000000000176897e+02 0.000000000000000000e+00
3.779000000000177124e+02 0.000000000000000000e+00
3.780000000000177351e+02 0.000000000000000000e+00
3.781000000000177579e+02 0.000000000000000000e+00
3.782000000000177806e+02 0.000000000000000000e+00
3.783000000000178034e+02 0.000000000000000000e+00
3.784000000000178261e+02 0.000000000000000000e+00
3.785000000000178488e+02 0.000000000000000000e+00
3.786000000000178716e+02 0.000000000000000000e+00
3.787000000000178943e+02 0.000000000000000000e+00
3.788000000000179170e+02 0.000000000000000000e+00
3.789000000000179398e+02 0.000000000000000000e+00
3.790000000000179625e+02 0.000000000000000000e+00
3.791000000000179853e+02 0.000000000000000000e+00
3.792000000000180080e+02 0.000000000000000000e+00
3.793000000000180307e+02 0.000000000000000000e+00
3.794000000000180535e+02 0.000000000000000000e+00
3.795000000000180762e+02 0.000000000000000000e+00
3.796000000000180989e+02 0.000000000000000000e+00
3.797000000000181217e+02 0.000000000000000000e+00
3.798000000000181444e+02 0.000000000000000000e+00
3.799000000000181672e+02 0.000000000000000000e+00
3.800000000000181899e+02 0.000000000000000000e+00
3.801000000000182126e+02 0.000000000000000000e+00
3.802000000000182354e+02 0.000000000000000000e+00
3.803000000000182581e+02 0.000000000000000000e+00
3.804000000000182808e+02 0.000000000000000000e+00
3.805000000000183036e+02 0.000000000000000000e+00
3.806000000000183263e+02 0.000000000000000000e+00
3.807000000000183491e+02 0.000000000000000000e+00
3.808000000000183718e+02 0.000000000000000000e+00
3.809000000000183945e+02 0.000000000000000000e+00
3.810000000000184173e+02 0.000000000000000000e+00
3.811000000000184400e+02 0.000000000000000000e+00
3.812000000000184627e+02 0.000000000000000000e+00
3.813000000000184855e+02 0.000000000000000000e+00
3.814000000000185082e+02 0.000000000000000000e+00
3.815000000000185310e+02 0.000000000000000000e+00
3.816000000000185537e+02 0.000000000000000000e+00
3.817000000000185764e+02 0.000000000000000000e+00
3.818000000000185992e+02 0.000000000000000000e+00
3.819000000000186219e+02 0.000000000000000000e+00
3.820000000000186446e+02 0.000000000000000000e+00
3.821000000000186674e+02 0.000000000000000000e+00
3.822000000000186901e+02 0.000000000000000000e+00
3.823000000000187129e+02 0.000000000000000000e+00
3.824000000000187356e+02 0.000000000000000000e+00
3.825000000000187583e+02 0.000000000000000000e+00
3.826000000000187811e+02 0.000000000000000000e+00
3.827000000000188038e+02 0.000000000000000000e+00
3.828000000000188265e+02 0.000000000000000000e+00
3.829000000000188493e+02 0.000000000000000000e+00
3.830000000000188720e+02 0.000000000000000000e+00
3.831000000000188948e+02 0.000000000000000000e+00
3.832000000000189175e+02 0.000000000000000000e+00
3.833000000000189402e+02 0.000000000000000000e+00
3.834000000000189630e+02 0.000000000000000000e+00
3.835000000000189857e+02 0.000000000000000000e+00
3.836000000000190084e+02 0.000000000000000000e+00
3.837000000000190312e+02 0.000000000000000000e+00
3.838000000000190539e+02 0.000000000000000000e+00
3.839000000000190767e+02 0.000000000000000000e+00
3.840000000000190994e+02 0.000000000000000000e+00
3.841000000000191221e+02 0.000000000000000000e+00
3.842000000000191449e+02 0.000000000000000000e+00
3.843000000000191676e+02 0.000000000000000000e+00
3.844000000000191903e+02 0.000000000000000000e+00
3.845000000000192131e+02 0.000000000000000000e+00
3.846000000000192358e+02 0.000000000000000000e+00
3.847000000000192586e+02 0.000000000000000000e+00
3.848000000000192813e+02 0.000000000000000000e+00
3.849000000000193040e+02 0.000000000000000000e+00
3.850000000000193268e+02 0.000000000000000000e+00
3.851000000000193495e+02 0.000000000000000000e+00
3.852000000000193722e+02 0.000000000000000000e+00
3.853000000000193950e+02 0.000000000000000000e+00
3.854000000000194177e+02 0.000000000000000000e+00
3.855000000000194404e+02 0.000000000000000000e+00
3.856000000000194632e+02 0.000000000000000000e+00
3.857000000000194859e+02 0.000000000000000000e+00
3.858000000000195087e+02 0.000000000000000000e+00
3.859000000000195314e+02 0.000000000000000000e+00
3.860000000000195541e+02 0.000000000000000000e+00
3.861000000000195769e+02 0.000000000000000000e+00
3.862000000000195996e+02 0.000000000000000000e+00
3.863000000000196223e+02 0.000000000000000000e+00
3.864000000000196451e+02 0.000000000000000000e+00
3.865000000000196678e+02 0.000000000000000000e+00
3.866000000000196906e+02 0.000000000000000000e+00
3.867000000000197133e+02 0.000000000000000000e+00
3.868000000000197360e+02 0.000000000000000000e+00
3.869000000000197588e+02 0.000000000000000000e+00
3.870000000000197815e+02 0.000000000000000000e+00
3.871000000000198042e+02 0.000000000000000000e+00
3.872000000000198270e+02 0.000000000000000000e+00
3.873000000000198497e+02 0.000000000000000000e+00
3.874000000000198725e+02 0.000000000000000000e+00
3.875000000000198952e+02 0.000000000000000000e+00
3.876000000000199179e+02 0.000000000000000000e+00
3.877000000000199407e+02 0.000000000000000000e+00
3.878000000000199634e+02 0.000000000000000000e+00
3.879000000000199861e+02 0.000000000000000000e+00
3.880000000000200089e+02 0.000000000000000000e+00
3.881000000000200316e+02 0.000000000000000000e+00
3.882000000000200544e+02 0.000000000000000000e+00
3.883000000000200771e+02 0.000000000000000000e+00
3.884000000000200998e+02 0.000000000000000000e+00
3.885000000000201226e+02 0.000000000000000000e+00
3.886000000000201453e+02 0.000000000000000000e+00
3.887000000000201680e+02 0.000000000000000000e+00
3.888000000000201908e+02 0.000000000000000000e+00
3.889000000000202135e+02 0.000000000000000000e+00
3.890000000000202363e+02 0.000000000000000000e+00
3.891000000000202590e+02 0.000000000000000000e+00
3.892000000000202817e+02 0.000000000000000000e+00
3.893000000000203045e+02 0.000000000000000000e+00
3.894000000000203272e+02 0.000000000000000000e+00
3.895000000000203499e+02 0.000000000000000000e+00
3.896000000000203727e+02 0.000000000000000000e+00
3.897000000000203954e+02 0.000000000000000000e+00
3.898000000000204182e+02 0.000000000000000000e+00
3.899000000000204409e+02 0.000000000000000000e+00
3.900000000000204636e+02 0.000000000000000000e+00
3.901000000000204864e+02 0.000000000000000000e+00
3.902000000000205091e+02 0.000000000000000000e+00
3.903000000000205318e+02 0.000000000000000000e+00
3.904000000000205546e+02 0.000000000000000000e+00
3.905000000000205773e+02 0.000000000000000000e+00
3.906000000000206001e+02 0.000000000000000000e+00
3.907000000000206228e+02 0.000000000000000000e+00
3.908000000000206455e+02 0.000000000000000000e+00
3.909000000000206683e+02 0.000000000000000000e+00
3.910000000000206910e+02 0.000000000000000000e+00
3.911000000000207137e+02 0.000000000000000000e+00
3.912000000000207365e+02 0.000000000000000000e+00
3.913000000000207592e+02 0.000000000000000000e+00
3.914000000000207820e+02 0.000000000000000000e+00
3.915000000000208047e+02 0.000000000000000000e+00
3.916000000000208274e+02 0.000000000000000000e+00
3.917000000000208502e+02 0.000000000000000000e+00
3.918000000000208729e+02 0.000000000000000000e+00
3.919000000000208956e+02 0.000000000000000000e+00
3.920000000000209184e+02 0.000000000000000000e+00
3.921000000000209411e+02 0.000000000000000000e+00
3.922000000000209639e+02 0.000000000000000000e+00
3.923000000000209866e+02 0.000000000000000000e+00
3.924000000000210093e+02 0.000000000000000000e+00
3.925000000000210321e+02 0.000000000000000000e+00
3.926000000000210548e+02 0.000000000000000000e+00
3.927000000000210775e+02 0.000000000000000000e+00
3.928000000000211003e+02 0.000000000000000000e+00
3.929000000000211230e+02 0.000000000000000000e+00
3.930000000000211458e+02 0.000000000000000000e+00
3.931000000000211685e+02 0.000000000000000000e+00
3.932000000000211912e+02 0.000000000000000000e+00
3.933000000000212140e+02 0.000000000000000000e+00
3.934000000000212367e+02 0.000000000000000000e+00
3.935000000000212594e+02 0.000000000000000000e+00
3.936000000000212822e+02 0.000000000000000000e+00
3.937000000000213049e+02 0.000000000000000000e+00
3.938000000000213277e+02 0.000000000000000000e+00
3.939000000000213504e+02 0.000000000000000000e+00
3.940000000000213731e+02 0.000000000000000000e+00
3.941000000000213959e+02 0.000000000000000000e+00
3.942000000000214186e+02 0.000000000000000000e+00
3.943000000000214413e+02 0.000000000000000000e+00
3.944000000000214641e+02 0.000000000000000000e+00
3.945000000000214868e+02 0.000000000000000000e+00
3.946000000000215095e+02 0.000000000000000000e+00
3.947000000000215323e+02 0.000000000000000000e+00
3.948000000000215550e+02 0.000000000000000000e+00
3.949000000000215778e+02 0.000000000000000000e+00
3.950000000000216005e+02 0.000000000000000000e+00
3.951000000000216232e+02 0.000000000000000000e+00
3.952000000000216460e+02 0.000000000000000000e+00
3.953000000000216687e+02 0.000000000000000000e+00
3.954000000000216914e+02 0.000000000000000000e+00
3.955000000000217142e+02 0.000000000000000000e+00
3.956000000000217369e+02 0.000000000000000000e+00
3.957000000000217597e+02 0.000000000000000000e+00
3.958000000000217824e+02 0.000000000000000000e+00
3.959000000000218051e+02 0.000000000000000000e+00
3.960000000000218279e+02 0.000000000000000000e+00
3.961000000000218506e+02 0.000000000000000000e+00
3.962000000000218733e+02 0.000000000000000000e+00
3.963000000000218961e+02 0.000000000000000000e+00
3.964000000000219188e+02 0.000000000000000000e+00
3.965000000000219416e+02 0.000000000000000000e+00
3.966000000000219643e+02 0.000000000000000000e+00
3.967000000000219870e+02 0.000000000000000000e+00
3.968000000000220098e+02 0.000000000000000000e+00
3.969000000000220325e+02 0.000000000000000000e+00
3.970000000000220552e+02 0.000000000000000000e+00
3.971000000000220780e+02 0.000000000000000000e+00
3.972000000000221007e+02 0.000000000000000000e+00
3.973000000000221235e+02 0.000000000000000000e+00
3.974000000000221462e+02 0.000000000000000000e+00
3.975000000000221689e+02 0.000000000000000000e+00
3.976000000000221917e+02 0.000000000000000000e+00
3.977000000000222144e+02 0.000000000000000000e+00
3.978000000000222371e+02 0.000000000000000000e+00
3.979000000000222599e+02 0.000000000000000000e+00
3.980000000000222826e+02 0.000000000000000000e+00
3.981000000000223054e+02 0.000000000000000000e+00
3.982000000000223281e+02 0.000000000000000000e+00
3.983000000000223508e+02 0.000000000000000000e+00
3.984000000000223736e+02 0.000000000000000000e+00
3.985000000000223963e+02 0.000000000000000000e+00
3.986000000000224190e+02 0.000000000000000000e+00
3.987000000000224418e+02 0.000000000000000000e+00
3.988000000000224645e+02 0.000000000000000000e+00
3.989000000000224873e+02 0.000000000000000000e+00
3.990000000000225100e+02 0.000000000000000000e+00
3.991000000000225327e+02 0.000000000000000000e+00
3.992000000000225555e+02 0.000000000000000000e+00
3.993000000000225782e+02 0.000000000000000000e+00
3.994000000000226009e+02 0.000000000000000000e+00
3.995000000000226237e+02 0.000000000000000000e+00
3.996000000000226464e+02 0.000000000000000000e+00
3.997000000000226692e+02 0.000000000000000000e+00
3.998000000000226919e+02 0.000000000000000000e+00
3.999000000000227146e+02 0.000000000000000000e+00
4.000000000000227374e+02 0.000000000000000000e+00
4.001000000000227601e+02 0.000000000000000000e+00
4.002000000000227828e+02 0.000000000000000000e+00
4.003000000000228056e+02 0.000000000000000000e+00
4.004000000000228283e+02 0.000000000000000000e+00
4.005000000000228511e+02 0.000000000000000000e+00
4.006000000000228738e+02 0.000000000000000000e+00
4.007000000000228965e+02 0.000000000000000000e+00
4.008000000000229193e+02 0.000000000000000000e+00
4.009000000000229420e+02 0.000000000000000000e+00
4.010000000000229647e+02 0.000000000000000000e+00
4.011000000000229875e+02 0.000000000000000000e+00
4.012000000000230102e+02 0.000000000000000000e+00
4.013000000000230330e+02 0.000000000000000000e+00
4.014000000000230557e+02 0.000000000000000000e+00
4.015000000000230784e+02 0.000000000000000000e+00
4.016000000000231012e+02 0.000000000000000000e+00
4.017000000000231239e+02 0.000000000000000000e+00
4.018000000000231466e+02 0.000000000000000000e+00
4.019000000000231694e+02 0.000000000000000000e+00
4.020000000000231921e+02 0.000000000000000000e+00
4.021000000000232149e+02 0.000000000000000000e+00
4.022000000000232376e+02 0.000000000000000000e+00
4.023000000000232603e+02 0.000000000000000000e+00
4.024000000000232831e+02 0.000000000000000000e+00
4.025000000000233058e+02 0.000000000000000000e+00
4.026000000000233285e+02 0.000000000000000000e+00
4.027000000000233513e+02 0.000000000000000000e+00
4.028000000000233740e+02 0.000000000000000000e+00
4.029000000000233968e+02 0.000000000000000000e+00
4.030000000000234195e+02 0.000000000000000000e+00
4.031000000000234422e+02 0.000000000000000000e+00
4.032000000000234650e+02 0.000000000000000000e+00
4.033000000000234877e+02 0.000000000000000000e+00
4.034000000000235104e+02 0.000000000000000000e+00
4.035000000000235332e+02 0.000000000000000000e+00
4.036000000000235559e+02 0.000000000000000000e+00
4.037000000000235787e+02 0.000000000000000000e+00
4.038000000000236014e+02 0.000000000000000000e+00
4.039000000000236241e+02 0.000000000000000000e+00
4.040000000000236469e+02 0.000000000000000000e+00
4.041000000000236696e+02 0.000000000000000000e+00
4.042000000000236923e+02 0.000000000000000000e+00
4.043000000000237151e+02 0.000000000000000000e+00
4.044000000000237378e+02 0.000000000000000000e+00
4.045000000000237605e+02 0.000000000000000000e+00
4.046000000000237833e+02 0.000000000000000000e+00
4.047000000000238060e+02 0.000000000000000000e+00
4.048000000000238288e+02 0.000000000000000000e+00
4.049000000000238515e+02 0.000000000000000000e+00
4.050000000000238742e+02 0.000000000000000000e+00
4.051000000000238970e+02 0.000000000000000000e+00
4.052000000000239197e+02 0.000000000000000000e+00
4.053000000000239424e+02 0.000000000000000000e+00
4.054000000000239652e+02 0.000000000000000000e+00
4.055000000000239879e+02 0.000000000000000000e+00
4.056000000000240107e+02 0.000000000000000000e+00
4.057000000000240334e+02 0.000000000000000000e+00
4.058000000000240561e+02 0.000000000000000000e+00
4.059000000000240789e+02 0.000000000000000000e+00
4.060000000000241016e+02 0.000000000000000000e+00
4.061000000000241243e+02 0.000000000000000000e+00
4.062000000000241471e+02 0.000000000000000000e+00
4.063000000000241698e+02 0.000000000000000000e+00
4.064000000000241926e+02 0.000000000000000000e+00
4.065000000000242153e+02 0.000000000000000000e+00
4.066000000000242380e+02 0.000000000000000000e+00
4.067000000000242608e+02 0.000000000000000000e+00
4.068000000000242835e+02 0.000000000000000000e+00
4.069000000000243062e+02 0.000000000000000000e+00
4.070000000000243290e+02 0.000000000000000000e+00
4.071000000000243517e+02 0.000000000000000000e+00
4.072000000000243745e+02 0.000000000000000000e+00
4.073000000000243972e+02 0.000000000000000000e+00
4.074000000000244199e+02 0.000000000000000000e+00
4.075000000000244427e+02 0.000000000000000000e+00
4.076000000000244654e+02 0.000000000000000000e+00
4.077000000000244881e+02 0.000000000000000000e+00
4.078000000000245109e+02 0.000000000000000000e+00
4.079000000000245336e+02 0.000000000000000000e+00
4.080000000000245564e+02 0.000000000000000000e+00
4.081000000000245791e+02 0.000000000000000000e+00
4.082000000000246018e+02 0.000000000000000000e+00
4.083000000000246246e+02 0.000000000000000000e+00
4.084000000000246473e+02 0.000000000000000000e+00
4.085000000000246700e+02 0.000000000000000000e+00
4.086000000000246928e+02 0.000000000000000000e+00
4.087000000000247155e+02 0.000000000000000000e+00
4.088000000000247383e+02 0.000000000000000000e+00
4.089000000000247610e+02 0.000000000000000000e+00
4.090000000000247837e+02 0.000000000000000000e+00
4.091000000000248065e+02 0.000000000000000000e+00
4.092000000000248292e+02 0.000000000000000000e+00
4.093000000000248519e+02 0.000000000000000000e+00
4.094000000000248747e+02 0.000000000000000000e+00
4.095000000000248974e+02 0.000000000000000000e+00
4.096000000000249202e+02 0.000000000000000000e+00
4.097000000000249429e+02 0.000000000000000000e+00
4.098000000000249656e+02 0.000000000000000000e+00
4.099000000000249884e+02 0.000000000000000000e+00
4.100000000000250111e+02 0.000000000000000000e+00
4.101000000000250338e+02 0.000000000000000000e+00
4.102000000000250566e+02 0.000000000000000000e+00
4.103000000000250793e+02 0.000000000000000000e+00
4.104000000000251021e+02 0.000000000000000000e+00
4.105000000000251248e+02 0.000000000000000000e+00
4.106000000000251475e+02 0.000000000000000000e+00
4.107000000000251703e+02 0.000000000000000000e+00
4.108000000000251930e+02 0.000000000000000000e+00
4.109000000000252157e+02 0.000000000000000000e+00
4.110000000000252385e+02 0.000000000000000000e+00
4.111000000000252612e+02 0.000000000000000000e+00
4.112000000000252840e+02 0.000000000000000000e+00
4.113000000000253067e+02 0.000000000000000000e+00
4.114000000000253294e+02 0.000000000000000000e+00
4.115000000000253522e+02 0.000000000000000000e+00
4.116000000000253749e+02 0.000000000000000000e+00
4.117000000000253976e+02 0.000000000000000000e+00
4.118000000000254204e+02 0.000000000000000000e+00
4.119000000000254431e+02 0.000000000000000000e+00
4.120000000000254659e+02 0.000000000000000000e+00
4.121000000000254886e+02 0.000000000000000000e+00
4.122000000000255113e+02 0.000000000000000000e+00
4.123000000000255341e+02 0.000000000000000000e+00
4.124000000000255568e+02 0.000000000000000000e+00
4.125000000000255795e+02 0.000000000000000000e+00
4.126000000000256023e+02 0.000000000000000000e+00
4.127000000000256250e+02 0.000000000000000000e+00
4.128000000000256478e+02 0.000000000000000000e+00
4.129000000000256705e+02 0.000000000000000000e+00
4.130000000000256932e+02 0.000000000000000000e+00
4.131000000000257160e+02 0.000000000000000000e+00
4.132000000000257387e+02 0.000000000000000000e+00
4.133000000000257614e+02 0.000000000000000000e+00
4.134000000000257842e+02 0.000000000000000000e+00
4.135000000000258069e+02 0.000000000000000000e+00
4.136000000000258296e+02 0.000000000000000000e+00
4.137000000000258524e+02 0.000000000000000000e+00
4.138000000000258751e+02 0.000000000000000000e+00
4.139000000000258979e+02 0.000000000000000000e+00
4.140000000000259206e+02 0.000000000000000000e+00
4.141000000000259433e+02 0.000000000000000000e+00
4.142000000000259661e+02 0.000000000000000000e+00
4.143000000000259888e+02 0.000000000000000000e+00
4.144000000000260115e+02 0.000000000000000000e+00
4.145000000000260343e+02 0.000000000000000000e+00
4.146000000000260570e+02 0.000000000000000000e+00
4.147000000000260798e+02 0.000000000000000000e+00
4.148000000000261025e+02 0.000000000000000000e+00
4.149000000000261252e+02 0.000000000000000000e+00
4.150000000000261480e+02 0.000000000000000000e+00
4.151000000000261707e+02 0.000000000000000000e+00
4.152000000000261934e+02 0.000000000000000000e+00
4.153000000000262162e+02 0.000000000000000000e+00
4.154000000000262389e+02 0.000000000000000000e+00
4.155000000000262617e+02 0.000000000000000000e+00
4.156000000000262844e+02 0.000000000000000000e+00
4.157000000000263071e+02 0.000000000000000000e+00
4.158000000000263299e+02 0.000000000000000000e+00
4.159000000000263526e+02 0.000000000000000000e+00
4.160000000000263753e+02 0.000000000000000000e+00
4.161000000000263981e+02 0.000000000000000000e+00
4.162000000000264208e+02 0.000000000000000000e+00
4.163000000000264436e+02 0.000000000000000000e+00
4.164000000000264663e+02 0.000000000000000000e+00
4.165000000000264890e+02 0.000000000000000000e+00
4.166000000000265118e+02 0.000000000000000000e+00
4.167000000000265345e+02 0.000000000000000000e+00
4.168000000000265572e+02 0.000000000000000000e+00
4.169000000000265800e+02 0.000000000000000000e+00
4.170000000000266027e+02 0.000000000000000000e+00
4.171000000000266255e+02 0.000000000000000000e+00
4.172000000000266482e+02 0.000000000000000000e+00
4.173000000000266709e+02 0.000000000000000000e+00
4.174000000000266937e+02 0.000000000000000000e+00
4.175000000000267164e+02 0.000000000000000000e+00
4.176000000000267391e+02 0.000000000000000000e+00
4.177000000000267619e+02 0.000000000000000000e+00
4.178000000000267846e+02 0.000000000000000000e+00
4.179000000000268074e+02 0.000000000000000000e+00
4.180000000000268301e+02 0.000000000000000000e+00
4.181000000000268528e+02 0.000000000000000000e+00
4.182000000000268756e+02 0.000000000000000000e+00
4.183000000000268983e+02 0.000000000000000000e+00
4.184000000000269210e+02 0.000000000000000000e+00
4.185000000000269438e+02 0.000000000000000000e+00
4.186000000000269665e+02 0.000000000000000000e+00
4.187000000000269893e+02 0.000000000000000000e+00
4.188000000000270120e+02 0.000000000000000000e+00
4.189000000000270347e+02 0.000000000000000000e+00
4.190000000000270575e+02 0.000000000000000000e+00
4.191000000000270802e+02 0.000000000000000000e+00
4.192000000000271029e+02 0.000000000000000000e+00
4.193000000000271257e+02 0.000000000000000000e+00
4.194000000000271484e+02 0.000000000000000000e+00
4.195000000000271712e+02 0.000000000000000000e+00
4.196000000000271939e+02 0.000000000000000000e+00
4.197000000000272166e+02 0.000000000000000000e+00
4.198000000000272394e+02 0.000000000000000000e+00
4.199000000000272621e+02 0.000000000000000000e+00
4.200000000000272848e+02 0.000000000000000000e+00
4.201000000000273076e+02 0.000000000000000000e+00
4.202000000000273303e+02 0.000000000000000000e+00
4.203000000000273531e+02 0.000000000000000000e+00
4.204000000000273758e+02 0.000000000000000000e+00
4.205000000000273985e+02 0.000000000000000000e+00
4.206000000000274213e+02 0.000000000000000000e+00
4.207000000000274440e+02 0.000000000000000000e+00
4.208000000000274667e+02 0.000000000000000000e+00
4.209000000000274895e+02 0.000000000000000000e+00
4.210000000000275122e+02 0.000000000000000000e+00
4.211000000000275350e+02 0.000000000000000000e+00
4.212000000000275577e+02 0.000000000000000000e+00
4.213000000000275804e+02 0.000000000000000000e+00
4.214000000000276032e+02 0.000000000000000000e+00
4.215000000000276259e+02 0.000000000000000000e+00
4.216000000000276486e+02 0.000000000000000000e+00
4.217000000000276714e+02 0.000000000000000000e+00
4.218000000000276941e+02 0.000000000000000000e+00
4.219000000000277169e+02 0.000000000000000000e+00
4.220000000000277396e+02 0.000000000000000000e+00
4.221000000000277623e+02 0.000000000000000000e+00
4.222000000000277851e+02 0.000000000000000000e+00
4.223000000000278078e+02 0.000000000000000000e+00
4.224000000000278305e+02 0.000000000000000000e+00
4.225000000000278533e+02 0.000000000000000000e+00
4.226000000000278760e+02 0.000000000000000000e+00
4.227000000000278987e+02 0.000000000000000000e+00
4.228000000000279215e+02 0.000000000000000000e+00
4.229000000000279442e+02 0.000000000000000000e+00
4.230000000000279670e+02 0.000000000000000000e+00
4.231000000000279897e+02 0.000000000000000000e+00
4.232000000000280124e+02 0.000000000000000000e+00
4.233000000000280352e+02 0.000000000000000000e+00
4.234000000000280579e+02 0.000000000000000000e+00
4.235000000000280806e+02 0.000000000000000000e+00
4.236000000000281034e+02 0.000000000000000000e+00
4.237000000000281261e+02 0.000000000000000000e+00
4.238000000000281489e+02 0.000000000000000000e+00
4.239000000000281716e+02 0.000000000000000000e+00
4.240000000000281943e+02 0.000000000000000000e+00
4.241000000000282171e+02 0.000000000000000000e+00
4.242000000000282398e+02 0.000000000000000000e+00
4.243000000000282625e+02 0.000000000000000000e+00
4.244000000000282853e+02 0.000000000000000000e+00
4.245000000000283080e+02 0.000000000000000000e+00
4.246000000000283308e+02 0.000000000000000000e+00
4.247000000000283535e+02 0.000000000000000000e+00
4.248000000000283762e+02 0.000000000000000000e+00
4.249000000000283990e+02 0.000000000000000000e+00
4.250000000000284217e+02 0.000000000000000000e+00
4.251000000000284444e+02 0.000000000000000000e+00
4.252000000000284672e+02 0.000000000000000000e+00
4.253000000000284899e+02 0.000000000000000000e+00
4.254000000000285127e+02 0.000000000000000000e+00
4.255000000000285354e+02 0.000000000000000000e+00
4.256000000000285581e+02 0.000000000000000000e+00
4.257000000000285809e+02 0.000000000000000000e+00
4.258000000000286036e+02 0.000000000000000000e+00
4.259000000000286263e+02 0.000000000000000000e+00
4.260000000000286491e+02 0.000000000000000000e+00
4.261000000000286718e+02 0.000000000000000000e+00
4.262000000000286946e+02 0.000000000000000000e+00
4.263000000000287173e+02 0.000000000000000000e+00
4.264000000000287400e+02 0.000000000000000000e+00
4.265000000000287628e+02 0.000000000000000000e+00
4.266000000000287855e+02 0.000000000000000000e+00
4.267000000000288082e+02 0.000000000000000000e+00
4.268000000000288310e+02 0.000000000000000000e+00
4.269000000000288537e+02 0.000000000000000000e+00
4.270000000000288765e+02 0.000000000000000000e+00
4.271000000000288992e+02 0.000000000000000000e+00
4.272000000000289219e+02 0.000000000000000000e+00
4.273000000000289447e+02 0.000000000000000000e+00
4.274000000000289674e+02 0.000000000000000000e+00
4.275000000000289901e+02 0.000000000000000000e+00
4.276000000000290129e+02 0.000000000000000000e+00
4.277000000000290356e+02 0.000000000000000000e+00
4.278000000000290584e+02 0.000000000000000000e+00
4.279000000000290811e+02 0.000000000000000000e+00
4.280000000000291038e+02 0.000000000000000000e+00
4.281000000000291266e+02 0.000000000000000000e+00
4.282000000000291493e+02 0.000000000000000000e+00
4.283000000000291720e+02 0.000000000000000000e+00
4.284000000000291948e+02 0.000000000000000000e+00
4.285000000000292175e+02 0.000000000000000000e+00
4.286000000000292403e+02 0.000000000000000000e+00
4.287000000000292630e+02 0.000000000000000000e+00
4.288000000000292857e+02 0.000000000000000000e+00
4.289000000000293085e+02 0.000000000000000000e+00
4.290000000000293312e+02 0.000000000000000000e+00
4.291000000000293539e+02 0.000000000000000000e+00
4.292000000000293767e+02 0.000000000000000000e+00
4.293000000000293994e+02 0.000000000000000000e+00
4.294000000000294222e+02 0.000000000000000000e+00
4.295000000000294449e+02 0.000000000000000000e+00
4.296000000000294676e+02 0.000000000000000000e+00
4.297000000000294904e+02 0.000000000000000000e+00
4.298000000000295131e+02 0.000000000000000000e+00
4.299000000000295358e+02 0.000000000000000000e+00
4.300000000000295586e+02 0.000000000000000000e+00
4.301000000000295813e+02 0.000000000000000000e+00
4.302000000000296041e+02 0.000000000000000000e+00
4.303000000000296268e+02 0.000000000000000000e+00
4.304000000000296495e+02 0.000000000000000000e+00
4.305000000000296723e+02 0.000000000000000000e+00
4.306000000000296950e+02 0.000000000000000000e+00
4.307000000000297177e+02 0.000000000000000000e+00
4.308000000000297405e+02 0.000000000000000000e+00
4.309000000000297632e+02 0.000000000000000000e+00
4.310000000000297860e+02 0.000000000000000000e+00
4.311000000000298087e+02 0.000000000000000000e+00
4.312000000000298314e+02 0.000000000000000000e+00
4.313000000000298542e+02 0.000000000000000000e+00
4.314000000000298769e+02 0.000000000000000000e+00
4.315000000000298996e+02 0.000000000000000000e+00
4.316000000000299224e+02 0.000000000000000000e+00
4.317000000000299451e+02 0.000000000000000000e+00
4.318000000000299679e+02 0.000000000000000000e+00
4.319000000000299906e+02 0.000000000000000000e+00
4.320000000000300133e+02 0.000000000000000000e+00
4.321000000000300361e+02 0.000000000000000000e+00
4.322000000000300588e+02 0.000000000000000000e+00
4.323000000000300815e+02 0.000000000000000000e+00
4.324000000000301043e+02 0.000000000000000000e+00
4.325000000000301270e+02 0.000000000000000000e+00
4.326000000000301497e+02 0.000000000000000000e+00
4.327000000000301725e+02 0.000000000000000000e+00
4.328000000000301952e+02 0.000000000000000000e+00
4.329000000000302180e+02 0.000000000000000000e+00
4.330000000000302407e+02 0.000000000000000000e+00
4.331000000000302634e+02 0.000000000000000000e+00
4.332000000000302862e+02 0.000000000000000000e+00
4.333000000000303089e+02 0.000000000000000000e+00
4.334000000000303316e+02 0.000000000000000000e+00
4.335000000000303544e+02 0.000000000000000000e+00
4.336000000000303771e+02 0.000000000000000000e+00
4.337000000000303999e+02 0.000000000000000000e+00
4.338000000000304226e+02 0.000000000000000000e+00
4.339000000000304453e+02 0.000000000000000000e+00
4.340000000000304681e+02 0.000000000000000000e+00
4.341000000000304908e+02 0.000000000000000000e+00
4.342000000000305135e+02 0.000000000000000000e+00
4.343000000000305363e+02 0.000000000000000000e+00
4.344000000000305590e+02 0.000000000000000000e+00
4.345000000000305818e+02 0.000000000000000000e+00
4.346000000000306045e+02 0.000000000000000000e+00
4.347000000000306272e+02 0.000000000000000000e+00
4.348000000000306500e+02 0.000000000000000000e+00
4.349000000000306727e+02 0.000000000000000000e+00
4.350000000000306954e+02 0.000000000000000000e+00
4.351000000000307182e+02 0.000000000000000000e+00
4.352000000000307409e+02 0.000000000000000000e+00
4.353000000000307637e+02 0.000000000000000000e+00
4.354000000000307864e+02 0.000000000000000000e+00
4.355000000000308091e+02 0.000000000000000000e+00
4.356000000000308319e+02 0.000000000000000000e+00
4.357000000000308546e+02 0.000000000000000000e+00
4.358000000000308773e+02 0.000000000000000000e+00
4.359000000000309001e+02 0.000000000000000000e+00
4.360000000000309228e+02 0.000000000000000000e+00
4.361000000000309456e+02 0.000000000000000000e+00
4.362000000000309683e+02 0.000000000000000000e+00
4.363000000000309910e+02 0.000000000000000000e+00
4.364000000000310138e+02 0.000000000000000000e+00
4.365000000000310365e+02 0.000000000000000000e+00
4.366000000000310592e+02 0.000000000000000000e+00
4.367000000000310820e+02 0.000000000000000000e+00
4.368000000000311047e+02 0.000000000000000000e+00
4.369000000000311275e+02 0.000000000000000000e+00
4.370000000000311502e+02 0.000000000000000000e+00
4.371000000000311729e+02 0.000000000000000000e+00
4.372000000000311957e+02 0.000000000000000000e+00
4.373000000000312184e+02 0.000000000000000000e+00
4.374000000000312411e+02 0.000000000000000000e+00
4.375000000000312639e+02 0.000000000000000000e+00
4.376000000000312866e+02 0.000000000000000000e+00
4.377000000000313094e+02 0.000000000000000000e+00
4.378000000000313321e+02 0.000000000000000000e+00
4.379000000000313548e+02 0.000000000000000000e+00
4.380000000000313776e+02 0.000000000000000000e+00
4.381000000000314003e+02 0.000000000000000000e+00
4.382000000000314230e+02 0.000000000000000000e+00
4.383000000000314458e+02 0.000000000000000000e+00
4.384000000000314685e+02 0.000000000000000000e+00
4.385000000000314913e+02 0.000000000000000000e+00
4.386000000000315140e+02 0.000000000000000000e+00
4.387000000000315367e+02 0.000000000000000000e+00
4.388000000000315595e+02 0.000000000000000000e+00
4.389000000000315822e+02 0.000000000000000000e+00
4.390000000000316049e+02 0.000000000000000000e+00
4.391000000000316277e+02 0.000000000000000000e+00
4.392000000000316504e+02 0.000000000000000000e+00
4.393000000000316732e+02 0.000000000000000000e+00
4.394000000000316959e+02 0.000000000000000000e+00
4.395000000000317186e+02 0.000000000000000000e+00
4.396000000000317414e+02 0.000000000000000000e+00
4.397000000000317641e+02 0.000000000000000000e+00
4.398000000000317868e+02 0.000000000000000000e+00
4.399000000000318096e+02 0.000000000000000000e+00
4.400000000000318323e+02 0.000000000000000000e+00
4.401000000000318551e+02 0.000000000000000000e+00
4.402000000000318778e+02 0.000000000000000000e+00
4.403000000000319005e+02 0.000000000000000000e+00
4.404000000000319233e+02 0.000000000000000000e+00
4.405000000000319460e+02 0.000000000000000000e+00
4.406000000000319687e+02 0.000000000000000000e+00
4.407000000000319915e+02 0.000000000000000000e+00
4.408000000000320142e+02 0.000000000000000000e+00
4.409000000000320370e+02 0.000000000000000000e+00
4.410000000000320597e+02 0.000000000000000000e+00
4.411000000000320824e+02 0.000000000000000000e+00
4.412000000000321052e+02 0.000000000000000000e+00
4.413000000000321279e+02 0.000000000000000000e+00
4.414000000000321506e+02 0.000000000000000000e+00
4.415000000000321734e+02 0.000000000000000000e+00
4.416000000000321961e+02 0.000000000000000000e+00
4.417000000000322188e+02 0.000000000000000000e+00
4.418000000000322416e+02 0.000000000000000000e+00
4.419000000000322643e+02 0.000000000000000000e+00
4.420000000000322871e+02 0.000000000000000000e+00
4.421000000000323098e+02 0.000000000000000000e+00
4.422000000000323325e+02 0.000000000000000000e+00
4.423000000000323553e+02 0.000000000000000000e+00
4.424000000000323780e+02 0.000000000000000000e+00
4.425000000000324007e+02 0.000000000000000000e+00
4.426000000000324235e+02 0.000000000000000000e+00
4.427000000000324462e+02 0.000000000000000000e+00
4.428000000000324690e+02 0.000000000000000000e+00
4.429000000000324917e+02 0.000000000000000000e+00
4.430000000000325144e+02 0.000000000000000000e+00
4.431000000000325372e+02 0.000000000000000000e+00
4.432000000000325599e+02 0.000000000000000000e+00
4.433000000000325826e+02 0.000000000000000000e+00
4.434000000000326054e+02 0.000000000000000000e+00
4.435000000000326281e+02 0.000000000000000000e+00
4.436000000000326509e+02 0.000000000000000000e+00
4.437000000000326736e+02 0.000000000000000000e+00
4.438000000000326963e+02 0.000000000000000000e+00
4.439000000000327191e+02 0.000000000000000000e+00
4.440000000000327418e+02 0.000000000000000000e+00
4.441000000000327645e+02 0.000000000000000000e+00
4.442000000000327873e+02 0.000000000000000000e+00
4.443000000000328100e+02 0.000000000000000000e+00
4.444000000000328328e+02 0.000000000000000000e+00
4.445000000000328555e+02 0.000000000000000000e+00
4.446000000000328782e+02 0.000000000000000000e+00
4.447000000000329010e+02 0.000000000000000000e+00
4.448000000000329237e+02 0.000000000000000000e+00
4.449000000000329464e+02 0.000000000000000000e+00
4.450000000000329692e+02 0.000000000000000000e+00
4.451000000000329919e+02 0.000000000000000000e+00
4.452000000000330147e+02 0.000000000000000000e+00
4.453000000000330374e+02 0.000000000000000000e+00
4.454000000000330601e+02 0.000000000000000000e+00
4.455000000000330829e+02 0.000000000000000000e+00
4.456000000000331056e+02 0.000000000000000000e+00
4.457000000000331283e+02 0.000000000000000000e+00
4.458000000000331511e+02 0.000000000000000000e+00
4.459000000000331738e+02 0.000000000000000000e+00
4.460000000000331966e+02 0.000000000000000000e+00
4.461000000000332193e+02 0.000000000000000000e+00
4.462000000000332420e+02 0.000000000000000000e+00
4.463000000000332648e+02 0.000000000000000000e+00
4.464000000000332875e+02 0.000000000000000000e+00
4.465000000000333102e+02 0.000000000000000000e+00
4.466000000000333330e+02 0.000000000000000000e+00
4.467000000000333557e+02 0.000000000000000000e+00
4.468000000000333785e+02 0.000000000000000000e+00
4.469000000000334012e+02 0.000000000000000000e+00
4.470000000000334239e+02 0.000000000000000000e+00
4.471000000000334467e+02 0.000000000000000000e+00
4.472000000000334694e+02 0.000000000000000000e+00
4.473000000000334921e+02 0.000000000000000000e+00
4.474000000000335149e+02 0.000000000000000000e+00
4.475000000000335376e+02 0.000000000000000000e+00
4.476000000000335604e+02 0.000000000000000000e+00
4.477000000000335831e+02 0.000000000000000000e+00
4.478000000000336058e+02 0.000000000000000000e+00
4.479000000000336286e+02 0.000000000000000000e+00
4.480000000000336513e+02 0.000000000000000000e+00
4.481000000000336740e+02 0.000000000000000000e+00
4.482000000000336968e+02 0.000000000000000000e+00
4.483000000000337195e+02 0.000000000000000000e+00
4.484000000000337423e+02 0.000000000000000000e+00
4.485000000000337650e+02 0.000000000000000000e+00
4.486000000000337877e+02 0.000000000000000000e+00
4.487000000000338105e+02 0.000000000000000000e+00
4.488000000000338332e+02 0.000000000000000000e+00
4.489000000000338559e+02 0.000000000000000000e+00
4.490000000000338787e+02 0.000000000000000000e+00
4.491000000000339014e+02 0.000000000000000000e+00
4.492000000000339242e+02 0.000000000000000000e+00
4.493000000000339469e+02 0.000000000000000000e+00
4.494000000000339696e+02 0.000000000000000000e+00
4.495000000000339924e+02 0.000000000000000000e+00
4.496000000000340151e+02 0.000000000000000000e+00
4.497000000000340378e+02 0.000000000000000000e+00
4.498000000000340606e+02 0.000000000000000000e+00
4.499000000000340833e+02 0.000000000000000000e+00
4.500000000000341061e+02 0.000000000000000000e+00
4.501000000000341288e+02 0.000000000000000000e+00
4.502000000000341515e+02 0.000000000000000000e+00
4.503000000000341743e+02 0.000000000000000000e+00
4.504000000000341970e+02 0.000000000000000000e+00
4.505000000000342197e+02 0.000000000000000000e+00
4.506000000000342425e+02 0.000000000000000000e+00
4.507000000000342652e+02 0.000000000000000000e+00
4.508000000000342880e+02 0.000000000000000000e+00
4.509000000000343107e+02 0.000000000000000000e+00
4.510000000000343334e+02 0.000000000000000000e+00
4.511000000000343562e+02 0.000000000000000000e+00
4.512000000000343789e+02 0.000000000000000000e+00
4.513000000000344016e+02 0.000000000000000000e+00
4.514000000000344244e+02 0.000000000000000000e+00
4.515000000000344471e+02 0.000000000000000000e+00
4.516000000000344698e+02 0.000000000000000000e+00
4.517000000000344926e+02 0.000000000000000000e+00
4.518000000000345153e+02 0.000000000000000000e+00
4.519000000000345381e+02 0.000000000000000000e+00
4.520000000000345608e+02 0.000000000000000000e+00
4.521000000000345835e+02 0.000000000000000000e+00
4.522000000000346063e+02 0.000000000000000000e+00
4.523000000000346290e+02 0.000000000000000000e+00
4.524000000000346517e+02 0.000000000000000000e+00
4.525000000000346745e+02 0.000000000000000000e+00
4.526000000000346972e+02 0.000000000000000000e+00
4.527000000000347200e+02 0.000000000000000000e+00
4.528000000000347427e+02 0.000000000000000000e+00
4.529000000000347654e+02 0.000000000000000000e+00
4.530000000000347882e+02 0.000000000000000000e+00
4.531000000000348109e+02 0.000000000000000000e+00
4.532000000000348336e+02 0.000000000000000000e+00
4.533000000000348564e+02 0.000000000000000000e+00
4.534000000000348791e+02 0.000000000000000000e+00
4.535000000000349019e+02 0.000000000000000000e+00
4.536000000000349246e+02 0.000000000000000000e+00
4.537000000000349473e+02 0.000000000000000000e+00
4.538000000000349701e+02 0.000000000000000000e+00
4.539000000000349928e+02 0.000000000000000000e+00
4.540000000000350155e+02 0.000000000000000000e+00
4.541000000000350383e+02 0.000000000000000000e+00
4.542000000000350610e+02 0.000000000000000000e+00
4.543000000000350838e+02 0.000000000000000000e+00
4.544000000000351065e+02 0.000000000000000000e+00
4.545000000000351292e+02 0.000000000000000000e+00
4.546000000000351520e+02 0.000000000000000000e+00
4.547000000000351747e+02 0.000000000000000000e+00
4.548000000000351974e+02 0.000000000000000000e+00
4.549000000000352202e+02 0.000000000000000000e+00
4.550000000000352429e+02 0.000000000000000000e+00
4.551000000000352657e+02 0.000000000000000000e+00
4.552000000000352884e+02 0.000000000000000000e+00
4.553000000000353111e+02 0.000000000000000000e+00
4.554000000000353339e+02 0.000000000000000000e+00
4.555000000000353566e+02 0.000000000000000000e+00
4.556000000000353793e+02 0.000000000000000000e+00
4.557000000000354021e+02 0.000000000000000000e+00
4.558000000000354248e+02 0.000000000000000000e+00
4.559000000000354476e+02 0.000000000000000000e+00
4.560000000000354703e+02 0.000000000000000000e+00
4.561000000000354930e+02 0.000000000000000000e+00
4.562000000000355158e+02 0.000000000000000000e+00
4.563000000000355385e+02 0.000000000000000000e+00
4.564000000000355612e+02 0.000000000000000000e+00
4.565000000000355840e+02 0.000000000000000000e+00
4.566000000000356067e+02 0.000000000000000000e+00
4.567000000000356295e+02 0.000000000000000000e+00
4.568000000000356522e+02 0.000000000000000000e+00
4.569000000000356749e+02 0.000000000000000000e+00
4.570000000000356977e+02 0.000000000000000000e+00
4.571000000000357204e+02 0.000000000000000000e+00
4.572000000000357431e+02 0.000000000000000000e+00
4.573000000000357659e+02 0.000000000000000000e+00
4.574000000000357886e+02 0.000000000000000000e+00
4.575000000000358114e+02 0.000000000000000000e+00
4.576000000000358341e+02 0.000000000000000000e+00
4.577000000000358568e+02 0.000000000000000000e+00
4.578000000000358796e+02 0.000000000000000000e+00
4.579000000000359023e+02 0.000000000000000000e+00
4.580000000000359250e+02 0.000000000000000000e+00
4.581000000000359478e+02 0.000000000000000000e+00
4.582000000000359705e+02 0.000000000000000000e+00
4.583000000000359933e+02 0.000000000000000000e+00
4.584000000000360160e+02 0.000000000000000000e+00
4.585000000000360387e+02 0.000000000000000000e+00
4.586000000000360615e+02 0.000000000000000000e+00
4.587000000000360842e+02 0.000000000000000000e+00
4.588000000000361069e+02 0.000000000000000000e+00
4.589000000000361297e+02 0.000000000000000000e+00
4.590000000000361524e+02 0.000000000000000000e+00
4.591000000000361752e+02 0.000000000000000000e+00
4.592000000000361979e+02 0.000000000000000000e+00
4.593000000000362206e+02 0.000000000000000000e+00
4.594000000000362434e+02 0.000000000000000000e+00
4.595000000000362661e+02 0.000000000000000000e+00
4.596000000000362888e+02 0.000000000000000000e+00
4.597000000000363116e+02 0.000000000000000000e+00
4.598000000000363343e+02 0.000000000000000000e+00
4.599000000000363571e+02 0.000000000000000000e+00
4.600000000000363798e+02 0.000000000000000000e+00
4.601000000000364025e+02 0.000000000000000000e+00
4.602000000000364253e+02 0.000000000000000000e+00
4.603000000000364480e+02 0.000000000000000000e+00
4.604000000000364707e+02 0.000000000000000000e+00
4.605000000000364935e+02 0.000000000000000000e+00
4.606000000000365162e+02 0.000000000000000000e+00
4.607000000000365389e+02 0.000000000000000000e+00
4.608000000000365617e+02 0.000000000000000000e+00
4.609000000000365844e+02 0.000000000000000000e+00
4.610000000000366072e+02 0.000000000000000000e+00
4.611000000000366299e+02 0.000000000000000000e+00
4.612000000000366526e+02 0.000000000000000000e+00
4.613000000000366754e+02 0.000000000000000000e+00
4.614000000000366981e+02 0.000000000000000000e+00
4.615000000000367208e+02 0.000000000000000000e+00
4.616000000000367436e+02 0.000000000000000000e+00
4.617000000000367663e+02 0.000000000000000000e+00
4.618000000000367891e+02 0.000000000000000000e+00
4.619000000000368118e+02 0.000000000000000000e+00
4.620000000000368345e+02 0.000000000000000000e+00
4.621000000000368573e+02 0.000000000000000000e+00
4.622000000000368800e+02 0.000000000000000000e+00
4.623000000000369027e+02 0.000000000000000000e+00
4.624000000000369255e+02 0.000000000000000000e+00
4.625000000000369482e+02 0.000000000000000000e+00
4.626000000000369710e+02 0.000000000000000000e+00
4.627000000000369937e+02 0.000000000000000000e+00
4.628000000000370164e+02 0.000000000000000000e+00
4.629000000000370392e+02 0.000000000000000000e+00
4.630000000000370619e+02 0.000000000000000000e+00
4.631000000000370846e+02 0.000000000000000000e+00
4.632000000000371074e+02 0.000000000000000000e+00
4.633000000000371301e+02 0.000000000000000000e+00
4.634000000000371529e+02 0.000000000000000000e+00
4.635000000000371756e+02 0.000000000000000000e+00
4.636000000000371983e+02 0.000000000000000000e+00
4.637000000000372211e+02 0.000000000000000000e+00
4.638000000000372438e+02 0.000000000000000000e+00
4.639000000000372665e+02 0.000000000000000000e+00
4.640000000000372893e+02 0.000000000000000000e+00
4.641000000000373120e+02 0.000000000000000000e+00
4.642000000000373348e+02 0.000000000000000000e+00
4.643000000000373575e+02 0.000000000000000000e+00
4.644000000000373802e+02 0.000000000000000000e+00
4.645000000000374030e+02 0.000000000000000000e+00
4.646000000000374257e+02 0.000000000000000000e+00
4.647000000000374484e+02 0.000000000000000000e+00
4.648000000000374712e+02 0.000000000000000000e+00
4.649000000000374939e+02 0.000000000000000000e+00
4.650000000000375167e+02 0.000000000000000000e+00
4.651000000000375394e+02 0.000000000000000000e+00
4.652000000000375621e+02 0.000000000000000000e+00
4.653000000000375849e+02 0.000000000000000000e+00
4.654000000000376076e+02 0.000000000000000000e+00
4.655000000000376303e+02 0.000000000000000000e+00
4.656000000000376531e+02 0.000000000000000000e+00
4.657000000000376758e+02 0.000000000000000000e+00
4.658000000000376986e+02 0.000000000000000000e+00
4.659000000000377213e+02 0.000000000000000000e+00
4.660000000000377440e+02 0.000000000000000000e+00
4.661000000000377668e+02 0.000000000000000000e+00
4.662000000000377895e+02 0.000000000000000000e+00
4.663000000000378122e+02 0.000000000000000000e+00
4.664000000000378350e+02 0.000000000000000000e+00
4.665000000000378577e+02 0.000000000000000000e+00
4.666000000000378805e+02 0.000000000000000000e+00
4.667000000000379032e+02 0.000000000000000000e+00
4.668000000000379259e+02 0.000000000000000000e+00
4.669000000000379487e+02 0.000000000000000000e+00
4.670000000000379714e+02 0.000000000000000000e+00
4.671000000000379941e+02 0.000000000000000000e+00
4.672000000000380169e+02 0.000000000000000000e+00
4.673000000000380396e+02 0.000000000000000000e+00
4.674000000000380624e+02 0.000000000000000000e+00
4.675000000000380851e+02 0.000000000000000000e+00
4.676000000000381078e+02 0.000000000000000000e+00
4.677000000000381306e+02 0.000000000000000000e+00
4.678000000000381533e+02 0.000000000000000000e+00
4.679000000000381760e+02 0.000000000000000000e+00
4.680000000000381988e+02 0.000000000000000000e+00
4.681000000000382215e+02 0.000000000000000000e+00
4.682000000000382443e+02 0.000000000000000000e+00
4.683000000000382670e+02 0.000000000000000000e+00
4.684000000000382897e+02 0.000000000000000000e+00
4.685000000000383125e+02 0.000000000000000000e+00
4.686000000000383352e+02 0.000000000000000000e+00
4.687000000000383579e+02 0.000000000000000000e+00
4.688000000000383807e+02 0.000000000000000000e+00
4.689000000000384034e+02 0.000000000000000000e+00
4.690000000000384262e+02 0.000000000000000000e+00
4.691000000000384489e+02 0.000000000000000000e+00
4.692000000000384716e+02 0.000000000000000000e+00
4.693000000000384944e+02 0.000000000000000000e+00
4.694000000000385171e+02 0.000000000000000000e+00
4.695000000000385398e+02 0.000000000000000000e+00
4.696000000000385626e+02 0.000000000000000000e+00
4.697000000000385853e+02 0.000000000000000000e+00
4.698000000000386081e+02 0.000000000000000000e+00
4.699000000000386308e+02 0.000000000000000000e+00
4.700000000000386535e+02 0.000000000000000000e+00
4.701000000000386763e+02 0.000000000000000000e+00
4.702000000000386990e+02 0.000000000000000000e+00
4.703000000000387217e+02 0.000000000000000000e+00
4.704000000000387445e+02 0.000000000000000000e+00
4.705000000000387672e+02 0.000000000000000000e+00
4.706000000000387899e+02 0.000000000000000000e+00
4.707000000000388127e+02 0.000000000000000000e+00
4.708000000000388354e+02 0.000000000000000000e+00
4.709000000000388582e+02 0.000000000000000000e+00
4.710000000000388809e+02 0.000000000000000000e+00
4.711000000000389036e+02 0.000000000000000000e+00
4.712000000000389264e+02 0.000000000000000000e+00
4.713000000000389491e+02 0.000000000000000000e+00
4.714000000000389718e+02 0.000000000000000000e+00
4.715000000000389946e+02 0.000000000000000000e+00
4.716000000000390173e+02 0.000000000000000000e+00
4.717000000000390401e+02 0.000000000000000000e+00
4.718000000000390628e+02 0.000000000000000000e+00
4.719000000000390855e+02 0.000000000000000000e+00
4.720000000000391083e+02 0.000000000000000000e+00
4.721000000000391310e+02 0.000000000000000000e+00
4.722000000000391537e+02 0.000000000000000000e+00
4.723000000000391765e+02 0.000000000000000000e+00
4.724000000000391992e+02 0.000000000000000000e+00
4.725000000000392220e+02 0.000000000000000000e+00
4.726000000000392447e+02 0.000000000000000000e+00
4.727000000000392674e+02 0.000000000000000000e+00
4.728000000000392902e+02 0.000000000000000000e+00
4.729000000000393129e+02 0.000000000000000000e+00
4.730000000000393356e+02 0.000000000000000000e+00
4.731000000000393584e+02 0.000000000000000000e+00
4.732000000000393811e+02 0.000000000000000000e+00
4.733000000000394039e+02 0.000000000000000000e+00
4.734000000000394266e+02 0.000000000000000000e+00
4.735000000000394493e+02 0.000000000000000000e+00
4.736000000000394721e+02 0.000000000000000000e+00
4.737000000000394948e+02 0.000000000000000000e+00
4.738000000000395175e+02 0.000000000000000000e+00
4.739000000000395403e+02 0.000000000000000000e+00
4.740000000000395630e+02 0.000000000000000000e+00
4.741000000000395858e+02 0.000000000000000000e+00
4.742000000000396085e+02 0.000000000000000000e+00
4.743000000000396312e+02 0.000000000000000000e+00
4.744000000000396540e+02 0.000000000000000000e+00
4.745000000000396767e+02 0.000000000000000000e+00
4.746000000000396994e+02 0.000000000000000000e+00
4.747000000000397222e+02 0.000000000000000000e+00
4.748000000000397449e+02 0.000000000000000000e+00
4.749000000000397677e+02 0.000000000000000000e+00
4.750000000000397904e+02 0.000000000000000000e+00
4.751000000000398131e+02 0.000000000000000000e+00
4.752000000000398359e+02 0.000000000000000000e+00
4.753000000000398586e+02 0.000000000000000000e+00
4.754000000000398813e+02 0.000000000000000000e+00
4.755000000000399041e+02 0.000000000000000000e+00
4.756000000000399268e+02 0.000000000000000000e+00
4.757000000000399496e+02 0.000000000000000000e+00
4.758000000000399723e+02 0.000000000000000000e+00
4.759000000000399950e+02 0.000000000000000000e+00
4.760000000000400178e+02 0.000000000000000000e+00
4.761000000000400405e+02 0.000000000000000000e+00
4.762000000000400632e+02 0.000000000000000000e+00
4.763000000000400860e+02 0.000000000000000000e+00
4.764000000000401087e+02 0.000000000000000000e+00
4.765000000000401315e+02 0.000000000000000000e+00
4.766000000000401542e+02 0.000000000000000000e+00
4.767000000000401769e+02 0.000000000000000000e+00
4.768000000000401997e+02 0.000000000000000000e+00
4.769000000000402224e+02 0.000000000000000000e+00
4.770000000000402451e+02 0.000000000000000000e+00
4.771000000000402679e+02 0.000000000000000000e+00
4.772000000000402906e+02 0.000000000000000000e+00
4.773000000000403134e+02 0.000000000000000000e+00
4.774000000000403361e+02 0.000000000000000000e+00
4.775000000000403588e+02 0.000000000000000000e+00
4.776000000000403816e+02 0.000000000000000000e+00
4.777000000000404043e+02 0.000000000000000000e+00
4.778000000000404270e+02 0.000000000000000000e+00
4.779000000000404498e+02 0.000000000000000000e+00
4.780000000000404725e+02 0.000000000000000000e+00
4.781000000000404953e+02 0.000000000000000000e+00
4.782000000000405180e+02 0.000000000000000000e+00
4.783000000000405407e+02 0.000000000000000000e+00
4.784000000000405635e+02 0.000000000000000000e+00
4.785000000000405862e+02 0.000000000000000000e+00
4.786000000000406089e+02 0.000000000000000000e+00
4.787000000000406317e+02 0.000000000000000000e+00
4.788000000000406544e+02 0.000000000000000000e+00
4.789000000000406772e+02 0.000000000000000000e+00
4.790000000000406999e+02 0.000000000000000000e+00
4.791000000000407226e+02 0.000000000000000000e+00
4.792000000000407454e+02 0.000000000000000000e+00
4.793000000000407681e+02 0.000000000000000000e+00
4.794000000000407908e+02 0.000000000000000000e+00
4.795000000000408136e+02 0.000000000000000000e+00
4.796000000000408363e+02 0.000000000000000000e+00
4.797000000000408590e+02 0.000000000000000000e+00
4.798000000000408818e+02 0.000000000000000000e+00
4.799000000000409045e+02 0.000000000000000000e+00
4.800000000000409273e+02 0.000000000000000000e+00
4.801000000000409500e+02 0.000000000000000000e+00
4.802000000000409727e+02 0.000000000000000000e+00
4.803000000000409955e+02 0.000000000000000000e+00
4.804000000000410182e+02 0.000000000000000000e+00
4.805000000000410409e+02 0.000000000000000000e+00
4.806000000000410637e+02 0.000000000000000000e+00
4.807000000000410864e+02 0.000000000000000000e+00
4.808000000000411092e+02 0.000000000000000000e+00
4.809000000000411319e+02 0.000000000000000000e+00
4.810000000000411546e+02 0.000000000000000000e+00
4.811000000000411774e+02 0.000000000000000000e+00
4.812000000000412001e+02 0.000000000000000000e+00
4.813000000000412228e+02 0.000000000000000000e+00
4.814000000000412456e+02 0.000000000000000000e+00
4.815000000000412683e+02 0.000000000000000000e+00
4.816000000000412911e+02 0.000000000000000000e+00
4.817000000000413138e+02 0.000000000000000000e+00
4.818000000000413365e+02 0.000000000000000000e+00
4.819000000000413593e+02 0.000000000000000000e+00
4.820000000000413820e+02 0.000000000000000000e+00
4.821000000000414047e+02 0.000000000000000000e+00
4.822000000000414275e+02 0.000000000000000000e+00
4.823000000000414502e+02 0.000000000000000000e+00
4.824000000000414730e+02 0.000000000000000000e+00
4.825000000000414957e+02 0.000000000000000000e+00
4.826000000000415184e+02 0.000000000000000000e+00
4.827000000000415412e+02 0.000000000000000000e+00
4.828000000000415639e+02 0.000000000000000000e+00
4.829000000000415866e+02 0.000000000000000000e+00
4.830000000000416094e+02 0.000000000000000000e+00
4.831000000000416321e+02 0.000000000000000000e+00
4.832000000000416549e+02 0.000000000000000000e+00
4.833000000000416776e+02 0.000000000000000000e+00
4.834000000000417003e+02 0.000000000000000000e+00
4.835000000000417231e+02 0.000000000000000000e+00
4.836000000000417458e+02 0.000000000000000000e+00
4.837000000000417685e+02 0.000000000000000000e+00
4.838000000000417913e+02 0.000000000000000000e+00
4.839000000000418140e+02 0.000000000000000000e+00
4.840000000000418368e+02 0.000000000000000000e+00
4.841000000000418595e+02 0.000000000000000000e+00
4.842000000000418822e+02 0.000000000000000000e+00
4.843000000000419050e+02 0.000000000000000000e+00
4.844000000000419277e+02 0.000000000000000000e+00
4.845000000000419504e+02 0.000000000000000000e+00
4.846000000000419732e+02 0.000000000000000000e+00
4.847000000000419959e+02 0.000000000000000000e+00
4.848000000000420187e+02 0.000000000000000000e+00
4.849000000000420414e+02 0.000000000000000000e+00
4.850000000000420641e+02 0.000000000000000000e+00
4.851000000000420869e+02 0.000000000000000000e+00
4.852000000000421096e+02 0.000000000000000000e+00
4.853000000000421323e+02 0.000000000000000000e+00
4.854000000000421551e+02 0.000000000000000000e+00
4.855000000000421778e+02 0.000000000000000000e+00
4.856000000000422006e+02 0.000000000000000000e+00
4.857000000000422233e+02 0.000000000000000000e+00
4.858000000000422460e+02 0.000000000000000000e+00
4.859000000000422688e+02 0.000000000000000000e+00
4.860000000000422915e+02 0.000000000000000000e+00
4.861000000000423142e+02 0.000000000000000000e+00
4.862000000000423370e+02 0.000000000000000000e+00
4.863000000000423597e+02 0.000000000000000000e+00
4.864000000000423825e+02 0.000000000000000000e+00
4.865000000000424052e+02 0.000000000000000000e+00
4.866000000000424279e+02 0.000000000000000000e+00
4.867000000000424507e+02 0.000000000000000000e+00
4.868000000000424734e+02 0.000000000000000000e+00
4.869000000000424961e+02 0.000000000000000000e+00
4.870000000000425189e+02 0.000000000000000000e+00
4.871000000000425416e+02 0.000000000000000000e+00
4.872000000000425644e+02 0.000000000000000000e+00
4.873000000000425871e+02 0.000000000000000000e+00
4.874000000000426098e+02 0.000000000000000000e+00
4.875000000000426326e+02 0.000000000000000000e+00
4.876000000000426553e+02 0.000000000000000000e+00
4.877000000000426780e+02 0.000000000000000000e+00
4.878000000000427008e+02 0.000000000000000000e+00
4.879000000000427235e+02 0.000000000000000000e+00
4.880000000000427463e+02 0.000000000000000000e+00
4.881000000000427690e+02 0.000000000000000000e+00
4.882000000000427917e+02 0.000000000000000000e+00
4.883000000000428145e+02 0.000000000000000000e+00
4.884000000000428372e+02 0.000000000000000000e+00
4.885000000000428599e+02 0.000000000000000000e+00
4.886000000000428827e+02 0.000000000000000000e+00
4.887000000000429054e+02 0.000000000000000000e+00
4.888000000000429281e+02 0.000000000000000000e+00
4.889000000000429509e+02 0.000000000000000000e+00
4.890000000000429736e+02 0.000000000000000000e+00
4.891000000000429964e+02 0.000000000000000000e+00
4.892000000000430191e+02 0.000000000000000000e+00
4.893000000000430418e+02 0.000000000000000000e+00
4.894000000000430646e+02 0.000000000000000000e+00
4.895000000000430873e+02 0.000000000000000000e+00
4.896000000000431100e+02 0.000000000000000000e+00
4.897000000000431328e+02 0.000000000000000000e+00
4.898000000000431555e+02 0.000000000000000000e+00
4.899000000000431783e+02 0.000000000000000000e+00
4.900000000000432010e+02 0.000000000000000000e+00
4.901000000000432237e+02 0.000000000000000000e+00
4.902000000000432465e+02 0.000000000000000000e+00
4.903000000000432692e+02 0.000000000000000000e+00
4.904000000000432919e+02 0.000000000000000000e+00
4.905000000000433147e+02 0.000000000000000000e+00
4.906000000000433374e+02 0.000000000000000000e+00
4.907000000000433602e+02 0.000000000000000000e+00
4.908000000000433829e+02 0.000000000000000000e+00
4.909000000000434056e+02 0.000000000000000000e+00
4.910000000000434284e+02 0.000000000000000000e+00
4.911000000000434511e+02 0.000000000000000000e+00
4.912000000000434738e+02 0.000000000000000000e+00
4.913000000000434966e+02 0.000000000000000000e+00
4.914000000000435193e+02 0.000000000000000000e+00
4.915000000000435421e+02 0.000000000000000000e+00
4.916000000000435648e+02 0.000000000000000000e+00
4.917000000000435875e+02 0.000000000000000000e+00
4.918000000000436103e+02 0.000000000000000000e+00
4.919000000000436330e+02 0.000000000000000000e+00
4.920000000000436557e+02 0.000000000000000000e+00
4.921000000000436785e+02 0.000000000000000000e+00
4.922000000000437012e+02 0.000000000000000000e+00
4.923000000000437240e+02 0.000000000000000000e+00
4.924000000000437467e+02 0.000000000000000000e+00
4.925000000000437694e+02 0.000000000000000000e+00
4.926000000000437922e+02 0.000000000000000000e+00
4.927000000000438149e+02 0.000000000000000000e+00
4.928000000000438376e+02 0.000000000000000000e+00
4.929000000000438604e+02 0.000000000000000000e+00
4.930000000000438831e+02 0.000000000000000000e+00
4.931000000000439059e+02 0.000000000000000000e+00
4.932000000000439286e+02 0.000000000000000000e+00
4.933000000000439513e+02 0.000000000000000000e+00
4.934000000000439741e+02 0.000000000000000000e+00
4.935000000000439968e+02 0.000000000000000000e+00
4.936000000000440195e+02 0.000000000000000000e+00
4.937000000000440423e+02 0.000000000000000000e+00
4.938000000000440650e+02 0.000000000000000000e+00
4.939000000000440878e+02 0.000000000000000000e+00
4.940000000000441105e+02 0.000000000000000000e+00
4.941000000000441332e+02 0.000000000000000000e+00
4.942000000000441560e+02 0.000000000000000000e+00
4.943000000000441787e+02 0.000000000000000000e+00
4.944000000000442014e+02 0.000000000000000000e+00
4.945000000000442242e+02 0.000000000000000000e+00
4.946000000000442469e+02 0.000000000000000000e+00
4.947000000000442697e+02 0.000000000000000000e+00
4.948000000000442924e+02 0.000000000000000000e+00
4.949000000000443151e+02 0.000000000000000000e+00
4.950000000000443379e+02 0.000000000000000000e+00
4.951000000000443606e+02 0.000000000000000000e+00
4.952000000000443833e+02 0.000000000000000000e+00
4.953000000000444061e+02 0.000000000000000000e+00
4.954000000000444288e+02 0.000000000000000000e+00
4.955000000000444516e+02 0.000000000000000000e+00
4.956000000000444743e+02 0.000000000000000000e+00
4.957000000000444970e+02 0.000000000000000000e+00
4.958000000000445198e+02 0.000000000000000000e+00
4.959000000000445425e+02 0.000000000000000000e+00
4.960000000000445652e+02 0.000000000000000000e+00
4.961000000000445880e+02 0.000000000000000000e+00
4.962000000000446107e+02 0.000000000000000000e+00
4.963000000000446335e+02 0.000000000000000000e+00
4.964000000000446562e+02 0.000000000000000000e+00
4.965000000000446789e+02 0.000000000000000000e+00
4.966000000000447017e+02 0.000000000000000000e+00
4.967000000000447244e+02 0.000000000000000000e+00
4.968000000000447471e+02 0.000000000000000000e+00
4.969000000000447699e+02 0.000000000000000000e+00
4.970000000000447926e+02 0.000000000000000000e+00
4.971000000000448154e+02 0.000000000000000000e+00
4.972000000000448381e+02 0.000000000000000000e+00
4.973000000000448608e+02 0.000000000000000000e+00
4.974000000000448836e+02 0.000000000000000000e+00
4.975000000000449063e+02 0.000000000000000000e+00
4.976000000000449290e+02 0.000000000000000000e+00
4.977000000000449518e+02 0.000000000000000000e+00
4.978000000000449745e+02 0.000000000000000000e+00
4.979000000000449973e+02 0.000000000000000000e+00
4.980000000000450200e+02 0.000000000000000000e+00
4.981000000000450427e+02 0.000000000000000000e+00
4.982000000000450655e+02 0.000000000000000000e+00
4.983000000000450882e+02 0.000000000000000000e+00
4.984000000000451109e+02 0.000000000000000000e+00
4.985000000000451337e+02 0.000000000000000000e+00
4.986000000000451564e+02 0.000000000000000000e+00
4.987000000000451791e+02 0.000000000000000000e+00
4.988000000000452019e+02 0.000000000000000000e+00
4.989000000000452246e+02 0.000000000000000000e+00
4.990000000000452474e+02 0.000000000000000000e+00
4.991000000000452701e+02 0.000000000000000000e+00
4.992000000000452928e+02 0.000000000000000000e+00
4.993000000000453156e+02 0.000000000000000000e+00
4.994000000000453383e+02 0.000000000000000000e+00
4.995000000000453610e+02 0.000000000000000000e+00
4.996000000000453838e+02 0.000000000000000000e+00
4.997000000000454065e+02 0.000000000000000000e+00
4.998000000000454293e+02 0.000000000000000000e+00
4.999000000000454520e+02 0.000000000000000000e+00
5.000000000000454747e+02 0.000000000000000000e+00
5.001000000000454975e+02 0.000000000000000000e+00
5.002000000000455202e+02 0.000000000000000000e+00
5.003000000000455429e+02 0.000000000000000000e+00
5.004000000000455657e+02 0.000000000000000000e+00
5.005000000000455884e+02 0.000000000000000000e+00
5.006000000000456112e+02 0.000000000000000000e+00
5.007000000000456339e+02 0.000000000000000000e+00
5.008000000000456566e+02 0.000000000000000000e+00
5.009000000000456794e+02 0.000000000000000000e+00
5.010000000000457021e+02 0.000000000000000000e+00
5.011000000000457248e+02 0.000000000000000000e+00
5.012000000000457476e+02 0.000000000000000000e+00
5.013000000000457703e+02 0.000000000000000000e+00
5.014000000000457931e+02 0.000000000000000000e+00
5.015000000000458158e+02 0.000000000000000000e+00
5.016000000000458385e+02 0.000000000000000000e+00
5.017000000000458613e+02 0.000000000000000000e+00
5.018000000000458840e+02 0.000000000000000000e+00
5.019000000000459067e+02 0.000000000000000000e+00
5.020000000000459295e+02 0.000000000000000000e+00
5.021000000000459522e+02 0.000000000000000000e+00
5.022000000000459750e+02 0.000000000000000000e+00
5.023000000000459977e+02 0.000000000000000000e+00
5.024000000000460204e+02 0.000000000000000000e+00
5.025000000000460432e+02 0.000000000000000000e+00
5.026000000000460659e+02 0.000000000000000000e+00
5.027000000000460886e+02 0.000000000000000000e+00
5.028000000000461114e+02 0.000000000000000000e+00
5.029000000000461341e+02 0.000000000000000000e+00
5.030000000000461569e+02 0.000000000000000000e+00
5.031000000000461796e+02 0.000000000000000000e+00
5.032000000000462023e+02 0.000000000000000000e+00
5.033000000000462251e+02 0.000000000000000000e+00
5.034000000000462478e+02 0.000000000000000000e+00
5.035000000000462705e+02 0.000000000000000000e+00
5.036000000000462933e+02 0.000000000000000000e+00
5.037000000000463160e+02 0.000000000000000000e+00
5.038000000000463388e+02 0.000000000000000000e+00
5.039000000000463615e+02 0.000000000000000000e+00
5.040000000000463842e+02 0.000000000000000000e+00
5.041000000000464070e+02 0.000000000000000000e+00
5.042000000000464297e+02 0.000000000000000000e+00
5.043000000000464524e+02 0.000000000000000000e+00
5.044000000000464752e+02 0.000000000000000000e+00
5.045000000000464979e+02 0.000000000000000000e+00
5.046000000000465207e+02 0.000000000000000000e+00
5.047000000000465434e+02 0.000000000000000000e+00
5.048000000000465661e+02 0.000000000000000000e+00
5.049000000000465889e+02 0.000000000000000000e+00
5.050000000000466116e+02 0.000000000000000000e+00
5.051000000000466343e+02 0.000000000000000000e+00
5.052000000000466571e+02 0.000000000000000000e+00
5.053000000000466798e+02 0.000000000000000000e+00
5.054000000000467026e+02 0.000000000000000000e+00
5.055000000000467253e+02 0.000000000000000000e+00
5.056000000000467480e+02 0.000000000000000000e+00
5.057000000000467708e+02 0.000000000000000000e+00
5.058000000000467935e+02 0.000000000000000000e+00
5.059000000000468162e+02 0.000000000000000000e+00
5.060000000000468390e+02 0.000000000000000000e+00
5.061000000000468617e+02 0.000000000000000000e+00
5.062000000000468845e+02 0.000000000000000000e+00
5.063000000000469072e+02 0.000000000000000000e+00
5.064000000000469299e+02 0.000000000000000000e+00
5.065000000000469527e+02 0.000000000000000000e+00
5.066000000000469754e+02 0.000000000000000000e+00
5.067000000000469981e+02 0.000000000000000000e+00
5.068000000000470209e+02 0.000000000000000000e+00
5.069000000000470436e+02 0.000000000000000000e+00
5.070000000000470664e+02 0.000000000000000000e+00
5.071000000000470891e+02 0.000000000000000000e+00
5.072000000000471118e+02 0.000000000000000000e+00
5.073000000000471346e+02 0.000000000000000000e+00
5.074000000000471573e+02 0.000000000000000000e+00
5.075000000000471800e+02 0.000000000000000000e+00
5.076000000000472028e+02 0.000000000000000000e+00
5.077000000000472255e+02 0.000000000000000000e+00
5.078000000000472482e+02 0.000000000000000000e+00
5.079000000000472710e+02 0.000000000000000000e+00
5.080000000000472937e+02 0.000000000000000000e+00
5.081000000000473165e+02 0.000000000000000000e+00
5.082000000000473392e+02 0.000000000000000000e+00
5.083000000000473619e+02 0.000000000000000000e+00
5.084000000000473847e+02 0.000000000000000000e+00
5.085000000000474074e+02 0.000000000000000000e+00
5.086000000000474301e+02 0.000000000000000000e+00
5.087000000000474529e+02 0.000000000000000000e+00
5.088000000000474756e+02 0.000000000000000000e+00
5.089000000000474984e+02 0.000000000000000000e+00
5.090000000000475211e+02 0.000000000000000000e+00
5.091000000000475438e+02 0.000000000000000000e+00
5.092000000000475666e+02 0.000000000000000000e+00
5.093000000000475893e+02 0.000000000000000000e+00
5.094000000000476120e+02 0.000000000000000000e+00
5.095000000000476348e+02 0.000000000000000000e+00
5.096000000000476575e+02 0.000000000000000000e+00
5.097000000000476803e+02 0.000000000000000000e+00
5.098000000000477030e+02 0.000000000000000000e+00
5.099000000000477257e+02 0.000000000000000000e+00
5.100000000000477485e+02 0.000000000000000000e+00
5.101000000000477712e+02 0.000000000000000000e+00
5.102000000000477939e+02 0.000000000000000000e+00
5.103000000000478167e+02 0.000000000000000000e+00
5.104000000000478394e+02 0.000000000000000000e+00
5.105000000000478622e+02 0.000000000000000000e+00
5.106000000000478849e+02 0.000000000000000000e+00
5.107000000000479076e+02 0.000000000000000000e+00
5.108000000000479304e+02 0.000000000000000000e+00
5.109000000000479531e+02 0.000000000000000000e+00
5.110000000000479758e+02 0.000000000000000000e+00
5.111000000000479986e+02 0.000000000000000000e+00
5.112000000000480213e+02 0.000000000000000000e+00
5.113000000000480441e+02 0.000000000000000000e+00
5.114000000000480668e+02 0.000000000000000000e+00
5.115000000000480895e+02 0.000000000000000000e+00
5.116000000000481123e+02 0.000000000000000000e+00
5.117000000000481350e+02 0.000000000000000000e+00
5.118000000000481577e+02 0.000000000000000000e+00
5.119000000000481805e+02 0.000000000000000000e+00
5.120000000000482032e+02 0.000000000000000000e+00
5.121000000000482260e+02 0.000000000000000000e+00
5.122000000000482487e+02 0.000000000000000000e+00
5.123000000000482714e+02 0.000000000000000000e+00
5.124000000000482942e+02 0.000000000000000000e+00
5.125000000000483169e+02 0.000000000000000000e+00
5.126000000000483396e+02 0.000000000000000000e+00
5.127000000000483624e+02 0.000000000000000000e+00
5.128000000000483851e+02 0.000000000000000000e+00
5.129000000000484079e+02 0.000000000000000000e+00
5.130000000000484306e+02 0.000000000000000000e+00
5.131000000000484533e+02 0.000000000000000000e+00
5.132000000000484761e+02 0.000000000000000000e+00
5.133000000000484988e+02 0.000000000000000000e+00
5.134000000000485215e+02 0.000000000000000000e+00
5.135000000000485443e+02 0.000000000000000000e+00
5.136000000000485670e+02 0.000000000000000000e+00
5.137000000000485898e+02 0.000000000000000000e+00
5.138000000000486125e+02 0.000000000000000000e+00
5.139000000000486352e+02 0.000000000000000000e+00
5.140000000000486580e+02 0.000000000000000000e+00
5.141000000000486807e+02 0.000000000000000000e+00
5.142000000000487034e+02 0.000000000000000000e+00
5.143000000000487262e+02 0.000000000000000000e+00
5.144000000000487489e+02 0.000000000000000000e+00
5.145000000000487717e+02 0.000000000000000000e+00
5.146000000000487944e+02 0.000000000000000000e+00
5.147000000000488171e+02 0.000000000000000000e+00
5.148000000000488399e+02 0.000000000000000000e+00
5.149000000000488626e+02 0.000000000000000000e+00
5.150000000000488853e+02 0.000000000000000000e+00
5.151000000000489081e+02 0.000000000000000000e+00
5.152000000000489308e+02 0.000000000000000000e+00
5.153000000000489536e+02 0.000000000000000000e+00
5.154000000000489763e+02 0.000000000000000000e+00
5.155000000000489990e+02 0.000000000000000000e+00
5.156000000000490218e+02 0.000000000000000000e+00
5.157000000000490445e+02 0.000000000000000000e+00
5.158000000000490672e+02 0.000000000000000000e+00
5.159000000000490900e+02 0.000000000000000000e+00
5.160000000000491127e+02 0.000000000000000000e+00
5.161000000000491355e+02 0.000000000000000000e+00
5.162000000000491582e+02 0.000000000000000000e+00
5.163000000000491809e+02 0.000000000000000000e+00
5.164000000000492037e+02 0.000000000000000000e+00
5.165000000000492264e+02 0.000000000000000000e+00
5.166000000000492491e+02 0.000000000000000000e+00
5.167000000000492719e+02 0.000000000000000000e+00
5.168000000000492946e+02 0.000000000000000000e+00
5.169000000000493174e+02 0.000000000000000000e+00
5.170000000000493401e+02 0.000000000000000000e+00
5.171000000000493628e+02 0.000000000000000000e+00
5.172000000000493856e+02 0.000000000000000000e+00
5.173000000000494083e+02 0.000000000000000000e+00
5.174000000000494310e+02 0.000000000000000000e+00
5.175000000000494538e+02 0.000000000000000000e+00
5.176000000000494765e+02 0.000000000000000000e+00
5.177000000000494992e+02 0.000000000000000000e+00
5.178000000000495220e+02 0.000000000000000000e+00
5.179000000000495447e+02 0.000000000000000000e+00
5.180000000000495675e+02 0.000000000000000000e+00
5.181000000000495902e+02 0.000000000000000000e+00
5.182000000000496129e+02 0.000000000000000000e+00
5.183000000000496357e+02 0.000000000000000000e+00
5.184000000000496584e+02 0.000000000000000000e+00
5.185000000000496811e+02 0.000000000000000000e+00
5.186000000000497039e+02 0.000000000000000000e+00
5.187000000000497266e+02 0.000000000000000000e+00
5.188000000000497494e+02 0.000000000000000000e+00
5.189000000000497721e+02 0.000000000000000000e+00
5.190000000000497948e+02 0.000000000000000000e+00
5.191000000000498176e+02 0.000000000000000000e+00
5.192000000000498403e+02 0.000000000000000000e+00
5.193000000000498630e+02 0.000000000000000000e+00
5.194000000000498858e+02 0.000000000000000000e+00
5.195000000000499085e+02 0.000000000000000000e+00
5.196000000000499313e+02 0.000000000000000000e+00
5.197000000000499540e+02 0.000000000000000000e+00
5.198000000000499767e+02 0.000000000000000000e+00
5.199000000000499995e+02 0.000000000000000000e+00
5.200000000000500222e+02 0.000000000000000000e+00
5.201000000000500449e+02 0.000000000000000000e+00
5.202000000000500677e+02 0.000000000000000000e+00
5.203000000000500904e+02 0.000000000000000000e+00
5.204000000000501132e+02 0.000000000000000000e+00
5.205000000000501359e+02 0.000000000000000000e+00
5.206000000000501586e+02 0.000000000000000000e+00
5.207000000000501814e+02 0.000000000000000000e+00
5.208000000000502041e+02 0.000000000000000000e+00
5.209000000000502268e+02 0.000000000000000000e+00
5.210000000000502496e+02 0.000000000000000000e+00
5.211000000000502723e+02 0.000000000000000000e+00
5.212000000000502951e+02 0.000000000000000000e+00
5.213000000000503178e+02 0.000000000000000000e+00
5.214000000000503405e+02 0.000000000000000000e+00
5.215000000000503633e+02 0.000000000000000000e+00
5.216000000000503860e+02 0.000000000000000000e+00
5.217000000000504087e+02 0.000000000000000000e+00
5.218000000000504315e+02 0.000000000000000000e+00
5.219000000000504542e+02 0.000000000000000000e+00
5.220000000000504770e+02 0.000000000000000000e+00
5.221000000000504997e+02 0.000000000000000000e+00
5.222000000000505224e+02 0.000000000000000000e+00
5.223000000000505452e+02 0.000000000000000000e+00
5.224000000000505679e+02 0.000000000000000000e+00
5.225000000000505906e+02 0.000000000000000000e+00
5.226000000000506134e+02 0.000000000000000000e+00
5.227000000000506361e+02 0.000000000000000000e+00
5.228000000000506589e+02 0.000000000000000000e+00
5.229000000000506816e+02 0.000000000000000000e+00
5.230000000000507043e+02 0.000000000000000000e+00
5.231000000000507271e+02 0.000000000000000000e+00
5.232000000000507498e+02 0.000000000000000000e+00
5.233000000000507725e+02 0.000000000000000000e+00
5.234000000000507953e+02 0.000000000000000000e+00
5.235000000000508180e+02 0.000000000000000000e+00
5.236000000000508408e+02 0.000000000000000000e+00
5.237000000000508635e+02 0.000000000000000000e+00
5.238000000000508862e+02 0.000000000000000000e+00
5.239000000000509090e+02 0.000000000000000000e+00
5.240000000000509317e+02 0.000000000000000000e+00
5.241000000000509544e+02 0.000000000000000000e+00
5.242000000000509772e+02 0.000000000000000000e+00
5.243000000000509999e+02 0.000000000000000000e+00
5.244000000000510227e+02 0.000000000000000000e+00
5.245000000000510454e+02 0.000000000000000000e+00
5.246000000000510681e+02 0.000000000000000000e+00
5.247000000000510909e+02 0.000000000000000000e+00
5.248000000000511136e+02 0.000000000000000000e+00
5.249000000000511363e+02 0.000000000000000000e+00
5.250000000000511591e+02 0.000000000000000000e+00
5.251000000000511818e+02 0.000000000000000000e+00
5.252000000000512046e+02 0.000000000000000000e+00
5.253000000000512273e+02 0.000000000000000000e+00
5.254000000000512500e+02 0.000000000000000000e+00
5.255000000000512728e+02 0.000000000000000000e+00
5.256000000000512955e+02 0.000000000000000000e+00
5.257000000000513182e+02 0.000000000000000000e+00
5.258000000000513410e+02 0.000000000000000000e+00
5.259000000000513637e+02 0.000000000000000000e+00
5.260000000000513865e+02 0.000000000000000000e+00
5.261000000000514092e+02 0.000000000000000000e+00
5.262000000000514319e+02 0.000000000000000000e+00
5.263000000000514547e+02 0.000000000000000000e+00
5.264000000000514774e+02 0.000000000000000000e+00
5.265000000000515001e+02 0.000000000000000000e+00
5.266000000000515229e+02 0.000000000000000000e+00
5.267000000000515456e+02 0.000000000000000000e+00
5.268000000000515683e+02 0.000000000000000000e+00
5.269000000000515911e+02 0.000000000000000000e+00
5.270000000000516138e+02 0.000000000000000000e+00
5.271000000000516366e+02 0.000000000000000000e+00
5.272000000000516593e+02 0.000000000000000000e+00
5.273000000000516820e+02 0.000000000000000000e+00
5.274000000000517048e+02 0.000000000000000000e+00
5.275000000000517275e+02 0.000000000000000000e+00
5.276000000000517502e+02 0.000000000000000000e+00
5.277000000000517730e+02 0.000000000000000000e+00
5.278000000000517957e+02 0.000000000000000000e+00
5.279000000000518185e+02 0.000000000000000000e+00
5.280000000000518412e+02 0.000000000000000000e+00
5.281000000000518639e+02 0.000000000000000000e+00
5.282000000000518867e+02 0.000000000000000000e+00
5.283000000000519094e+02 0.000000000000000000e+00
5.284000000000519321e+02 0.000000000000000000e+00
5.285000000000519549e+02 0.000000000000000000e+00
5.286000000000519776e+02 0.000000000000000000e+00
5.287000000000520004e+02 0.000000000000000000e+00
5.288000000000520231e+02 0.000000000000000000e+00
5.289000000000520458e+02 0.000000000000000000e+00
5.290000000000520686e+02 0.000000000000000000e+00
5.291000000000520913e+02 0.000000000000000000e+00
5.292000000000521140e+02 0.000000000000000000e+00
5.293000000000521368e+02 0.000000000000000000e+00
5.294000000000521595e+02 0.000000000000000000e+00
5.295000000000521823e+02 0.000000000000000000e+00
5.296000000000522050e+02 0.000000000000000000e+00
5.297000000000522277e+02 0.000000000000000000e+00
5.298000000000522505e+02 0.000000000000000000e+00
5.299000000000522732e+02 0.000000000000000000e+00
5.300000000000522959e+02 0.000000000000000000e+00
5.301000000000523187e+02 0.000000000000000000e+00
5.302000000000523414e+02 0.000000000000000000e+00
5.303000000000523642e+02 0.000000000000000000e+00
5.304000000000523869e+02 0.000000000000000000e+00
5.305000000000524096e+02 0.000000000000000000e+00
5.306000000000524324e+02 0.000000000000000000e+00
5.307000000000524551e+02 0.000000000000000000e+00
5.308000000000524778e+02 0.000000000000000000e+00
5.309000000000525006e+02 0.000000000000000000e+00
5.310000000000525233e+02 0.000000000000000000e+00
5.311000000000525461e+02 0.000000000000000000e+00
5.312000000000525688e+02 0.000000000000000000e+00
5.313000000000525915e+02 0.000000000000000000e+00
5.314000000000526143e+02 0.000000000000000000e+00
5.315000000000526370e+02 0.000000000000000000e+00
5.316000000000526597e+02 0.000000000000000000e+00
5.317000000000526825e+02 0.000000000000000000e+00
5.318000000000527052e+02 0.000000000000000000e+00
5.319000000000527280e+02 0.000000000000000000e+00
5.320000000000527507e+02 0.000000000000000000e+00
5.321000000000527734e+02 0.000000000000000000e+00
5.322000000000527962e+02 0.000000000000000000e+00
5.323000000000528189e+02 0.000000000000000000e+00
5.324000000000528416e+02 0.000000000000000000e+00
5.325000000000528644e+02 0.000000000000000000e+00
5.326000000000528871e+02 0.000000000000000000e+00
5.327000000000529099e+02 0.000000000000000000e+00
5.328000000000529326e+02 0.000000000000000000e+00
5.329000000000529553e+02 0.000000000000000000e+00
5.330000000000529781e+02 0.000000000000000000e+00
5.331000000000530008e+02 0.000000000000000000e+00
5.332000000000530235e+02 0.000000000000000000e+00
5.333000000000530463e+02 0.000000000000000000e+00
5.334000000000530690e+02 0.000000000000000000e+00
5.335000000000530918e+02 0.000000000000000000e+00
5.336000000000531145e+02 0.000000000000000000e+00
5.337000000000531372e+02 0.000000000000000000e+00
5.338000000000531600e+02 0.000000000000000000e+00
5.339000000000531827e+02 0.000000000000000000e+00
5.340000000000532054e+02 0.000000000000000000e+00
5.341000000000532282e+02 0.000000000000000000e+00
5.342000000000532509e+02 0.000000000000000000e+00
5.343000000000532737e+02 0.000000000000000000e+00
5.344000000000532964e+02 0.000000000000000000e+00
5.345000000000533191e+02 0.000000000000000000e+00
5.346000000000533419e+02 0.000000000000000000e+00
5.347000000000533646e+02 0.000000000000000000e+00
5.348000000000533873e+02 0.000000000000000000e+00
5.349000000000534101e+02 0.000000000000000000e+00
5.350000000000534328e+02 0.000000000000000000e+00
5.351000000000534556e+02 0.000000000000000000e+00
5.352000000000534783e+02 0.000000000000000000e+00
5.353000000000535010e+02 0.000000000000000000e+00
5.354000000000535238e+02 0.000000000000000000e+00
5.355000000000535465e+02 0.000000000000000000e+00
5.356000000000535692e+02 0.000000000000000000e+00
5.357000000000535920e+02 0.000000000000000000e+00
5.358000000000536147e+02 0.000000000000000000e+00
5.359000000000536375e+02 0.000000000000000000e+00
5.360000000000536602e+02 0.000000000000000000e+00
5.361000000000536829e+02 0.000000000000000000e+00
5.362000000000537057e+02 0.000000000000000000e+00
5.363000000000537284e+02 0.000000000000000000e+00
5.364000000000537511e+02 0.000000000000000000e+00
5.365000000000537739e+02 0.000000000000000000e+00
5.366000000000537966e+02 0.000000000000000000e+00
5.367000000000538193e+02 0.000000000000000000e+00
5.368000000000538421e+02 0.000000000000000000e+00
5.369000000000538648e+02 0.000000000000000000e+00
5.370000000000538876e+02 0.000000000000000000e+00
5.371000000000539103e+02 0.000000000000000000e+00
5.372000000000539330e+02 0.000000000000000000e+00
5.373000000000539558e+02 0.000000000000000000e+00
5.374000000000539785e+02 0.000000000000000000e+00
5.375000000000540012e+02 0.000000000000000000e+00
5.376000000000540240e+02 0.000000000000000000e+00
5.377000000000540467e+02 0.000000000000000000e+00
5.378000000000540695e+02 0.000000000000000000e+00
5.379000000000540922e+02 0.000000000000000000e+00
5.380000000000541149e+02 0.000000000000000000e+00
5.381000000000541377e+02 0.000000000000000000e+00
5.382000000000541604e+02 0.000000000000000000e+00
5.383000000000541831e+02 0.000000000000000000e+00
5.384000000000542059e+02 0.000000000000000000e+00
5.385000000000542286e+02 0.000000000000000000e+00
5.386000000000542514e+02 0.000000000000000000e+00
5.387000000000542741e+02 0.000000000000000000e+00
5.388000000000542968e+02 0.000000000000000000e+00
5.389000000000543196e+02 0.000000000000000000e+00
5.390000000000543423e+02 0.000000000000000000e+00
5.391000000000543650e+02 0.000000000000000000e+00
5.392000000000543878e+02 0.000000000000000000e+00
5.393000000000544105e+02 0.000000000000000000e+00
5.394000000000544333e+02 0.000000000000000000e+00
5.395000000000544560e+02 0.000000000000000000e+00
5.396000000000544787e+02 0.000000000000000000e+00
5.397000000000545015e+02 0.000000000000000000e+00
5.398000000000545242e+02 0.000000000000000000e+00
5.399000000000545469e+02 0.000000000000000000e+00
5.400000000000545697e+02 0.000000000000000000e+00
5.401000000000545924e+02 0.000000000000000000e+00
5.402000000000546152e+02 0.000000000000000000e+00
5.403000000000546379e+02 0.000000000000000000e+00
5.404000000000546606e+02 0.000000000000000000e+00
5.405000000000546834e+02 0.000000000000000000e+00
5.406000000000547061e+02 0.000000000000000000e+00
5.407000000000547288e+02 0.000000000000000000e+00
5.408000000000547516e+02 0.000000000000000000e+00
5.409000000000547743e+02 0.000000000000000000e+00
5.410000000000547971e+02 0.000000000000000000e+00
5.411000000000548198e+02 0.000000000000000000e+00
5.412000000000548425e+02 0.000000000000000000e+00
5.413000000000548653e+02 0.000000000000000000e+00
5.414000000000548880e+02 0.000000000000000000e+00
5.415000000000549107e+02 0.000000000000000000e+00
5.416000000000549335e+02 0.000000000000000000e+00
5.417000000000549562e+02 0.000000000000000000e+00
5.418000000000549790e+02 0.000000000000000000e+00
5.419000000000550017e+02 0.000000000000000000e+00
5.420000000000550244e+02 0.000000000000000000e+00
5.421000000000550472e+02 0.000000000000000000e+00
5.422000000000550699e+02 0.000000000000000000e+00
5.423000000000550926e+02 0.000000000000000000e+00
5.424000000000551154e+02 0.000000000000000000e+00
5.425000000000551381e+02 0.000000000000000000e+00
5.426000000000551609e+02 0.000000000000000000e+00
5.427000000000551836e+02 0.000000000000000000e+00
5.428000000000552063e+02 0.000000000000000000e+00
5.429000000000552291e+02 0.000000000000000000e+00
5.430000000000552518e+02 0.000000000000000000e+00
5.431000000000552745e+02 0.000000000000000000e+00
5.432000000000552973e+02 0.000000000000000000e+00
5.433000000000553200e+02 0.000000000000000000e+00
5.434000000000553428e+02 0.000000000000000000e+00
5.435000000000553655e+02 0.000000000000000000e+00
5.436000000000553882e+02 0.000000000000000000e+00
5.437000000000554110e+02 0.000000000000000000e+00
5.438000000000554337e+02 0.000000000000000000e+00
5.439000000000554564e+02 0.000000000000000000e+00
5.440000000000554792e+02 0.000000000000000000e+00
5.441000000000555019e+02 0.000000000000000000e+00
5.442000000000555247e+02 0.000000000000000000e+00
5.443000000000555474e+02 0.000000000000000000e+00
5.444000000000555701e+02 0.000000000000000000e+00
5.445000000000555929e+02 0.000000000000000000e+00
5.446000000000556156e+02 0.000000000000000000e+00
5.447000000000556383e+02 0.000000000000000000e+00
5.448000000000556611e+02 0.000000000000000000e+00
5.449000000000556838e+02 0.000000000000000000e+00
5.450000000000557066e+02 0.000000000000000000e+00
5.451000000000557293e+02 0.000000000000000000e+00
5.452000000000557520e+02 0.000000000000000000e+00
5.453000000000557748e+02 0.000000000000000000e+00
5.454000000000557975e+02 0.000000000000000000e+00
5.455000000000558202e+02 0.000000000000000000e+00
5.456000000000558430e+02 0.000000000000000000e+00
5.457000000000558657e+02 0.000000000000000000e+00
5.458000000000558884e+02 0.000000000000000000e+00
5.459000000000559112e+02 0.000000000000000000e+00
5.460000000000559339e+02 0.000000000000000000e+00
5.461000000000559567e+02 0.000000000000000000e+00
5.462000000000559794e+02 0.000000000000000000e+00
5.463000000000560021e+02 0.000000000000000000e+00
5.464000000000560249e+02 0.000000000000000000e+00
5.465000000000560476e+02 0.000000000000000000e+00
5.466000000000560703e+02 0.000000000000000000e+00
5.467000000000560931e+02 0.000000000000000000e+00
5.468000000000561158e+02 0.000000000000000000e+00
5.469000000000561386e+02 0.000000000000000000e+00
5.470000000000561613e+02 0.000000000000000000e+00
5.471000000000561840e+02 0.000000000000000000e+00
5.472000000000562068e+02 0.000000000000000000e+00
5.473000000000562295e+02 0.000000000000000000e+00
5.474000000000562522e+02 0.000000000000000000e+00
5.475000000000562750e+02 0.000000000000000000e+00
5.476000000000562977e+02 0.000000000000000000e+00
5.477000000000563205e+02 0.000000000000000000e+00
5.478000000000563432e+02 0.000000000000000000e+00
5.479000000000563659e+02 0.000000000000000000e+00
5.480000000000563887e+02 0.000000000000000000e+00
5.481000000000564114e+02 0.000000000000000000e+00
5.482000000000564341e+02 0.000000000000000000e+00
5.483000000000564569e+02 0.000000000000000000e+00
5.484000000000564796e+02 0.000000000000000000e+00
5.485000000000565024e+02 0.000000000000000000e+00
5.486000000000565251e+02 0.000000000000000000e+00
5.487000000000565478e+02 0.000000000000000000e+00
5.488000000000565706e+02 0.000000000000000000e+00
5.489000000000565933e+02 0.000000000000000000e+00
5.490000000000566160e+02 0.000000000000000000e+00
5.491000000000566388e+02 0.000000000000000000e+00
5.492000000000566615e+02 0.000000000000000000e+00
5.493000000000566843e+02 0.000000000000000000e+00
5.494000000000567070e+02 0.000000000000000000e+00
5.495000000000567297e+02 0.000000000000000000e+00
5.496000000000567525e+02 0.000000000000000000e+00
5.497000000000567752e+02 0.000000000000000000e+00
5.498000000000567979e+02 0.000000000000000000e+00
5.499000000000568207e+02 0.000000000000000000e+00
5.500000000000568434e+02 0.000000000000000000e+00
5.501000000000568662e+02 0.000000000000000000e+00
5.502000000000568889e+02 0.000000000000000000e+00
5.503000000000569116e+02 0.000000000000000000e+00
5.504000000000569344e+02 0.000000000000000000e+00
5.505000000000569571e+02 0.000000000000000000e+00
5.506000000000569798e+02 0.000000000000000000e+00
5.507000000000570026e+02 0.000000000000000000e+00
5.508000000000570253e+02 0.000000000000000000e+00
5.509000000000570481e+02 0.000000000000000000e+00
5.510000000000570708e+02 0.000000000000000000e+00
5.511000000000570935e+02 0.000000000000000000e+00
5.512000000000571163e+02 0.000000000000000000e+00
5.513000000000571390e+02 0.000000000000000000e+00
5.514000000000571617e+02 0.000000000000000000e+00
5.515000000000571845e+02 0.000000000000000000e+00
5.516000000000572072e+02 0.000000000000000000e+00
5.517000000000572300e+02 0.000000000000000000e+00
5.518000000000572527e+02 0.000000000000000000e+00
5.519000000000572754e+02 0.000000000000000000e+00
5.520000000000572982e+02 0.000000000000000000e+00
5.521000000000573209e+02 0.000000000000000000e+00
5.522000000000573436e+02 0.000000000000000000e+00
5.523000000000573664e+02 0.000000000000000000e+00
5.524000000000573891e+02 0.000000000000000000e+00
5.525000000000574119e+02 0.000000000000000000e+00
5.526000000000574346e+02 0.000000000000000000e+00
5.527000000000574573e+02 0.000000000000000000e+00
5.528000000000574801e+02 0.000000000000000000e+00
5.529000000000575028e+02 0.000000000000000000e+00
5.530000000000575255e+02 0.000000000000000000e+00
5.531000000000575483e+02 0.000000000000000000e+00
5.532000000000575710e+02 0.000000000000000000e+00
5.533000000000575938e+02 0.000000000000000000e+00
5.534000000000576165e+02 0.000000000000000000e+00
5.535000000000576392e+02 0.000000000000000000e+00
5.536000000000576620e+02 0.000000000000000000e+00
5.537000000000576847e+02 0.000000000000000000e+00
5.538000000000577074e+02 0.000000000000000000e+00
5.539000000000577302e+02 0.000000000000000000e+00
5.540000000000577529e+02 0.000000000000000000e+00
5.541000000000577757e+02 0.000000000000000000e+00
5.542000000000577984e+02 0.000000000000000000e+00
5.543000000000578211e+02 0.000000000000000000e+00
5.544000000000578439e+02 0.000000000000000000e+00
5.545000000000578666e+02 0.000000000000000000e+00
5.546000000000578893e+02 0.000000000000000000e+00
5.547000000000579121e+02 0.000000000000000000e+00
5.548000000000579348e+02 0.000000000000000000e+00
5.549000000000579575e+02 0.000000000000000000e+00
5.550000000000579803e+02 0.000000000000000000e+00
5.551000000000580030e+02 0.000000000000000000e+00
5.552000000000580258e+02 0.000000000000000000e+00
5.553000000000580485e+02 0.000000000000000000e+00
5.554000000000580712e+02 0.000000000000000000e+00
5.555000000000580940e+02 0.000000000000000000e+00
5.556000000000581167e+02 0.000000000000000000e+00
5.557000000000581394e+02 0.000000000000000000e+00
5.558000000000581622e+02 0.000000000000000000e+00
5.559000000000581849e+02 0.000000000000000000e+00
5.560000000000582077e+02 0.000000000000000000e+00
5.561000000000582304e+02 0.000000000000000000e+00
5.562000000000582531e+02 0.000000000000000000e+00
5.563000000000582759e+02 0.000000000000000000e+00
5.564000000000582986e+02 0.000000000000000000e+00
5.565000000000583213e+02 0.000000000000000000e+00
5.566000000000583441e+02 0.000000000000000000e+00
5.567000000000583668e+02 0.000000000000000000e+00
5.568000000000583896e+02 0.000000000000000000e+00
5.569000000000584123e+02 0.000000000000000000e+00
5.570000000000584350e+02 0.000000000000000000e+00
5.571000000000584578e+02 0.000000000000000000e+00
5.572000000000584805e+02 0.000000000000000000e+00
5.573000000000585032e+02 0.000000000000000000e+00
5.574000000000585260e+02 0.000000000000000000e+00
5.575000000000585487e+02 0.000000000000000000e+00
5.576000000000585715e+02 0.000000000000000000e+00
5.577000000000585942e+02 0.000000000000000000e+00
5.578000000000586169e+02 0.000000000000000000e+00
5.579000000000586397e+02 0.000000000000000000e+00
5.580000000000586624e+02 0.000000000000000000e+00
5.581000000000586851e+02 0.000000000000000000e+00
5.582000000000587079e+02 0.000000000000000000e+00
5.583000000000587306e+02 0.000000000000000000e+00
5.584000000000587534e+02 0.000000000000000000e+00
5.585000000000587761e+02 0.000000000000000000e+00
5.586000000000587988e+02 0.000000000000000000e+00
5.587000000000588216e+02 0.000000000000000000e+00
5.588000000000588443e+02 0.000000000000000000e+00
5.589000000000588670e+02 0.000000000000000000e+00
5.590000000000588898e+02 0.000000000000000000e+00
5.591000000000589125e+02 0.000000000000000000e+00
5.592000000000589353e+02 0.000000000000000000e+00
5.593000000000589580e+02 0.000000000000000000e+00
5.594000000000589807e+02 0.000000000000000000e+00
5.595000000000590035e+02 0.000000000000000000e+00
5.596000000000590262e+02 0.000000000000000000e+00
5.597000000000590489e+02 0.000000000000000000e+00
5.598000000000590717e+02 0.000000000000000000e+00
5.599000000000590944e+02 0.000000000000000000e+00
5.600000000000591172e+02 0.000000000000000000e+00
5.601000000000591399e+02 0.000000000000000000e+00
5.602000000000591626e+02 0.000000000000000000e+00
5.603000000000591854e+02 0.000000000000000000e+00
5.604000000000592081e+02 0.000000000000000000e+00
5.605000000000592308e+02 0.000000000000000000e+00
5.606000000000592536e+02 0.000000000000000000e+00
5.607000000000592763e+02 0.000000000000000000e+00
5.608000000000592991e+02 0.000000000000000000e+00
5.609000000000593218e+02 0.000000000000000000e+00
5.610000000000593445e+02 0.000000000000000000e+00
5.611000000000593673e+02 0.000000000000000000e+00
5.612000000000593900e+02 0.000000000000000000e+00
5.613000000000594127e+02 0.000000000000000000e+00
5.614000000000594355e+02 0.000000000000000000e+00
5.615000000000594582e+02 0.000000000000000000e+00
5.616000000000594810e+02 0.000000000000000000e+00
5.617000000000595037e+02 0.000000000000000000e+00
5.618000000000595264e+02 0.000000000000000000e+00
5.619000000000595492e+02 0.000000000000000000e+00
5.620000000000595719e+02 0.000000000000000000e+00
5.621000000000595946e+02 0.000000000000000000e+00
5.622000000000596174e+02 0.000000000000000000e+00
5.623000000000596401e+02 0.000000000000000000e+00
5.624000000000596629e+02 0.000000000000000000e+00
5.625000000000596856e+02 0.000000000000000000e+00
5.626000000000597083e+02 0.000000000000000000e+00
5.627000000000597311e+02 0.000000000000000000e+00
5.628000000000597538e+02 0.000000000000000000e+00
5.629000000000597765e+02 0.000000000000000000e+00
5.630000000000597993e+02 0.000000000000000000e+00
5.631000000000598220e+02 0.000000000000000000e+00
5.632000000000598448e+02 0.000000000000000000e+00
5.633000000000598675e+02 0.000000000000000000e+00
5.634000000000598902e+02 0.000000000000000000e+00
5.635000000000599130e+02 0.000000000000000000e+00
5.636000000000599357e+02 0.000000000000000000e+00
5.637000000000599584e+02 0.000000000000000000e+00
5.638000000000599812e+02 0.000000000000000000e+00
5.639000000000600039e+02 0.000000000000000000e+00
5.640000000000600267e+02 0.000000000000000000e+00
5.641000000000600494e+02 0.000000000000000000e+00
5.642000000000600721e+02 0.000000000000000000e+00
5.643000000000600949e+02 0.000000000000000000e+00
5.644000000000601176e+02 0.000000000000000000e+00
5.645000000000601403e+02 0.000000000000000000e+00
5.646000000000601631e+02 0.000000000000000000e+00
5.647000000000601858e+02 0.000000000000000000e+00
5.648000000000602085e+02 0.000000000000000000e+00
5.649000000000602313e+02 0.000000000000000000e+00
5.650000000000602540e+02 0.000000000000000000e+00
5.651000000000602768e+02 0.000000000000000000e+00
5.652000000000602995e+02 0.000000000000000000e+00
5.653000000000603222e+02 0.000000000000000000e+00
5.654000000000603450e+02 0.000000000000000000e+00
5.655000000000603677e+02 0.000000000000000000e+00
5.656000000000603904e+02 0.000000000000000000e+00
5.657000000000604132e+02 0.000000000000000000e+00
5.658000000000604359e+02 0.000000000000000000e+00
5.659000000000604587e+02 0.000000000000000000e+00
5.660000000000604814e+02 0.000000000000000000e+00
5.661000000000605041e+02 0.000000000000000000e+00
5.662000000000605269e+02 0.000000000000000000e+00
5.663000000000605496e+02 0.000000000000000000e+00
5.664000000000605723e+02 0.000000000000000000e+00
5.665000000000605951e+02 0.000000000000000000e+00
5.666000000000606178e+02 0.000000000000000000e+00
5.667000000000606406e+02 0.000000000000000000e+00
5.668000000000606633e+02 0.000000000000000000e+00
5.669000000000606860e+02 0.000000000000000000e+00
5.670000000000607088e+02 0.000000000000000000e+00
5.671000000000607315e+02 0.000000000000000000e+00
5.672000000000607542e+02 0.000000000000000000e+00
5.673000000000607770e+02 0.000000000000000000e+00
5.674000000000607997e+02 0.000000000000000000e+00
5.675000000000608225e+02 0.000000000000000000e+00
5.676000000000608452e+02 0.000000000000000000e+00
5.677000000000608679e+02 0.000000000000000000e+00
5.678000000000608907e+02 0.000000000000000000e+00
5.679000000000609134e+02 0.000000000000000000e+00
5.680000000000609361e+02 0.000000000000000000e+00
5.681000000000609589e+02 0.000000000000000000e+00
5.682000000000609816e+02 0.000000000000000000e+00
5.683000000000610044e+02 0.000000000000000000e+00
5.684000000000610271e+02 0.000000000000000000e+00
5.685000000000610498e+02 0.000000000000000000e+00
5.686000000000610726e+02 0.000000000000000000e+00
5.687000000000610953e+02 0.000000000000000000e+00
5.688000000000611180e+02 0.000000000000000000e+00
5.689000000000611408e+02 0.000000000000000000e+00
5.690000000000611635e+02 0.000000000000000000e+00
5.691000000000611863e+02 0.000000000000000000e+00
5.692000000000612090e+02 0.000000000000000000e+00
5.693000000000612317e+02 0.000000000000000000e+00
5.694000000000612545e+02 0.000000000000000000e+00
5.695000000000612772e+02 0.000000000000000000e+00
5.696000000000612999e+02 0.000000000000000000e+00
5.697000000000613227e+02 0.000000000000000000e+00
5.698000000000613454e+02 0.000000000000000000e+00
5.699000000000613682e+02 0.000000000000000000e+00
5.700000000000613909e+02 0.000000000000000000e+00
5.701000000000614136e+02 0.000000000000000000e+00
5.702000000000614364e+02 0.000000000000000000e+00
5.703000000000614591e+02 0.000000000000000000e+00
5.704000000000614818e+02 0.000000000000000000e+00
5.705000000000615046e+02 0.000000000000000000e+00
5.706000000000615273e+02 0.000000000000000000e+00
5.707000000000615501e+02 0.000000000000000000e+00
5.708000000000615728e+02 0.000000000000000000e+00
5.709000000000615955e+02 0.000000000000000000e+00
5.710000000000616183e+02 0.000000000000000000e+00
5.711000000000616410e+02 0.000000000000000000e+00
5.712000000000616637e+02 0.000000000000000000e+00
5.713000000000616865e+02 0.000000000000000000e+00
5.714000000000617092e+02 0.000000000000000000e+00
5.715000000000617320e+02 0.000000000000000000e+00
5.716000000000617547e+02 0.000000000000000000e+00
5.717000000000617774e+02 0.000000000000000000e+00
5.718000000000618002e+02 0.000000000000000000e+00
5.719000000000618229e+02 0.000000000000000000e+00
5.720000000000618456e+02 0.000000000000000000e+00
5.721000000000618684e+02 0.000000000000000000e+00
5.722000000000618911e+02 0.000000000000000000e+00
5.723000000000619139e+02 0.000000000000000000e+00
5.724000000000619366e+02 0.000000000000000000e+00
5.725000000000619593e+02 0.000000000000000000e+00
5.726000000000619821e+02 0.000000000000000000e+00
5.727000000000620048e+02 0.000000000000000000e+00
5.728000000000620275e+02 0.000000000000000000e+00
5.729000000000620503e+02 0.000000000000000000e+00
5.730000000000620730e+02 0.000000000000000000e+00
5.731000000000620958e+02 0.000000000000000000e+00
5.732000000000621185e+02 0.000000000000000000e+00
5.733000000000621412e+02 0.000000000000000000e+00
5.734000000000621640e+02 0.000000000000000000e+00
5.735000000000621867e+02 0.000000000000000000e+00
5.736000000000622094e+02 0.000000000000000000e+00
5.737000000000622322e+02 0.000000000000000000e+00
5.738000000000622549e+02 0.000000000000000000e+00
5.739000000000622776e+02 0.000000000000000000e+00
5.740000000000623004e+02 0.000000000000000000e+00
5.741000000000623231e+02 0.000000000000000000e+00
5.742000000000623459e+02 0.000000000000000000e+00
5.743000000000623686e+02 0.000000000000000000e+00
5.744000000000623913e+02 0.000000000000000000e+00
5.745000000000624141e+02 0.000000000000000000e+00
5.746000000000624368e+02 0.000000000000000000e+00
5.747000000000624595e+02 0.000000000000000000e+00
5.748000000000624823e+02 0.000000000000000000e+00
5.749000000000625050e+02 0.000000000000000000e+00
5.750000000000625278e+02 0.000000000000000000e+00
5.751000000000625505e+02 0.000000000000000000e+00
5.752000000000625732e+02 0.000000000000000000e+00
5.753000000000625960e+02 0.000000000000000000e+00
5.754000000000626187e+02 0.000000000000000000e+00
5.755000000000626414e+02 0.000000000000000000e+00
5.756000000000626642e+02 0.000000000000000000e+00
5.757000000000626869e+02 0.000000000000000000e+00
5.758000000000627097e+02 0.000000000000000000e+00
5.759000000000627324e+02 0.000000000000000000e+00
5.760000000000627551e+02 0.000000000000000000e+00
5.761000000000627779e+02 0.000000000000000000e+00
5.762000000000628006e+02 0.000000000000000000e+00
5.763000000000628233e+02 0.000000000000000000e+00
5.764000000000628461e+02 0.000000000000000000e+00
5.765000000000628688e+02 0.000000000000000000e+00
5.766000000000628916e+02 0.000000000000000000e+00
5.767000000000629143e+02 0.000000000000000000e+00
5.768000000000629370e+02 0.000000000000000000e+00
5.769000000000629598e+02 0.000000000000000000e+00
5.770000000000629825e+02 0.000000000000000000e+00
5.771000000000630052e+02 0.000000000000000000e+00
5.772000000000630280e+02 0.000000000000000000e+00
5.773000000000630507e+02 0.000000000000000000e+00
5.774000000000630735e+02 0.000000000000000000e+00
5.775000000000630962e+02 0.000000000000000000e+00
5.776000000000631189e+02 0.000000000000000000e+00
5.777000000000631417e+02 0.000000000000000000e+00
5.778000000000631644e+02 0.000000000000000000e+00
5.779000000000631871e+02 0.000000000000000000e+00
5.780000000000632099e+02 0.000000000000000000e+00
5.781000000000632326e+02 0.000000000000000000e+00
5.782000000000632554e+02 0.000000000000000000e+00
5.783000000000632781e+02 0.000000000000000000e+00
5.784000000000633008e+02 0.000000000000000000e+00
5.785000000000633236e+02 0.000000000000000000e+00
5.786000000000633463e+02 0.000000000000000000e+00
5.787000000000633690e+02 0.000000000000000000e+00
5.788000000000633918e+02 0.000000000000000000e+00
5.789000000000634145e+02 0.000000000000000000e+00
5.790000000000634373e+02 0.000000000000000000e+00
5.791000000000634600e+02 0.000000000000000000e+00
5.792000000000634827e+02 0.000000000000000000e+00
5.793000000000635055e+02 0.000000000000000000e+00
5.794000000000635282e+02 0.000000000000000000e+00
5.795000000000635509e+02 0.000000000000000000e+00
5.796000000000635737e+02 0.000000000000000000e+00
5.797000000000635964e+02 0.000000000000000000e+00
5.798000000000636192e+02 0.000000000000000000e+00
5.799000000000636419e+02 0.000000000000000000e+00
5.800000000000636646e+02 0.000000000000000000e+00
5.801000000000636874e+02 0.000000000000000000e+00
5.802000000000637101e+02 0.000000000000000000e+00
5.803000000000637328e+02 0.000000000000000000e+00
5.804000000000637556e+02 0.000000000000000000e+00
5.805000000000637783e+02 0.000000000000000000e+00
5.806000000000638011e+02 0.000000000000000000e+00
5.807000000000638238e+02 0.000000000000000000e+00
5.808000000000638465e+02 0.000000000000000000e+00
5.809000000000638693e+02 0.000000000000000000e+00
5.810000000000638920e+02 0.000000000000000000e+00
5.811000000000639147e+02 0.000000000000000000e+00
5.812000000000639375e+02 0.000000000000000000e+00
5.813000000000639602e+02 0.000000000000000000e+00
5.814000000000639830e+02 0.000000000000000000e+00
5.815000000000640057e+02 0.000000000000000000e+00
5.816000000000640284e+02 0.000000000000000000e+00
5.817000000000640512e+02 0.000000000000000000e+00
5.818000000000640739e+02 0.000000000000000000e+00
5.819000000000640966e+02 0.000000000000000000e+00
5.820000000000641194e+02 0.000000000000000000e+00
5.821000000000641421e+02 0.000000000000000000e+00
5.822000000000641649e+02 0.000000000000000000e+00
5.823000000000641876e+02 0.000000000000000000e+00
5.824000000000642103e+02 0.000000000000000000e+00
5.825000000000642331e+02 0.000000000000000000e+00
5.826000000000642558e+02 0.000000000000000000e+00
5.827000000000642785e+02 0.000000000000000000e+00
5.828000000000643013e+02 0.000000000000000000e+00
5.829000000000643240e+02 0.000000000000000000e+00
5.830000000000643468e+02 0.000000000000000000e+00
5.831000000000643695e+02 0.000000000000000000e+00
5.832000000000643922e+02 0.000000000000000000e+00
5.833000000000644150e+02 0.000000000000000000e+00
5.834000000000644377e+02 0.000000000000000000e+00
5.835000000000644604e+02 0.000000000000000000e+00
5.836000000000644832e+02 0.000000000000000000e+00
5.837000000000645059e+02 0.000000000000000000e+00
5.838000000000645286e+02 0.000000000000000000e+00
5.839000000000645514e+02 0.000000000000000000e+00
5.840000000000645741e+02 0.000000000000000000e+00
5.841000000000645969e+02 0.000000000000000000e+00
5.842000000000646196e+02 0.000000000000000000e+00
5.843000000000646423e+02 0.000000000000000000e+00
5.844000000000646651e+02 0.000000000000000000e+00
5.845000000000646878e+02 0.000000000000000000e+00
5.846000000000647105e+02 0.000000000000000000e+00
5.847000000000647333e+02 0.000000000000000000e+00
5.848000000000647560e+02 0.000000000000000000e+00
5.849000000000647788e+02 0.000000000000000000e+00
5.850000000000648015e+02 0.000000000000000000e+00
5.851000000000648242e+02 0.000000000000000000e+00
5.852000000000648470e+02 0.000000000000000000e+00
5.853000000000648697e+02 0.000000000000000000e+00
5.854000000000648924e+02 0.000000000000000000e+00
5.855000000000649152e+02 0.000000000000000000e+00
5.856000000000649379e+02 0.000000000000000000e+00
5.857000000000649607e+02 0.000000000000000000e+00
5.858000000000649834e+02 0.000000000000000000e+00
5.859000000000650061e+02 0.000000000000000000e+00
5.860000000000650289e+02 0.000000000000000000e+00
5.861000000000650516e+02 0.000000000000000000e+00
5.862000000000650743e+02 0.000000000000000000e+00
5.863000000000650971e+02 0.000000000000000000e+00
5.864000000000651198e+02 0.000000000000000000e+00
5.865000000000651426e+02 0.000000000000000000e+00
5.866000000000651653e+02 0.000000000000000000e+00
5.867000000000651880e+02 0.000000000000000000e+00
5.868000000000652108e+02 0.000000000000000000e+00
5.869000000000652335e+02 0.000000000000000000e+00
5.870000000000652562e+02 0.000000000000000000e+00
5.871000000000652790e+02 0.000000000000000000e+00
5.872000000000653017e+02 0.000000000000000000e+00
5.873000000000653245e+02 0.000000000000000000e+00
5.874000000000653472e+02 0.000000000000000000e+00
5.875000000000653699e+02 0.000000000000000000e+00
5.876000000000653927e+02 0.000000000000000000e+00
5.877000000000654154e+02 0.000000000000000000e+00
5.878000000000654381e+02 0.000000000000000000e+00
5.879000000000654609e+02 0.000000000000000000e+00
5.880000000000654836e+02 0.000000000000000000e+00
5.881000000000655064e+02 0.000000000000000000e+00
5.882000000000655291e+02 0.000000000000000000e+00
5.883000000000655518e+02 0.000000000000000000e+00
5.884000000000655746e+02 0.000000000000000000e+00
5.885000000000655973e+02 0.000000000000000000e+00
5.886000000000656200e+02 0.000000000000000000e+00
5.887000000000656428e+02 0.000000000000000000e+00
5.888000000000656655e+02 0.000000000000000000e+00
5.889000000000656883e+02 0.000000000000000000e+00
5.890000000000657110e+02 0.000000000000000000e+00
5.891000000000657337e+02 0.000000000000000000e+00
5.892000000000657565e+02 0.000000000000000000e+00
5.893000000000657792e+02 0.000000000000000000e+00
5.894000000000658019e+02 0.000000000000000000e+00
5.895000000000658247e+02 0.000000000000000000e+00
5.896000000000658474e+02 0.000000000000000000e+00
5.897000000000658702e+02 0.000000000000000000e+00
5.898000000000658929e+02 0.000000000000000000e+00
5.899000000000659156e+02 0.000000000000000000e+00
5.900000000000659384e+02 0.000000000000000000e+00
5.901000000000659611e+02 0.000000000000000000e+00
5.902000000000659838e+02 0.000000000000000000e+00
5.903000000000660066e+02 0.000000000000000000e+00
5.904000000000660293e+02 0.000000000000000000e+00
5.905000000000660521e+02 0.000000000000000000e+00
5.906000000000660748e+02 0.000000000000000000e+00
5.907000000000660975e+02 0.000000000000000000e+00
5.908000000000661203e+02 0.000000000000000000e+00
5.909000000000661430e+02 0.000000000000000000e+00
5.910000000000661657e+02 0.000000000000000000e+00
5.911000000000661885e+02 0.000000000000000000e+00
5.912000000000662112e+02 0.000000000000000000e+00
5.913000000000662340e+02 0.000000000000000000e+00
5.914000000000662567e+02 0.000000000000000000e+00
5.915000000000662794e+02 0.000000000000000000e+00
5.916000000000663022e+02 0.000000000000000000e+00
5.917000000000663249e+02 0.000000000000000000e+00
5.918000000000663476e+02 0.000000000000000000e+00
5.919000000000663704e+02 0.000000000000000000e+00
5.920000000000663931e+02 0.000000000000000000e+00
5.921000000000664159e+02 0.000000000000000000e+00
5.922000000000664386e+02 0.000000000000000000e+00
5.923000000000664613e+02 0.000000000000000000e+00
5.924000000000664841e+02 0.000000000000000000e+00
5.925000000000665068e+02 0.000000000000000000e+00
5.926000000000665295e+02 0.000000000000000000e+00
5.927000000000665523e+02 0.000000000000000000e+00
5.928000000000665750e+02 0.000000000000000000e+00
5.929000000000665977e+02 0.000000000000000000e+00
5.930000000000666205e+02 0.000000000000000000e+00
5.931000000000666432e+02 0.000000000000000000e+00
5.932000000000666660e+02 0.000000000000000000e+00
5.933000000000666887e+02 0.000000000000000000e+00
5.934000000000667114e+02 0.000000000000000000e+00
5.935000000000667342e+02 0.000000000000000000e+00
5.936000000000667569e+02 0.000000000000000000e+00
5.937000000000667796e+02 0.000000000000000000e+00
5.938000000000668024e+02 0.000000000000000000e+00
5.939000000000668251e+02 0.000000000000000000e+00
5.940000000000668479e+02 0.000000000000000000e+00
5.941000000000668706e+02 0.000000000000000000e+00
5.942000000000668933e+02 0.000000000000000000e+00
5.943000000000669161e+02 0.000000000000000000e+00
5.944000000000669388e+02 0.000000000000000000e+00
5.945000000000669615e+02 0.000000000000000000e+00
5.946000000000669843e+02 0.000000000000000000e+00
5.947000000000670070e+02 0.000000000000000000e+00
5.948000000000670298e+02 0.000000000000000000e+00
5.949000000000670525e+02 0.000000000000000000e+00
5.950000000000670752e+02 0.000000000000000000e+00
5.951000000000670980e+02 0.000000000000000000e+00
5.952000000000671207e+02 0.000000000000000000e+00
5.953000000000671434e+02 0.000000000000000000e+00
5.954000000000671662e+02 0.000000000000000000e+00
5.955000000000671889e+02 0.000000000000000000e+00
5.956000000000672117e+02 0.000000000000000000e+00
5.957000000000672344e+02 0.000000000000000000e+00
5.958000000000672571e+02 0.000000000000000000e+00
5.959000000000672799e+02 0.000000000000000000e+00
5.960000000000673026e+02 0.000000000000000000e+00
5.961000000000673253e+02 0.000000000000000000e+00
5.962000000000673481e+02 0.000000000000000000e+00
5.963000000000673708e+02 0.000000000000000000e+00
5.964000000000673936e+02 0.000000000000000000e+00
5.965000000000674163e+02 0.000000000000000000e+00
5.966000000000674390e+02 0.000000000000000000e+00
5.967000000000674618e+02 0.000000000000000000e+00
5.968000000000674845e+02 0.000000000000000000e+00
5.969000000000675072e+02 0.000000000000000000e+00
5.970000000000675300e+02 0.000000000000000000e+00
5.971000000000675527e+02 0.000000000000000000e+00
5.972000000000675755e+02 0.000000000000000000e+00
5.973000000000675982e+02 0.000000000000000000e+00
5.974000000000676209e+02 0.000000000000000000e+00
5.975000000000676437e+02 0.000000000000000000e+00
5.976000000000676664e+02 0.000000000000000000e+00
5.977000000000676891e+02 0.000000000000000000e+00
5.978000000000677119e+02 0.000000000000000000e+00
5.979000000000677346e+02 0.000000000000000000e+00
5.980000000000677574e+02 0.000000000000000000e+00
5.981000000000677801e+02 0.000000000000000000e+00
5.982000000000678028e+02 0.000000000000000000e+00
5.983000000000678256e+02 0.000000000000000000e+00
5.984000000000678483e+02 0.000000000000000000e+00
5.985000000000678710e+02 0.000000000000000000e+00
5.986000000000678938e+02 0.000000000000000000e+00
5.987000000000679165e+02 0.000000000000000000e+00
5.988000000000679393e+02 0.000000000000000000e+00
5.989000000000679620e+02 0.000000000000000000e+00
5.990000000000679847e+02 0.000000000000000000e+00
5.991000000000680075e+02 0.000000000000000000e+00
5.992000000000680302e+02 0.000000000000000000e+00
5.993000000000680529e+02 0.000000000000000000e+00
5.994000000000680757e+02 0.000000000000000000e+00
5.995000000000680984e+02 0.000000000000000000e+00
5.996000000000681212e+02 0.000000000000000000e+00
5.997000000000681439e+02 0.000000000000000000e+00
5.998000000000681666e+02 0.000000000000000000e+00
5.999000000000681894e+02 0.000000000000000000e+00
6.000000000000682121e+02 0.000000000000000000e+00
6.001000000000682348e+02 0.000000000000000000e+00
6.002000000000682576e+02 0.000000000000000000e+00
6.003000000000682803e+02 0.000000000000000000e+00
6.004000000000683031e+02 0.000000000000000000e+00
6.005000000000683258e+02 0.000000000000000000e+00
6.006000000000683485e+02 0.000000000000000000e+00
6.007000000000683713e+02 0.000000000000000000e+00
6.008000000000683940e+02 0.000000000000000000e+00
6.009000000000684167e+02 0.000000000000000000e+00
6.010000000000684395e+02 0.000000000000000000e+00
6.011000000000684622e+02 0.000000000000000000e+00
6.012000000000684850e+02 0.000000000000000000e+00
6.013000000000685077e+02 0.000000000000000000e+00
6.014000000000685304e+02 0.000000000000000000e+00
6.015000000000685532e+02 0.000000000000000000e+00
6.016000000000685759e+02 0.000000000000000000e+00
6.017000000000685986e+02 0.000000000000000000e+00
6.018000000000686214e+02 0.000000000000000000e+00
6.019000000000686441e+02 0.000000000000000000e+00
6.020000000000686668e+02 0.000000000000000000e+00
6.021000000000686896e+02 0.000000000000000000e+00
6.022000000000687123e+02 0.000000000000000000e+00
6.023000000000687351e+02 0.000000000000000000e+00
6.024000000000687578e+02 0.000000000000000000e+00
6.025000000000687805e+02 0.000000000000000000e+00
6.026000000000688033e+02 0.000000000000000000e+00
6.027000000000688260e+02 0.000000000000000000e+00
6.028000000000688487e+02 0.000000000000000000e+00
6.029000000000688715e+02 0.000000000000000000e+00
6.030000000000688942e+02 0.000000000000000000e+00
6.031000000000689170e+02 0.000000000000000000e+00
6.032000000000689397e+02 0.000000000000000000e+00
6.033000000000689624e+02 0.000000000000000000e+00
6.034000000000689852e+02 0.000000000000000000e+00
6.035000000000690079e+02 0.000000000000000000e+00
6.036000000000690306e+02 0.000000000000000000e+00
6.037000000000690534e+02 0.000000000000000000e+00
6.038000000000690761e+02 0.000000000000000000e+00
6.039000000000690989e+02 0.000000000000000000e+00
6.040000000000691216e+02 0.000000000000000000e+00
6.041000000000691443e+02 0.000000000000000000e+00
6.042000000000691671e+02 0.000000000000000000e+00
6.043000000000691898e+02 0.000000000000000000e+00
6.044000000000692125e+02 0.000000000000000000e+00
6.045000000000692353e+02 0.000000000000000000e+00
6.046000000000692580e+02 0.000000000000000000e+00
6.047000000000692808e+02 0.000000000000000000e+00
6.048000000000693035e+02 0.000000000000000000e+00
6.049000000000693262e+02 0.000000000000000000e+00
6.050000000000693490e+02 0.000000000000000000e+00
6.051000000000693717e+02 0.000000000000000000e+00
6.052000000000693944e+02 0.000000000000000000e+00
6.053000000000694172e+02 0.000000000000000000e+00
6.054000000000694399e+02 0.000000000000000000e+00
6.055000000000694627e+02 0.000000000000000000e+00
6.056000000000694854e+02 0.000000000000000000e+00
6.057000000000695081e+02 0.000000000000000000e+00
6.058000000000695309e+02 0.000000000000000000e+00
6.059000000000695536e+02 0.000000000000000000e+00
6.060000000000695763e+02 0.000000000000000000e+00
6.061000000000695991e+02 0.000000000000000000e+00
6.062000000000696218e+02 0.000000000000000000e+00
6.063000000000696446e+02 0.000000000000000000e+00
6.064000000000696673e+02 0.000000000000000000e+00
6.065000000000696900e+02 0.000000000000000000e+00
6.066000000000697128e+02 0.000000000000000000e+00
6.067000000000697355e+02 0.000000000000000000e+00
6.068000000000697582e+02 0.000000000000000000e+00
6.069000000000697810e+02 0.000000000000000000e+00
6.070000000000698037e+02 0.000000000000000000e+00
6.071000000000698265e+02 0.000000000000000000e+00
6.072000000000698492e+02 0.000000000000000000e+00
6.073000000000698719e+02 0.000000000000000000e+00
6.074000000000698947e+02 0.000000000000000000e+00
6.075000000000699174e+02 0.000000000000000000e+00
6.076000000000699401e+02 0.000000000000000000e+00
6.077000000000699629e+02 0.000000000000000000e+00
6.078000000000699856e+02 0.000000000000000000e+00
6.079000000000700084e+02 0.000000000000000000e+00
6.080000000000700311e+02 0.000000000000000000e+00
6.081000000000700538e+02 0.000000000000000000e+00
6.082000000000700766e+02 0.000000000000000000e+00
6.083000000000700993e+02 0.000000000000000000e+00
6.084000000000701220e+02 0.000000000000000000e+00
6.085000000000701448e+02 0.000000000000000000e+00
6.086000000000701675e+02 0.000000000000000000e+00
6.087000000000701903e+02 0.000000000000000000e+00
6.088000000000702130e+02 0.000000000000000000e+00
6.089000000000702357e+02 0.000000000000000000e+00
6.090000000000702585e+02 0.000000000000000000e+00
6.091000000000702812e+02 0.000000000000000000e+00
6.092000000000703039e+02 0.000000000000000000e+00
6.093000000000703267e+02 0.000000000000000000e+00
6.094000000000703494e+02 0.000000000000000000e+00
6.095000000000703722e+02 0.000000000000000000e+00
6.096000000000703949e+02 0.000000000000000000e+00
6.097000000000704176e+02 0.000000000000000000e+00
6.098000000000704404e+02 0.000000000000000000e+00
6.099000000000704631e+02 0.000000000000000000e+00
6.100000000000704858e+02 0.000000000000000000e+00
6.101000000000705086e+02 0.000000000000000000e+00
6.102000000000705313e+02 0.000000000000000000e+00
6.103000000000705541e+02 0.000000000000000000e+00
6.104000000000705768e+02 0.000000000000000000e+00
6.105000000000705995e+02 0.000000000000000000e+00
6.106000000000706223e+02 0.000000000000000000e+00
6.107000000000706450e+02 0.000000000000000000e+00
6.108000000000706677e+02 0.000000000000000000e+00
6.109000000000706905e+02 0.000000000000000000e+00
6.110000000000707132e+02 0.000000000000000000e+00
6.111000000000707360e+02 0.000000000000000000e+00
6.112000000000707587e+02 0.000000000000000000e+00
6.113000000000707814e+02 0.000000000000000000e+00
6.114000000000708042e+02 0.000000000000000000e+00
6.115000000000708269e+02 0.000000000000000000e+00
6.116000000000708496e+02 0.000000000000000000e+00
6.117000000000708724e+02 0.000000000000000000e+00
6.118000000000708951e+02 0.000000000000000000e+00
6.119000000000709178e+02 0.000000000000000000e+00
6.120000000000709406e+02 0.000000000000000000e+00
6.121000000000709633e+02 0.000000000000000000e+00
6.122000000000709861e+02 0.000000000000000000e+00
6.123000000000710088e+02 0.000000000000000000e+00
6.124000000000710315e+02 0.000000000000000000e+00
6.125000000000710543e+02 0.000000000000000000e+00
6.126000000000710770e+02 0.000000000000000000e+00
6.127000000000710997e+02 0.000000000000000000e+00
6.128000000000711225e+02 0.000000000000000000e+00
6.129000000000711452e+02 0.000000000000000000e+00
6.130000000000711680e+02 0.000000000000000000e+00
6.131000000000711907e+02 0.000000000000000000e+00
6.132000000000712134e+02 0.000000000000000000e+00
6.133000000000712362e+02 0.000000000000000000e+00
6.134000000000712589e+02 0.000000000000000000e+00
6.135000000000712816e+02 0.000000000000000000e+00
6.136000000000713044e+02 0.000000000000000000e+00
6.137000000000713271e+02 0.000000000000000000e+00
6.138000000000713499e+02 0.000000000000000000e+00
6.139000000000713726e+02 0.000000000000000000e+00
6.140000000000713953e+02 0.000000000000000000e+00
6.141000000000714181e+02 0.000000000000000000e+00
6.142000000000714408e+02 0.000000000000000000e+00
6.143000000000714635e+02 0.000000000000000000e+00
6.144000000000714863e+02 0.000000000000000000e+00
6.145000000000715090e+02 0.000000000000000000e+00
6.146000000000715318e+02 0.000000000000000000e+00
6.147000000000715545e+02 0.000000000000000000e+00
6.148000000000715772e+02 0.000000000000000000e+00
6.149000000000716000e+02 0.000000000000000000e+00
6.150000000000716227e+02 0.000000000000000000e+00
6.151000000000716454e+02 0.000000000000000000e+00
6.152000000000716682e+02 0.000000000000000000e+00
6.153000000000716909e+02 0.000000000000000000e+00
6.154000000000717137e+02 0.000000000000000000e+00
6.155000000000717364e+02 0.000000000000000000e+00
6.156000000000717591e+02 0.000000000000000000e+00
6.157000000000717819e+02 0.000000000000000000e+00
6.158000000000718046e+02 0.000000000000000000e+00
6.159000000000718273e+02 0.000000000000000000e+00
6.160000000000718501e+02 0.000000000000000000e+00
6.161000000000718728e+02 0.000000000000000000e+00
6.162000000000718956e+02 0.000000000000000000e+00
6.163000000000719183e+02 0.000000000000000000e+00
6.164000000000719410e+02 0.000000000000000000e+00
6.165000000000719638e+02 0.000000000000000000e+00
6.166000000000719865e+02 0.000000000000000000e+00
6.167000000000720092e+02 0.000000000000000000e+00
6.168000000000720320e+02 0.000000000000000000e+00
6.169000000000720547e+02 0.000000000000000000e+00
6.170000000000720775e+02 0.000000000000000000e+00
6.171000000000721002e+02 0.000000000000000000e+00
6.172000000000721229e+02 0.000000000000000000e+00
6.173000000000721457e+02 0.000000000000000000e+00
6.174000000000721684e+02 0.000000000000000000e+00
6.175000000000721911e+02 0.000000000000000000e+00
6.176000000000722139e+02 0.000000000000000000e+00
6.177000000000722366e+02 0.000000000000000000e+00
6.178000000000722594e+02 0.000000000000000000e+00
6.179000000000722821e+02 0.000000000000000000e+00
6.180000000000723048e+02 0.000000000000000000e+00
6.181000000000723276e+02 0.000000000000000000e+00
6.182000000000723503e+02 0.000000000000000000e+00
6.183000000000723730e+02 0.000000000000000000e+00
6.184000000000723958e+02 0.000000000000000000e+00
6.185000000000724185e+02 0.000000000000000000e+00
6.186000000000724413e+02 0.000000000000000000e+00
6.187000000000724640e+02 0.000000000000000000e+00
6.188000000000724867e+02 0.000000000000000000e+00
6.189000000000725095e+02 0.000000000000000000e+00
6.190000000000725322e+02 0.000000000000000000e+00
6.191000000000725549e+02 0.000000000000000000e+00
6.192000000000725777e+02 0.000000000000000000e+00
6.193000000000726004e+02 0.000000000000000000e+00
6.194000000000726232e+02 0.000000000000000000e+00
6.195000000000726459e+02 0.000000000000000000e+00
6.196000000000726686e+02 0.000000000000000000e+00
6.197000000000726914e+02 0.000000000000000000e+00
6.198000000000727141e+02 0.000000000000000000e+00
6.199000000000727368e+02 0.000000000000000000e+00
6.200000000000727596e+02 0.000000000000000000e+00
6.201000000000727823e+02 0.000000000000000000e+00
6.202000000000728051e+02 0.000000000000000000e+00
6.203000000000728278e+02 0.000000000000000000e+00
6.204000000000728505e+02 0.000000000000000000e+00
6.205000000000728733e+02 0.000000000000000000e+00
6.206000000000728960e+02 0.000000000000000000e+00
6.207000000000729187e+02 0.000000000000000000e+00
6.208000000000729415e+02 0.000000000000000000e+00
6.209000000000729642e+02 0.000000000000000000e+00
6.210000000000729869e+02 0.000000000000000000e+00
6.211000000000730097e+02 0.000000000000000000e+00
6.212000000000730324e+02 0.000000000000000000e+00
6.213000000000730552e+02 0.000000000000000000e+00
6.214000000000730779e+02 0.000000000000000000e+00
6.215000000000731006e+02 0.000000000000000000e+00
6.216000000000731234e+02 0.000000000000000000e+00
6.217000000000731461e+02 0.000000000000000000e+00
6.218000000000731688e+02 0.000000000000000000e+00
6.219000000000731916e+02 0.000000000000000000e+00
6.220000000000732143e+02 0.000000000000000000e+00
6.221000000000732371e+02 0.000000000000000000e+00
6.222000000000732598e+02 0.000000000000000000e+00
6.223000000000732825e+02 0.000000000000000000e+00
6.224000000000733053e+02 0.000000000000000000e+00
6.225000000000733280e+02 0.000000000000000000e+00
6.226000000000733507e+02 0.000000000000000000e+00
6.227000000000733735e+02 0.000000000000000000e+00
6.228000000000733962e+02 0.000000000000000000e+00
6.229000000000734190e+02 0.000000000000000000e+00
6.230000000000734417e+02 0.000000000000000000e+00
6.231000000000734644e+02 0.000000000000000000e+00
6.232000000000734872e+02 0.000000000000000000e+00
6.233000000000735099e+02 0.000000000000000000e+00
6.234000000000735326e+02 0.000000000000000000e+00
6.235000000000735554e+02 0.000000000000000000e+00
6.236000000000735781e+02 0.000000000000000000e+00
6.237000000000736009e+02 0.000000000000000000e+00
6.238000000000736236e+02 0.000000000000000000e+00
6.239000000000736463e+02 0.000000000000000000e+00
6.240000000000736691e+02 0.000000000000000000e+00
6.241000000000736918e+02 0.000000000000000000e+00
6.242000000000737145e+02 0.000000000000000000e+00
6.243000000000737373e+02 0.000000000000000000e+00
6.244000000000737600e+02 0.000000000000000000e+00
6.245000000000737828e+02 0.000000000000000000e+00
6.246000000000738055e+02 0.000000000000000000e+00
6.247000000000738282e+02 0.000000000000000000e+00
6.248000000000738510e+02 0.000000000000000000e+00
6.249000000000738737e+02 0.000000000000000000e+00
6.250000000000738964e+02 0.000000000000000000e+00
6.251000000000739192e+02 0.000000000000000000e+00
6.252000000000739419e+02 0.000000000000000000e+00
6.253000000000739647e+02 0.000000000000000000e+00
6.254000000000739874e+02 0.000000000000000000e+00
6.255000000000740101e+02 0.000000000000000000e+00
6.256000000000740329e+02 0.000000000000000000e+00
6.257000000000740556e+02 0.000000000000000000e+00
6.258000000000740783e+02 0.000000000000000000e+00
6.259000000000741011e+02 0.000000000000000000e+00
6.260000000000741238e+02 0.000000000000000000e+00
6.261000000000741466e+02 0.000000000000000000e+00
6.262000000000741693e+02 0.000000000000000000e+00
6.263000000000741920e+02 0.000000000000000000e+00
6.264000000000742148e+02 0.000000000000000000e+00
6.265000000000742375e+02 0.000000000000000000e+00
6.266000000000742602e+02 0.000000000000000000e+00
6.267000000000742830e+02 0.000000000000000000e+00
6.268000000000743057e+02 0.000000000000000000e+00
6.269000000000743285e+02 0.000000000000000000e+00
6.270000000000743512e+02 0.000000000000000000e+00
6.271000000000743739e+02 0.000000000000000000e+00
6.272000000000743967e+02 0.000000000000000000e+00
6.273000000000744194e+02 0.000000000000000000e+00
6.274000000000744421e+02 0.000000000000000000e+00
6.275000000000744649e+02 0.000000000000000000e+00
6.276000000000744876e+02 0.000000000000000000e+00
6.277000000000745104e+02 0.000000000000000000e+00
6.278000000000745331e+02 0.000000000000000000e+00
6.279000000000745558e+02 0.000000000000000000e+00
6.280000000000745786e+02 0.000000000000000000e+00
6.281000000000746013e+02 0.000000000000000000e+00
6.282000000000746240e+02 0.000000000000000000e+00
6.283000000000746468e+02 0.000000000000000000e+00
6.284000000000746695e+02 0.000000000000000000e+00
6.285000000000746923e+02 0.000000000000000000e+00
6.286000000000747150e+02 0.000000000000000000e+00
6.287000000000747377e+02 0.000000000000000000e+00
6.288000000000747605e+02 0.000000000000000000e+00
6.289000000000747832e+02 0.000000000000000000e+00
6.290000000000748059e+02 0.000000000000000000e+00
6.291000000000748287e+02 0.000000000000000000e+00
6.292000000000748514e+02 0.000000000000000000e+00
6.293000000000748742e+02 0.000000000000000000e+00
6.294000000000748969e+02 0.000000000000000000e+00
6.295000000000749196e+02 0.000000000000000000e+00
6.296000000000749424e+02 0.000000000000000000e+00
6.297000000000749651e+02 0.000000000000000000e+00
6.298000000000749878e+02 0.000000000000000000e+00
6.299000000000750106e+02 0.000000000000000000e+00
6.300000000000750333e+02 0.000000000000000000e+00
6.301000000000750561e+02 0.000000000000000000e+00
6.302000000000750788e+02 0.000000000000000000e+00
6.303000000000751015e+02 0.000000000000000000e+00
6.304000000000751243e+02 0.000000000000000000e+00
6.305000000000751470e+02 0.000000000000000000e+00
6.306000000000751697e+02 0.000000000000000000e+00
6.307000000000751925e+02 0.000000000000000000e+00
6.308000000000752152e+02 0.000000000000000000e+00
6.309000000000752379e+02 0.000000000000000000e+00
6.310000000000752607e+02 0.000000000000000000e+00
6.311000000000752834e+02 0.000000000000000000e+00
6.312000000000753062e+02 0.000000000000000000e+00
6.313000000000753289e+02 0.000000000000000000e+00
6.314000000000753516e+02 0.000000000000000000e+00
6.315000000000753744e+02 0.000000000000000000e+00
6.316000000000753971e+02 0.000000000000000000e+00
6.317000000000754198e+02 0.000000000000000000e+00
6.318000000000754426e+02 0.000000000000000000e+00
6.319000000000754653e+02 0.000000000000000000e+00
6.320000000000754881e+02 0.000000000000000000e+00
6.321000000000755108e+02 0.000000000000000000e+00
6.322000000000755335e+02 0.000000000000000000e+00
6.323000000000755563e+02 0.000000000000000000e+00
6.324000000000755790e+02 0.000000000000000000e+00
6.325000000000756017e+02 0.000000000000000000e+00
6.326000000000756245e+02 0.000000000000000000e+00
6.327000000000756472e+02 0.000000000000000000e+00
6.328000000000756700e+02 0.000000000000000000e+00
6.329000000000756927e+02 0.000000000000000000e+00
6.330000000000757154e+02 0.000000000000000000e+00
6.331000000000757382e+02 0.000000000000000000e+00
6.332000000000757609e+02 0.000000000000000000e+00
6.333000000000757836e+02 0.000000000000000000e+00
6.334000000000758064e+02 0.000000000000000000e+00
6.335000000000758291e+02 0.000000000000000000e+00
6.336000000000758519e+02 0.000000000000000000e+00
6.337000000000758746e+02 0.000000000000000000e+00
6.338000000000758973e+02 0.000000000000000000e+00
6.339000000000759201e+02 0.000000000000000000e+00
6.340000000000759428e+02 0.000000000000000000e+00
6.341000000000759655e+02 0.000000000000000000e+00
6.342000000000759883e+02 0.000000000000000000e+00
6.343000000000760110e+02 0.000000000000000000e+00
6.344000000000760338e+02 0.000000000000000000e+00
6.345000000000760565e+02 0.000000000000000000e+00
6.346000000000760792e+02 0.000000000000000000e+00
6.347000000000761020e+02 0.000000000000000000e+00
6.348000000000761247e+02 0.000000000000000000e+00
6.349000000000761474e+02 0.000000000000000000e+00
6.350000000000761702e+02 0.000000000000000000e+00
6.351000000000761929e+02 0.000000000000000000e+00
6.352000000000762157e+02 0.000000000000000000e+00
6.353000000000762384e+02 0.000000000000000000e+00
6.354000000000762611e+02 0.000000000000000000e+00
6.355000000000762839e+02 0.000000000000000000e+00
6.356000000000763066e+02 0.000000000000000000e+00
6.357000000000763293e+02 0.000000000000000000e+00
6.358000000000763521e+02 0.000000000000000000e+00
6.359000000000763748e+02 0.000000000000000000e+00
6.360000000000763976e+02 0.000000000000000000e+00
6.361000000000764203e+02 0.000000000000000000e+00
6.362000000000764430e+02 0.000000000000000000e+00
6.363000000000764658e+02 0.000000000000000000e+00
6.364000000000764885e+02 0.000000000000000000e+00
6.365000000000765112e+02 0.000000000000000000e+00
6.366000000000765340e+02 0.000000000000000000e+00
6.367000000000765567e+02 0.000000000000000000e+00
6.368000000000765795e+02 0.000000000000000000e+00
6.369000000000766022e+02 0.000000000000000000e+00
6.370000000000766249e+02 0.000000000000000000e+00
6.371000000000766477e+02 0.000000000000000000e+00
6.372000000000766704e+02 0.000000000000000000e+00
6.373000000000766931e+02 0.000000000000000000e+00
6.374000000000767159e+02 0.000000000000000000e+00
6.375000000000767386e+02 0.000000000000000000e+00
6.376000000000767614e+02 0.000000000000000000e+00
6.377000000000767841e+02 0.000000000000000000e+00
6.378000000000768068e+02 0.000000000000000000e+00
6.379000000000768296e+02 0.000000000000000000e+00
6.380000000000768523e+02 0.000000000000000000e+00
6.381000000000768750e+02 0.000000000000000000e+00
6.382000000000768978e+02 0.000000000000000000e+00
6.383000000000769205e+02 0.000000000000000000e+00
6.384000000000769433e+02 0.000000000000000000e+00
6.385000000000769660e+02 0.000000000000000000e+00
6.386000000000769887e+02 0.000000000000000000e+00
6.387000000000770115e+02 0.000000000000000000e+00
6.388000000000770342e+02 0.000000000000000000e+00
6.389000000000770569e+02 0.000000000000000000e+00
6.390000000000770797e+02 0.000000000000000000e+00
6.391000000000771024e+02 0.000000000000000000e+00
6.392000000000771252e+02 0.000000000000000000e+00
6.393000000000771479e+02 0.000000000000000000e+00
6.394000000000771706e+02 0.000000000000000000e+00
6.395000000000771934e+02 0.000000000000000000e+00
6.396000000000772161e+02 0.000000000000000000e+00
6.397000000000772388e+02 0.000000000000000000e+00
6.398000000000772616e+02 0.000000000000000000e+00
6.399000000000772843e+02 0.000000000000000000e+00
6.400000000000773070e+02 0.000000000000000000e+00
6.401000000000773298e+02 0.000000000000000000e+00
6.402000000000773525e+02 0.000000000000000000e+00
6.403000000000773753e+02 0.000000000000000000e+00
6.404000000000773980e+02 0.000000000000000000e+00
6.405000000000774207e+02 0.000000000000000000e+00
6.406000000000774435e+02 0.000000000000000000e+00
6.407000000000774662e+02 0.000000000000000000e+00
6.408000000000774889e+02 0.000000000000000000e+00
6.409000000000775117e+02 0.000000000000000000e+00
6.410000000000775344e+02 0.000000000000000000e+00
6.411000000000775572e+02 0.000000000000000000e+00
6.412000000000775799e+02 0.000000000000000000e+00
6.413000000000776026e+02 0.000000000000000000e+00
6.414000000000776254e+02 0.000000000000000000e+00
6.415000000000776481e+02 0.000000000000000000e+00
6.416000000000776708e+02 0.000000000000000000e+00
6.417000000000776936e+02 0.000000000000000000e+00
6.418000000000777163e+02 0.000000000000000000e+00
6.419000000000777391e+02 0.000000000000000000e+00
6.420000000000777618e+02 0.000000000000000000e+00
6.421000000000777845e+02 0.000000000000000000e+00
6.422000000000778073e+02 0.000000000000000000e+00
6.423000000000778300e+02 0.000000000000000000e+00
6.424000000000778527e+02 0.000000000000000000e+00
6.425000000000778755e+02 0.000000000000000000e+00
6.426000000000778982e+02 0.000000000000000000e+00
6.427000000000779210e+02 0.000000000000000000e+00
6.428000000000779437e+02 0.000000000000000000e+00
6.429000000000779664e+02 0.000000000000000000e+00
6.430000000000779892e+02 0.000000000000000000e+00
6.431000000000780119e+02 0.000000000000000000e+00
6.432000000000780346e+02 0.000000000000000000e+00
6.433000000000780574e+02 0.000000000000000000e+00
6.434000000000780801e+02 0.000000000000000000e+00
6.435000000000781029e+02 0.000000000000000000e+00
6.436000000000781256e+02 0.000000000000000000e+00
6.437000000000781483e+02 0.000000000000000000e+00
6.438000000000781711e+02 0.000000000000000000e+00
6.439000000000781938e+02 0.000000000000000000e+00
6.440000000000782165e+02 0.000000000000000000e+00
6.441000000000782393e+02 0.000000000000000000e+00
6.442000000000782620e+02 0.000000000000000000e+00
6.443000000000782848e+02 0.000000000000000000e+00
6.444000000000783075e+02 0.000000000000000000e+00
6.445000000000783302e+02 0.000000000000000000e+00
6.446000000000783530e+02 0.000000000000000000e+00
6.447000000000783757e+02 0.000000000000000000e+00
6.448000000000783984e+02 0.000000000000000000e+00
6.449000000000784212e+02 0.000000000000000000e+00
6.450000000000784439e+02 0.000000000000000000e+00
6.451000000000784667e+02 0.000000000000000000e+00
6.452000000000784894e+02 0.000000000000000000e+00
6.453000000000785121e+02 0.000000000000000000e+00
6.454000000000785349e+02 0.000000000000000000e+00
6.455000000000785576e+02 0.000000000000000000e+00
6.456000000000785803e+02 0.000000000000000000e+00
6.457000000000786031e+02 0.000000000000000000e+00
6.458000000000786258e+02 0.000000000000000000e+00
6.459000000000786486e+02 0.000000000000000000e+00
6.460000000000786713e+02 0.000000000000000000e+00
6.461000000000786940e+02 0.000000000000000000e+00
6.462000000000787168e+02 0.000000000000000000e+00
6.463000000000787395e+02 0.000000000000000000e+00
6.464000000000787622e+02 0.000000000000000000e+00
6.465000000000787850e+02 0.000000000000000000e+00
6.466000000000788077e+02 0.000000000000000000e+00
6.467000000000788305e+02 0.000000000000000000e+00
6.468000000000788532e+02 0.000000000000000000e+00
6.469000000000788759e+02 0.000000000000000000e+00
6.470000000000788987e+02 0.000000000000000000e+00
6.471000000000789214e+02 0.000000000000000000e+00
6.472000000000789441e+02 0.000000000000000000e+00
6.473000000000789669e+02 0.000000000000000000e+00
6.474000000000789896e+02 0.000000000000000000e+00
6.475000000000790124e+02 0.000000000000000000e+00
6.476000000000790351e+02 0.000000000000000000e+00
6.477000000000790578e+02 0.000000000000000000e+00
6.478000000000790806e+02 0.000000000000000000e+00
6.479000000000791033e+02 0.000000000000000000e+00
6.480000000000791260e+02 0.000000000000000000e+00
6.481000000000791488e+02 0.000000000000000000e+00
6.482000000000791715e+02 0.000000000000000000e+00
6.483000000000791943e+02 0.000000000000000000e+00
6.484000000000792170e+02 0.000000000000000000e+00
6.485000000000792397e+02 0.000000000000000000e+00
6.486000000000792625e+02 0.000000000000000000e+00
6.487000000000792852e+02 0.000000000000000000e+00
6.488000000000793079e+02 0.000000000000000000e+00
6.489000000000793307e+02 0.000000000000000000e+00
6.490000000000793534e+02 0.000000000000000000e+00
6.491000000000793762e+02 0.000000000000000000e+00
6.492000000000793989e+02 0.000000000000000000e+00
6.493000000000794216e+02 0.000000000000000000e+00
6.494000000000794444e+02 0.000000000000000000e+00
6.495000000000794671e+02 0.000000000000000000e+00
6.496000000000794898e+02 0.000000000000000000e+00
6.497000000000795126e+02 0.000000000000000000e+00
6.498000000000795353e+02 0.000000000000000000e+00
6.499000000000795580e+02 0.000000000000000000e+00
6.500000000000795808e+02 0.000000000000000000e+00
6.501000000000796035e+02 0.000000000000000000e+00
6.502000000000796263e+02 0.000000000000000000e+00
6.503000000000796490e+02 0.000000000000000000e+00
6.504000000000796717e+02 0.000000000000000000e+00
6.505000000000796945e+02 0.000000000000000000e+00
6.506000000000797172e+02 0.000000000000000000e+00
6.507000000000797399e+02 0.000000000000000000e+00
6.508000000000797627e+02 0.000000000000000000e+00
6.509000000000797854e+02 0.000000000000000000e+00
6.510000000000798082e+02 0.000000000000000000e+00
6.511000000000798309e+02 0.000000000000000000e+00
6.512000000000798536e+02 0.000000000000000000e+00
6.513000000000798764e+02 0.000000000000000000e+00
6.514000000000798991e+02 0.000000000000000000e+00
6.515000000000799218e+02 0.000000000000000000e+00
6.516000000000799446e+02 0.000000000000000000e+00
6.517000000000799673e+02 0.000000000000000000e+00
6.518000000000799901e+02 0.000000000000000000e+00
6.519000000000800128e+02 0.000000000000000000e+00
6.520000000000800355e+02 0.000000000000000000e+00
6.521000000000800583e+02 0.000000000000000000e+00
6.522000000000800810e+02 0.000000000000000000e+00
6.523000000000801037e+02 0.000000000000000000e+00
6.524000000000801265e+02 0.000000000000000000e+00
6.525000000000801492e+02 0.000000000000000000e+00
6.526000000000801720e+02 0.000000000000000000e+00
6.527000000000801947e+02 0.000000000000000000e+00
6.528000000000802174e+02 0.000000000000000000e+00
6.529000000000802402e+02 0.000000000000000000e+00
6.530000000000802629e+02 0.000000000000000000e+00
6.531000000000802856e+02 0.000000000000000000e+00
6.532000000000803084e+02 0.000000000000000000e+00
6.533000000000803311e+02 0.000000000000000000e+00
6.534000000000803539e+02 0.000000000000000000e+00
6.535000000000803766e+02 0.000000000000000000e+00
6.536000000000803993e+02 0.000000000000000000e+00
6.537000000000804221e+02 0.000000000000000000e+00
6.538000000000804448e+02 0.000000000000000000e+00
6.539000000000804675e+02 0.000000000000000000e+00
6.540000000000804903e+02 0.000000000000000000e+00
6.541000000000805130e+02 0.000000000000000000e+00
6.542000000000805358e+02 0.000000000000000000e+00
6.543000000000805585e+02 0.000000000000000000e+00
6.544000000000805812e+02 0.000000000000000000e+00
6.545000000000806040e+02 0.000000000000000000e+00
6.546000000000806267e+02 0.000000000000000000e+00
6.547000000000806494e+02 0.000000000000000000e+00
6.548000000000806722e+02 0.000000000000000000e+00
6.549000000000806949e+02 0.000000000000000000e+00
6.550000000000807177e+02 0.000000000000000000e+00
6.551000000000807404e+02 0.000000000000000000e+00
6.552000000000807631e+02 0.000000000000000000e+00
6.553000000000807859e+02 0.000000000000000000e+00
6.554000000000808086e+02 0.000000000000000000e+00
6.555000000000808313e+02 0.000000000000000000e+00
6.556000000000808541e+02 0.000000000000000000e+00
6.557000000000808768e+02 0.000000000000000000e+00
6.558000000000808996e+02 0.000000000000000000e+00
6.559000000000809223e+02 0.000000000000000000e+00
6.560000000000809450e+02 0.000000000000000000e+00
6.561000000000809678e+02 0.000000000000000000e+00
6.562000000000809905e+02 0.000000000000000000e+00
6.563000000000810132e+02 0.000000000000000000e+00
6.564000000000810360e+02 0.000000000000000000e+00
6.565000000000810587e+02 0.000000000000000000e+00
6.566000000000810815e+02 0.000000000000000000e+00
6.567000000000811042e+02 0.000000000000000000e+00
6.568000000000811269e+02 0.000000000000000000e+00
6.569000000000811497e+02 0.000000000000000000e+00
6.570000000000811724e+02 0.000000000000000000e+00
6.571000000000811951e+02 0.000000000000000000e+00
6.572000000000812179e+02 0.000000000000000000e+00
6.573000000000812406e+02 0.000000000000000000e+00
6.574000000000812634e+02 0.000000000000000000e+00
6.575000000000812861e+02 0.000000000000000000e+00
6.576000000000813088e+02 0.000000000000000000e+00
6.577000000000813316e+02 0.000000000000000000e+00
6.578000000000813543e+02 0.000000000000000000e+00
6.579000000000813770e+02 0.000000000000000000e+00
6.580000000000813998e+02 0.000000000000000000e+00
6.581000000000814225e+02 0.000000000000000000e+00
6.582000000000814453e+02 0.000000000000000000e+00
6.583000000000814680e+02 0.000000000000000000e+00
6.584000000000814907e+02 0.000000000000000000e+00
6.585000000000815135e+02 0.000000000000000000e+00
6.586000000000815362e+02 0.000000000000000000e+00
6.587000000000815589e+02 0.000000000000000000e+00
6.588000000000815817e+02 0.000000000000000000e+00
6.589000000000816044e+02 0.000000000000000000e+00
6.590000000000816271e+02 0.000000000000000000e+00
6.591000000000816499e+02 0.000000000000000000e+00
6.592000000000816726e+02 0.000000000000000000e+00
6.593000000000816954e+02 0.000000000000000000e+00
6.594000000000817181e+02 0.000000000000000000e+00
6.595000000000817408e+02 0.000000000000000000e+00
6.596000000000817636e+02 0.000000000000000000e+00
6.597000000000817863e+02 0.000000000000000000e+00
6.598000000000818090e+02 0.000000000000000000e+00
6.599000000000818318e+02 0.000000000000000000e+00
6.600000000000818545e+02 0.000000000000000000e+00
6.601000000000818773e+02 0.000000000000000000e+00
6.602000000000819000e+02 0.000000000000000000e+00
6.603000000000819227e+02 0.000000000000000000e+00
6.604000000000819455e+02 0.000000000000000000e+00
6.605000000000819682e+02 0.000000000000000000e+00
6.606000000000819909e+02 0.000000000000000000e+00
6.607000000000820137e+02 0.000000000000000000e+00
6.608000000000820364e+02 0.000000000000000000e+00
6.609000000000820592e+02 0.000000000000000000e+00
6.610000000000820819e+02 0.000000000000000000e+00
6.611000000000821046e+02 0.000000000000000000e+00
6.612000000000821274e+02 0.000000000000000000e+00
6.613000000000821501e+02 0.000000000000000000e+00
6.614000000000821728e+02 0.000000000000000000e+00
6.615000000000821956e+02 0.000000000000000000e+00
6.616000000000822183e+02 0.000000000000000000e+00
6.617000000000822411e+02 0.000000000000000000e+00
6.618000000000822638e+02 0.000000000000000000e+00
6.619000000000822865e+02 0.000000000000000000e+00
6.620000000000823093e+02 0.000000000000000000e+00
6.621000000000823320e+02 0.000000000000000000e+00
6.622000000000823547e+02 0.000000000000000000e+00
6.623000000000823775e+02 0.000000000000000000e+00
6.624000000000824002e+02 0.000000000000000000e+00
6.625000000000824230e+02 0.000000000000000000e+00
6.626000000000824457e+02 0.000000000000000000e+00
6.627000000000824684e+02 0.000000000000000000e+00
6.628000000000824912e+02 0.000000000000000000e+00
6.629000000000825139e+02 0.000000000000000000e+00
6.630000000000825366e+02 0.000000000000000000e+00
6.631000000000825594e+02 0.000000000000000000e+00
6.632000000000825821e+02 0.000000000000000000e+00
6.633000000000826049e+02 0.000000000000000000e+00
6.634000000000826276e+02 0.000000000000000000e+00
6.635000000000826503e+02 0.000000000000000000e+00
6.636000000000826731e+02 0.000000000000000000e+00
6.637000000000826958e+02 0.000000000000000000e+00
6.638000000000827185e+02 0.000000000000000000e+00
6.639000000000827413e+02 0.000000000000000000e+00
6.640000000000827640e+02 0.000000000000000000e+00
6.641000000000827868e+02 0.000000000000000000e+00
6.642000000000828095e+02 0.000000000000000000e+00
6.643000000000828322e+02 0.000000000000000000e+00
6.644000000000828550e+02 0.000000000000000000e+00
6.645000000000828777e+02 0.000000000000000000e+00
6.646000000000829004e+02 0.000000000000000000e+00
6.647000000000829232e+02 0.000000000000000000e+00
6.648000000000829459e+02 0.000000000000000000e+00
6.649000000000829687e+02 0.000000000000000000e+00
6.650000000000829914e+02 0.000000000000000000e+00
6.651000000000830141e+02 0.000000000000000000e+00
6.652000000000830369e+02 0.000000000000000000e+00
6.653000000000830596e+02 0.000000000000000000e+00
6.654000000000830823e+02 0.000000000000000000e+00
6.655000000000831051e+02 0.000000000000000000e+00
6.656000000000831278e+02 0.000000000000000000e+00
6.657000000000831506e+02 0.000000000000000000e+00
6.658000000000831733e+02 0.000000000000000000e+00
6.659000000000831960e+02 0.000000000000000000e+00
6.660000000000832188e+02 0.000000000000000000e+00
6.661000000000832415e+02 0.000000000000000000e+00
6.662000000000832642e+02 0.000000000000000000e+00
6.663000000000832870e+02 0.000000000000000000e+00
6.664000000000833097e+02 0.000000000000000000e+00
6.665000000000833325e+02 0.000000000000000000e+00
6.666000000000833552e+02 0.000000000000000000e+00
6.667000000000833779e+02 0.000000000000000000e+00
6.668000000000834007e+02 0.000000000000000000e+00
6.669000000000834234e+02 0.000000000000000000e+00
6.670000000000834461e+02 0.000000000000000000e+00
6.671000000000834689e+02 0.000000000000000000e+00
6.672000000000834916e+02 0.000000000000000000e+00
6.673000000000835144e+02 0.000000000000000000e+00
6.674000000000835371e+02 0.000000000000000000e+00
6.675000000000835598e+02 0.000000000000000000e+00
6.676000000000835826e+02 0.000000000000000000e+00
6.677000000000836053e+02 0.000000000000000000e+00
6.678000000000836280e+02 0.000000000000000000e+00
6.679000000000836508e+02 0.000000000000000000e+00
6.680000000000836735e+02 0.000000000000000000e+00
6.681000000000836962e+02 0.000000000000000000e+00
6.682000000000837190e+02 0.000000000000000000e+00
6.683000000000837417e+02 0.000000000000000000e+00
6.684000000000837645e+02 0.000000000000000000e+00
6.685000000000837872e+02 0.000000000000000000e+00
6.686000000000838099e+02 0.000000000000000000e+00
6.687000000000838327e+02 0.000000000000000000e+00
6.688000000000838554e+02 0.000000000000000000e+00
6.689000000000838781e+02 2.059850097686440756e-03
6.690000000000839009e+02 2.127256118729984723e-03
6.691000000000839236e+02 2.223878409107684674e-03
6.692000000000839464e+02 2.320544249775417702e-03
6.693000000000839691e+02 2.417254608658732113e-03
6.694000000000839918e+02 2.514010472929311280e-03
6.695000000000840146e+02 2.610812832389577520e-03
6.696000000000840373e+02 2.707090339351152751e-03
6.697000000000840600e+02 2.803375709659992974e-03
6.698000000000840828e+02 2.899669900858625228e-03
6.699000000000841055e+02 2.995973815338560421e-03
6.700000000000841283e+02 3.092288284291031582e-03
6.701000000000841510e+02 3.273175601519829302e-03
6.702000000000841737e+02 3.454115723486158793e-03
6.703000000000841965e+02 3.635109771207246151e-03
6.704000000000842192e+02 3.816158702082149412e-03
6.705000000000842419e+02 3.997263279517391903e-03
6.706000000000842647e+02 4.179307430267295911e-03
6.707000000000842874e+02 4.361484675614449476e-03
6.708000000000843102e+02 4.543795050379499829e-03
6.709000000000843329e+02 4.726238273365132407e-03
6.710000000000843556e+02 4.908813716579560164e-03
6.711000000000843784e+02 5.220142592668125178e-03
6.712000000000844011e+02 5.531492148856654266e-03
6.713000000000844238e+02 5.842860485958067257e-03
6.714000000000844466e+02 6.154245018453169576e-03
6.715000000000844693e+02 6.465642422179422241e-03
6.716000000000844921e+02 6.777048582129422717e-03
6.717000000000845148e+02 7.088471869589382975e-03
6.718000000000845375e+02 7.399912280617305244e-03
6.719000000000845603e+02 7.711369811265386502e-03
6.720000000000845830e+02 8.022844457723261533e-03
6.721000000000846057e+02 8.505860091417303051e-03
6.722000000000846285e+02 8.989198318886946690e-03
6.723000000000846512e+02 9.472859229372188050e-03
6.724000000000846740e+02 9.956842912115888497e-03
6.725000000000846967e+02 1.044114945638219098e-02
6.726000000000847194e+02 1.092347442099372845e-02
6.727000000000847422e+02 1.140591886262442255e-02
6.728000000000847649e+02 1.188848279497797290e-02
6.729000000000847876e+02 1.237116623171032048e-02
6.730000000000848104e+02 1.285396918663385749e-02
6.731000000000848331e+02 1.347370548966632386e-02
6.732000000000848559e+02 1.409349851146195209e-02
6.733000000000848786e+02 1.471334824705272486e-02
6.734000000000849013e+02 1.533325469144186486e-02
6.735000000000849241e+02 1.595321783964957774e-02
6.736000000000849468e+02 1.657323768668003336e-02
6.737000000000849695e+02 1.719331422755576710e-02
6.738000000000849923e+02 1.781344745730146367e-02
6.739000000000850150e+02 1.843363737094399005e-02
6.740000000000850378e+02 1.905388396357290265e-02
6.741000000000850605e+02 1.977005761853165358e-02
6.742000000000850832e+02 2.048662259634901478e-02
6.743000000000851060e+02 2.120357895331028558e-02
6.744000000000851287e+02 2.192092674567789820e-02
6.745000000000851514e+02 2.263866602970829658e-02
6.746000000000851742e+02 2.335187549703530638e-02
6.747000000000851969e+02 2.406517591510733828e-02
6.748000000000852197e+02 2.477856728270943013e-02
6.749000000000852424e+02 2.549204959860104647e-02
6.750000000000852651e+02 2.620562286158689691e-02
6.751000000000852879e+02 2.693972712703342903e-02
6.752000000000853106e+02 2.767394906018676506e-02
6.753000000000853333e+02 2.840828866410727641e-02
6.754000000000853561e+02 2.914274594185737449e-02
6.755000000000853788e+02 2.987732089646901595e-02
6.756000000000854016e+02 3.061201353104018447e-02
6.757000000000854243e+02 3.134682384860554283e-02
6.758000000000854470e+02 3.208175185219873382e-02
6.759000000000854698e+02 3.281679754492427409e-02
6.760000000000854925e+02 3.355196092987269840e-02
6.761000000000855152e+02 3.439375396979958005e-02
6.762000000000855380e+02 3.523605252173272334e-02
6.763000000000855607e+02 3.607885669178457350e-02
6.764000000000855835e+02 3.692216658607783142e-02
6.765000000000856062e+02 3.776598231073864664e-02
6.766000000000856289e+02 3.860217719776909417e-02
6.767000000000856517e+02 3.943852598053459307e-02
6.768000000000856744e+02 4.027502866803652631e-02
6.769000000000856971e+02 4.111168526923774519e-02
6.770000000000857199e+02 4.194849579297675601e-02
6.771000000000857426e+02 4.274409712441275266e-02
6.772000000000857654e+02 4.353975299856531478e-02
6.773000000000857881e+02 4.433546340685714376e-02
6.774000000000858108e+02 4.513122834071400802e-02
6.775000000000858336e+02 4.592704779152285977e-02
6.776000000000858563e+02 4.673275815521763660e-02
6.777000000000858790e+02 4.753885814650188335e-02
6.778000000000859018e+02 4.834534779122533210e-02
6.779000000000859245e+02 4.915222711507214598e-02
6.780000000000859472e+02 4.995949614403729505e-02
6.781000000000859700e+02 5.082803501196696272e-02
6.782000000000859927e+02 5.169674925708772628e-02
6.783000000000860155e+02 5.256563889258673850e-02
6.784000000000860382e+02 5.343470393142443070e-02
6.785000000000860609e+02 5.430394438684974651e-02
6.786000000000860837e+02 5.517336027194145315e-02
6.787000000000861064e+02 5.604295159977771418e-02
6.788000000000861291e+02 5.691271838356039975e-02
6.789000000000861519e+02 5.778266063630885935e-02
6.790000000000861746e+02 5.865277837149403956e-02
6.791000000000861974e+02 5.982898499089733813e-02
6.792000000000862201e+02 6.100529116877980579e-02
6.793000000000862428e+02 6.218169689484968204e-02
6.794000000000862656e+02 6.335820215888364471e-02
6.795000000000862883e+02 6.453480695073302020e-02
6.796000000000863110e+02 6.571151125997144737e-02
6.797000000000863338e+02 6.688831507652681641e-02
6.798000000000863565e+02 6.806521839004402163e-02
6.799000000000863793e+02 6.924222119038907219e-02
6.800000000000864020e+02 7.041932346736429205e-02
6.801000000000864247e+02 7.169053686661586156e-02
6.802000000000864475e+02 7.296243911027604223e-02
6.803000000000864702e+02 7.423503030137851288e-02
6.804000000000864929e+02 7.550831054287986122e-02
6.805000000000865157e+02 7.678227993780661897e-02
6.806000000000865384e+02 7.804054351711507687e-02
6.807000000000865612e+02 7.929896770635957992e-02
6.808000000000865839e+02 8.055755250711449378e-02
6.809000000000866066e+02 8.181629792138855883e-02
6.810000000000866294e+02 8.307520395117343193e-02
6.811000000000866521e+02 8.461097703449123320e-02
6.812000000000866748e+02 8.614706348271920777e-02
6.813000000000866976e+02 8.768346331782901626e-02
6.814000000000867203e+02 8.922017656208272585e-02
6.815000000000867431e+02 9.075720323726522987e-02
6.816000000000867658e+02 9.229454336564979489e-02
6.817000000000867885e+02 9.383219696901609619e-02
6.818000000000868113e+02 9.537016406964893278e-02
6.819000000000868340e+02 9.690844468953407898e-02
6.820000000000868567e+02 9.844703885086772410e-02
6.821000000000868795e+02 1.001065501915113648e-01
6.822000000000869022e+02 1.017663067736710170e-01
6.823000000000869250e+02 1.034263086058125197e-01
6.824000000000869477e+02 1.050865556966295855e-01
6.825000000000869704e+02 1.067470480544986111e-01
6.826000000000869932e+02 1.084305604329354883e-01
6.827000000000870159e+02 1.101150159874348944e-01
6.828000000000870386e+02 1.118004148814201182e-01
6.829000000000870614e+02 1.134867572778456707e-01
6.830000000000870841e+02 1.151740433400219310e-01
6.831000000000871069e+02 1.169841879310023897e-01
6.832000000000871296e+02 1.187944150942198129e-01
6.833000000000871523e+02 1.206047248060798244e-01
6.834000000000871751e+02 1.224151170431213853e-01
6.835000000000871978e+02 1.242255917818917699e-01
6.836000000000872205e+02 1.260363205247572171e-01
6.837000000000872433e+02 1.278472485015981208e-01
6.838000000000872660e+02 1.296583217689987189e-01
6.839000000000872888e+02 1.314694875125526907e-01
6.840000000000873115e+02 1.332806943503828667e-01
6.841000000000873342e+02 1.351316529414881284e-01
6.842000000000873570e+02 1.369827236074651622e-01
6.843000000000873797e+02 1.388338609524004397e-01
6.844000000000874024e+02 1.406850221848283122e-01
6.845000000000874252e+02 1.425361674280375412e-01
6.846000000000874479e+02 1.443872659804361080e-01
6.847000000000874707e+02 1.462382828016378089e-01
6.848000000000874934e+02 1.480891867373932136e-01
6.849000000000875161e+02 1.499399508402994019e-01
6.850000000000875389e+02 1.517905526889246903e-01
6.851000000000875616e+02 1.537853178756757311e-01
6.852000000000875843e+02 1.557797716396173981e-01
6.853000000000876071e+02 1.577739060124118409e-01
6.854000000000876298e+02 1.597677188768681644e-01
6.855000000000876526e+02 1.617612143108185796e-01
6.856000000000876753e+02 1.635825590098682891e-01
6.857000000000876980e+02 1.653994229610440403e-01
6.858000000000877208e+02 1.672118360264435999e-01
6.859000000000877435e+02 1.690198353612405446e-01
6.860000000000877662e+02 1.708234656958858844e-01
6.861000000000877890e+02 1.713946669996204430e-01
6.862000000000878117e+02 1.719226131371238420e-01
6.863000000000878345e+02 1.724073584654362001e-01
6.864000000000878572e+02 1.728489637789995814e-01
6.865000000000878799e+02 1.732474961943055169e-01
6.866000000000879027e+02 1.709585525529661310e-01
6.867000000000879254e+02 1.685616883840553304e-01
6.868000000000879481e+02 1.660568629445777211e-01
6.869000000000879709e+02 1.634440357138638167e-01
6.870000000000879936e+02 1.607231663989735215e-01
6.871000000000880163e+02 1.603590404095111832e-01
6.872000000000880391e+02 1.599437998046892018e-01
6.873000000000880618e+02 1.594774441477726790e-01
6.874000000000880846e+02 1.589599731617372391e-01
6.875000000000881073e+02 1.583913867381553098e-01
6.876000000000881300e+02 1.628329379952353773e-01
6.877000000000881528e+02 1.673331257238465375e-01
6.878000000000881755e+02 1.718919469450171378e-01
6.879000000000881982e+02 1.765093983607756434e-01
6.880000000000882210e+02 1.811854763244339639e-01
6.881000000000882437e+02 1.853917239247417914e-01
6.882000000000882665e+02 1.896457058349796110e-01
6.883000000000882892e+02 1.939474210643238328e-01
6.884000000000883119e+02 1.982968681893399754e-01
6.885000000000883347e+02 2.026940453220283100e-01
6.886000000000883574e+02 2.039972743814316980e-01
6.887000000000883801e+02 2.052872846198695311e-01
6.888000000000884029e+02 2.065641688654563657e-01
6.889000000000884256e+02 2.078280156381830390e-01
6.890000000000884484e+02 2.090789088867610612e-01
6.891000000000884711e+02 2.112245818702344624e-01
6.892000000000884938e+02 2.133706507173928901e-01
6.893000000000885166e+02 2.155171886580528051e-01
6.894000000000885393e+02 2.176642644844853924e-01
6.895000000000885620e+02 2.198119422038956328e-01
6.896000000000885848e+02 2.229728245812628851e-01
6.897000000000886075e+02 2.261540025308943491e-01
6.898000000000886303e+02 2.293555252482396833e-01
6.899000000000886530e+02 2.325774355847156083e-01
6.900000000000886757e+02 2.358197695098721014e-01
6.901000000000886985e+02 2.389768353582901461e-01
6.902000000000887212e+02 2.421515485122903433e-01
6.903000000000887439e+02 2.453439175343734291e-01
6.904000000000887667e+02 2.485539418511576171e-01
6.905000000000887894e+02 2.517816111859632611e-01
6.906000000000888122e+02 2.551439972237765641e-01
6.907000000000888349e+02 2.585261192494115456e-01
6.908000000000888576e+02 2.619279400607493202e-01
6.909000000000888804e+02 2.653494107842339078e-01
6.910000000000889031e+02 2.687904702531783152e-01
6.911000000000889258e+02 2.722541582151059569e-01
6.912000000000889486e+02 2.757340701043576314e-01
6.913000000000889713e+02 2.792301063306613651e-01
6.914000000000889941e+02 2.827421524399156838e-01
6.915000000000890168e+02 2.862700784614902183e-01
6.916000000000890395e+02 2.897494494828309342e-01
6.917000000000890623e+02 2.932437382095109402e-01
6.918000000000890850e+02 2.967529483272566271e-01
6.919000000000891077e+02 3.002770835223999013e-01
6.920000000000891305e+02 3.038161474815148089e-01
6.921000000000891532e+02 3.073268025153846339e-01
6.922000000000891760e+02 3.108509224961683026e-01
6.923000000000891987e+02 3.143885080150498612e-01
6.924000000000892214e+02 3.179395596630068543e-01
6.925000000000892442e+02 3.215040780314142865e-01
6.926000000000892669e+02 3.249413659989976444e-01
6.927000000000892896e+02 3.283896886941139459e-01
6.928000000000893124e+02 3.318490465954846425e-01
6.929000000000893351e+02 3.353194401827765958e-01
6.930000000000893579e+02 3.388008699338838081e-01
6.931000000000893806e+02 3.421525227264228808e-01
6.932000000000894033e+02 3.455086645443427029e-01
6.933000000000894261e+02 3.488692962766938854e-01
6.934000000000894488e+02 3.522344188125690612e-01
6.935000000000894715e+02 3.556040330408998806e-01
6.936000000000894943e+02 3.587476809555189550e-01
6.937000000000895170e+02 3.618917828096405720e-01
6.938000000000895398e+02 3.650363386177905012e-01
6.939000000000895625e+02 3.681813483940960530e-01
6.940000000000895852e+02 3.713268121533748189e-01
6.941000000000896080e+02 3.743250187809106788e-01
6.942000000000896307e+02 3.773249791533510034e-01
6.943000000000896534e+02 3.803266936207843618e-01
6.944000000000896762e+02 3.833301625329030848e-01
6.945000000000896989e+02 3.863353862400686900e-01
6.946000000000897217e+02 3.895921570288779501e-01
6.947000000000897444e+02 3.928544363210658696e-01
6.948000000000897671e+02 3.961222254388502284e-01
6.949000000000897899e+02 3.993955257027977379e-01
6.950000000000898126e+02 4.026743384349401600e-01
6.951000000000898353e+02 4.060240689372736078e-01
6.952000000000898581e+02 4.093763030505550571e-01
6.953000000000898808e+02 4.127310404882855166e-01
6.954000000000899036e+02 4.160882809625834899e-01
6.955000000000899263e+02 4.194480241853595914e-01
6.956000000000899490e+02 4.226306181728999856e-01
6.957000000000899718e+02 4.258130087946102593e-01
6.958000000000899945e+02 4.289951960228675643e-01
6.959000000000900172e+02 4.321771798286515032e-01
6.960000000000900400e+02 4.353589601851537982e-01
6.961000000000900627e+02 4.388768386585989445e-01
6.962000000000900855e+02 4.424026438210404422e-01
6.963000000000901082e+02 4.459363771260048126e-01
6.964000000000901309e+02 4.494780400260684483e-01
6.965000000000901537e+02 4.530276339739069957e-01
6.966000000000901764e+02 4.566814660872438036e-01
6.967000000000901991e+02 4.603444908969571148e-01
6.968000000000902219e+02 4.640167100973333070e-01
6.969000000000902446e+02 4.676981253831783425e-01
6.970000000000902673e+02 4.713887384475556330e-01
6.971000000000902901e+02 4.748293968124881470e-01
6.972000000000903128e+02 4.782717520158401014e-01
6.973000000000903356e+02 4.817158042372541860e-01
6.974000000000903583e+02 4.851615536553375296e-01
6.975000000000903810e+02 4.886090004485013627e-01
6.976000000000904038e+02 4.918520902968439579e-01
6.977000000000904265e+02 4.950940746007151949e-01
6.978000000000904492e+02 4.983349531673280652e-01
6.979000000000904720e+02 5.015747258028238065e-01
6.980000000000904947e+02 5.048133923136849388e-01
6.981000000000905175e+02 5.072226169512945582e-01
6.982000000000905402e+02 5.096289013975434656e-01
6.983000000000905629e+02 5.120322447582972281e-01
6.984000000000905857e+02 5.144326461415550389e-01
6.985000000000906084e+02 5.168301046533625431e-01
6.986000000000906311e+02 5.190060905214876064e-01
6.987000000000906539e+02 5.211768412594982580e-01
6.988000000000906766e+02 5.233423553549766405e-01
6.989000000000906994e+02 5.255026312942213673e-01
6.990000000000907221e+02 5.276576675651282189e-01
6.991000000000907448e+02 5.298308858538481880e-01
6.992000000000907676e+02 5.320038297726796817e-01
6.993000000000907903e+02 5.341764993150945884e-01
6.994000000000908130e+02 5.363488944751697574e-01
6.995000000000908358e+02 5.385210152460303545e-01
6.996000000000908585e+02 5.409214843944165629e-01
6.997000000000908813e+02 5.433235155638828084e-01
6.998000000000909040e+02 5.457271084003240125e-01
6.999000000000909267e+02 5.481322625484429389e-01
7.000000000000909495e+02 5.505389776531023349e-01
7.001000000000909722e+02 5.524668392479017420e-01
7.002000000000909949e+02 5.543950309799536846e-01
7.003000000000910177e+02 5.563235528722348944e-01
7.004000000000910404e+02 5.582524049459041127e-01
7.005000000000910632e+02 5.601815872239506167e-01
7.006000000000910859e+02 5.621110997287634969e-01
7.007000000000911086e+02 5.640409424815040484e-01
7.008000000000911314e+02 5.659711155045624720e-01
7.009000000000911541e+02 5.679016188203359627e-01
7.010000000000911768e+02 5.698324524501046096e-01
7.011000000000911996e+02 5.712133721102506945e-01
7.012000000000912223e+02 5.725945316317162526e-01
7.013000000000912451e+02 5.739759310288087280e-01
7.014000000000912678e+02 5.753575703164629518e-01
7.015000000000912905e+02 5.767394495090981676e-01
7.016000000000913133e+02 5.782435351972453619e-01
7.017000000000913360e+02 5.797484440935168903e-01
7.018000000000913587e+02 5.812541763646391635e-01
7.019000000000913815e+02 5.827607321767167559e-01
7.020000000000914042e+02 5.842681116965432464e-01
7.021000000000914270e+02 5.851204276877759458e-01
7.022000000000914497e+02 5.859727397982175123e-01
7.023000000000914724e+02 5.868250480192001017e-01
7.024000000000914952e+02 5.876773523452649695e-01
7.025000000000915179e+02 5.885296527692585045e-01
7.026000000000915406e+02 5.896303716011056517e-01
7.027000000000915634e+02 5.907318049922606340e-01
7.028000000000915861e+02 5.918339529314985414e-01
7.029000000000916089e+02 5.929368154069418750e-01
7.030000000000916316e+02 5.940403924059136642e-01
7.031000000000916543e+02 5.949908905142957671e-01
7.032000000000916771e+02 5.959421644613946967e-01
7.033000000000916998e+02 5.968942142895218295e-01
7.034000000000917225e+02 5.978470400422759568e-01
7.035000000000917453e+02 5.988006417608394694e-01
7.036000000000917680e+02 5.992530274261118617e-01
7.037000000000917908e+02 5.997054311909006952e-01
7.038000000000918135e+02 6.001578530523570265e-01
7.039000000000918362e+02 6.006102930089389780e-01
7.040000000000918590e+02 6.010627510563497644e-01
7.041000000000918817e+02 6.013572496118830824e-01
7.042000000000919044e+02 6.016517833179049202e-01
7.043000000000919272e+02 6.019463521750972879e-01
7.044000000000919499e+02 6.022409561841419734e-01
7.045000000000919727e+02 6.025355953470302728e-01
7.046000000000919954e+02 6.028302696651000048e-01
7.047000000000920181e+02 6.031249791377243374e-01
7.048000000000920409e+02 6.034197237675519299e-01
7.049000000000920636e+02 6.037145035546108707e-01
7.050000000000920863e+02 6.040093185006630838e-01
7.051000000000921091e+02 6.040504060616522786e-01
7.052000000000921318e+02 6.040914895792757200e-01
7.053000000000921546e+02 6.041325690533242421e-01
7.054000000000921773e+02 6.041736444835863473e-01
7.055000000000922000e+02 6.042147158712836141e-01
7.056000000000922228e+02 6.043823289290128908e-01
7.057000000000922455e+02 6.045499551430258967e-01
7.058000000000922682e+02 6.047175945111320505e-01
7.059000000000922910e+02 6.048852470304842965e-01
7.060000000000923137e+02 6.050529126996091467e-01
7.061000000000923364e+02 6.052844699433354014e-01
7.062000000000923592e+02 6.055160759969585582e-01
7.063000000000923819e+02 6.057477308636609603e-01
7.064000000000924047e+02 6.059794345472823140e-01
7.065000000000924274e+02 6.062111870496904587e-01
7.066000000000924501e+02 6.064429883747247674e-01
7.067000000000924729e+02 6.066748385249101094e-01
7.068000000000924956e+02 6.069067375040863022e-01
7.069000000000925183e+02 6.071386853134613792e-01
7.070000000000925411e+02 6.073706819574186122e-01
7.071000000000925638e+02 6.074793220180109143e-01
7.072000000000925866e+02 6.075879713640799373e-01
7.073000000000926093e+02 6.076966299976022112e-01
7.074000000000926320e+02 6.078052979185815108e-01
7.075000000000926548e+02 6.079139751263623603e-01
7.076000000000926775e+02 6.080226616222641489e-01
7.077000000000927002e+02 6.081313574069490135e-01
7.078000000000927230e+02 6.082400624797618116e-01
7.079000000000927457e+02 6.083487768420233754e-01
7.080000000000927685e+02 6.084575004937757825e-01
7.081000000000927912e+02 6.086078852980075782e-01
7.082000000000928139e+02 6.087582782810576632e-01
7.083000000000928367e+02 6.089086794430155214e-01
7.084000000000928594e+02 6.090590887833108313e-01
7.085000000000928821e+02 6.092095063000536603e-01
7.086000000000929049e+02 6.093599319933340475e-01
7.087000000000929276e+02 6.095103658619214215e-01
7.088000000000929504e+02 6.096608079059047114e-01
7.089000000000929731e+02 6.098112581233944285e-01
7.090000000000929958e+02 6.099617165136260732e-01
7.091000000000930186e+02 6.099036730729313627e-01
7.092000000000930413e+02 6.098456169031449825e-01
7.093000000000930640e+02 6.097875480035771512e-01
7.094000000000930868e+02 6.097294663748574761e-01
7.095000000000931095e+02 6.096713720149785631e-01
7.096000000000931323e+02 6.096132649252283819e-01
7.097000000000931550e+02 6.095551451049180391e-01
7.098000000000931777e+02 6.094970125526981697e-01
7.099000000000932005e+02 6.094388672698577425e-01
7.100000000000932232e+02 6.093807092545509008e-01
7.101000000000932459e+02 6.094968066472050694e-01
7.102000000000932687e+02 6.096128987790130349e-01
7.103000000000932914e+02 6.097289856493048887e-01
7.104000000000933142e+02 6.098450672593898059e-01
7.105000000000933369e+02 6.099611436072799320e-01
7.106000000000933596e+02 6.100772146936259688e-01
7.107000000000933824e+02 6.101932805177597841e-01
7.108000000000934051e+02 6.103093410796730511e-01
7.109000000000934278e+02 6.104253963786979709e-01
7.110000000000934506e+02 6.105414464155366483e-01
7.111000000000934733e+02 6.107096633771812444e-01
7.112000000000934961e+02 6.108778985629065295e-01
7.113000000000935188e+02 6.110461519738663583e-01
7.114000000000935415e+02 6.112144236105552242e-01
7.115000000000935643e+02 6.113827134741268710e-01
7.116000000000935870e+02 6.115510215657353754e-01
7.117000000000936097e+02 6.117193478858755640e-01
7.118000000000936325e+02 6.118876924363614300e-01
7.119000000000936552e+02 6.120560552176872449e-01
7.120000000000936780e+02 6.122244362294279041e-01
7.121000000000937007e+02 6.121170903773741623e-01
7.122000000000937234e+02 6.120097356172871095e-01
7.123000000000937462e+02 6.119023719489267155e-01
7.124000000000937689e+02 6.117949993733743375e-01
7.125000000000937916e+02 6.116876178918305706e-01
7.126000000000938144e+02 6.117075339621806940e-01
7.127000000000938371e+02 6.117274494176218047e-01
7.128000000000938599e+02 6.117473642574167148e-01
7.129000000000938826e+02 6.117672784814888187e-01
7.130000000000939053e+02 6.117871920912286710e-01
7.131000000000939281e+02 6.119637515841037656e-01
7.132000000000939508e+02 6.121403339824018630e-01
7.133000000000939735e+02 6.123169392890219775e-01
7.134000000000939963e+02 6.124935675042194605e-01
7.135000000000940190e+02 6.126702186302334097e-01
7.136000000000940418e+02 6.128477271520438308e-01
7.137000000000940645e+02 6.130257956791426155e-01
7.138000000000940872e+02 6.132041470408149397e-01
7.139000000000941100e+02 6.133825243185573317e-01
7.140000000000941327e+02 6.135606908711660479e-01
7.141000000000941554e+02 6.134532948476999481e-01
7.142000000000941782e+02 6.133452437089554898e-01
7.143000000000942009e+02 6.132363629788518677e-01
7.144000000000942237e+02 6.131264988723430509e-01
7.145000000000942464e+02 6.130155182753793675e-01
7.146000000000942691e+02 6.129033087538917624e-01
7.147000000000942919e+02 6.127897784801219494e-01
7.148000000000943146e+02 6.126748562467335679e-01
7.149000000000943373e+02 6.125584914504362821e-01
7.150000000000943601e+02 6.124406540736326843e-01
7.151000000000943828e+02 6.120854384588975128e-01
7.152000000000944056e+02 6.117288690851884203e-01
7.153000000000944283e+02 6.113709792255188624e-01
7.154000000000944510e+02 6.110118225815106552e-01
7.155000000000944738e+02 6.106514732239780585e-01
7.156000000000944965e+02 6.101625897346050209e-01
7.157000000000945192e+02 6.096728206938442085e-01
7.158000000000945420e+02 6.091823015059224522e-01
7.159000000000945647e+02 6.086911875713255649e-01
7.160000000000945874e+02 6.081996542035702502e-01
7.161000000000946102e+02 6.072227601305058009e-01
7.162000000000946329e+02 6.062449894108349335e-01
7.163000000000946557e+02 6.052665766935184655e-01
7.164000000000946784e+02 6.042877754008374458e-01
7.165000000000947011e+02 6.033088575597966852e-01
7.166000000000947239e+02 6.009281603320035803e-01
7.167000000000947466e+02 5.985460321496801628e-01
7.168000000000947693e+02 5.961624731416196310e-01
7.169000000000947921e+02 5.937774834346031261e-01
7.170000000000948148e+02 5.913910631573283672e-01
7.171000000000948376e+02 5.889750694440729628e-01
7.172000000000948603e+02 5.865590062486411016e-01
7.173000000000948830e+02 5.841428736039359082e-01
7.174000000000949058e+02 5.817266715388376142e-01
7.175000000000949285e+02 5.793104000874422788e-01
7.176000000000949512e+02 5.782976944814898212e-01
7.177000000000949740e+02 5.772849588699067169e-01
7.178000000000949967e+02 5.762721932552017368e-01
7.179000000000950195e+02 5.752593976391869868e-01
7.180000000000950422e+02 5.742465720221563430e-01
7.181000000000950649e+02 5.723634604243624802e-01
7.182000000000950877e+02 5.704809568564085387e-01
7.183000000000951104e+02 5.685990612619881146e-01
7.184000000000951331e+02 5.667177735861580468e-01
7.185000000000951559e+02 5.648370937759323862e-01
7.186000000000951786e+02 5.635944277930753366e-01
7.187000000000952014e+02 5.623521543540996870e-01
7.188000000000952241e+02 5.611102734325521535e-01
7.189000000000952468e+02 5.598687849979913089e-01
7.190000000000952696e+02 5.586276890238262016e-01
7.191000000000952923e+02 5.586871520426749393e-01
7.192000000000953150e+02 5.587465647902477572e-01
7.193000000000953378e+02 5.588059272652826648e-01
7.194000000000953605e+02 5.588652394664765932e-01
7.195000000000953833e+02 5.589245013907303550e-01
7.196000000000954060e+02 5.592382942559575021e-01
7.197000000000954287e+02 5.595519599498903762e-01
7.198000000000954515e+02 5.598655061038596559e-01
7.199000000000954742e+02 5.601789397982905871e-01
7.200000000000954969e+02 5.604922675631828222e-01
7.201000000000955197e+02 5.616239133420974916e-01
7.202000000000955424e+02 5.627549418760526834e-01
7.203000000000955652e+02 5.638853581689027283e-01
7.204000000000955879e+02 5.650151666863231226e-01
7.205000000000956106e+02 5.661443713597353877e-01
7.206000000000956334e+02 5.691787548297783106e-01
7.207000000000956561e+02 5.722116163078586615e-01
7.208000000000956788e+02 5.752429431610508459e-01
7.209000000000957016e+02 5.782727230513451389e-01
7.210000000000957243e+02 5.813009439518781463e-01
7.211000000000957471e+02 5.840986712822415772e-01
7.212000000000957698e+02 5.868938274159655188e-01
7.213000000000957925e+02 5.896864015340670395e-01
7.214000000000958153e+02 5.924763832108697059e-01
7.215000000000958380e+02 5.952637624214774936e-01
7.216000000000958607e+02 5.960229384129080987e-01
7.217000000000958835e+02 5.967812040618667435e-01
7.218000000000959062e+02 5.975385592028569226e-01
7.219000000000959290e+02 5.982950036742922251e-01
7.220000000000959517e+02 5.990505373115475596e-01
7.221000000000959744e+02 5.986970114743411786e-01
7.222000000000959972e+02 5.983435104525609560e-01
7.223000000000960199e+02 5.979900343554761522e-01
7.224000000000960426e+02 5.976365832918064669e-01
7.225000000000960654e+02 5.972831573673719197e-01
7.226000000000960881e+02 5.951621981691394003e-01
7.227000000000961109e+02 5.930418957279131043e-01
7.228000000000961336e+02 5.909222602437773642e-01
7.229000000000961563e+02 5.888033023732252014e-01
7.230000000000961791e+02 5.866850332161466230e-01
7.231000000000962018e+02 5.834661403916512334e-01
7.232000000000962245e+02 5.802492598880171215e-01
7.233000000000962473e+02 5.770344037984816987e-01
7.234000000000962700e+02 5.738215845227846446e-01
7.235000000000962928e+02 5.706108147512122253e-01
7.236000000000963155e+02 5.700456811817981029e-01
7.237000000000963382e+02 5.694803317710354085e-01
7.238000000000963610e+02 5.689150219712583167e-01
7.239000000000963837e+02 5.683499865780313742e-01
7.240000000000964064e+02 5.677854398281254600e-01
7.241000000000964292e+02 5.679595392841905177e-01
7.242000000000964519e+02 5.681341788934836101e-01
7.243000000000964747e+02 5.683095147742835973e-01
7.244000000000964974e+02 5.684856835809550812e-01
7.245000000000965201e+02 5.686628024739545095e-01
7.246000000000965429e+02 5.690922794330872669e-01
7.247000000000965656e+02 5.695228510621254125e-01
7.248000000000965883e+02 5.699545871396611840e-01
7.249000000000966111e+02 5.703875385025226619e-01
7.250000000000966338e+02 5.708217369719307266e-01
7.251000000000966565e+02 5.712588183508909845e-01
7.252000000000966793e+02 5.716971535582832109e-01
7.253000000000967020e+02 5.721367169377356010e-01
7.254000000000967248e+02 5.725774635214067043e-01
7.255000000000967475e+02 5.730193289596331452e-01
7.256000000000967702e+02 5.739642756020305603e-01
7.257000000000967930e+02 5.749100521421737220e-01
7.258000000000968157e+02 5.758565380234904607e-01
7.259000000000968384e+02 5.768035924975464246e-01
7.260000000000968612e+02 5.777510544626995870e-01
7.261000000000968839e+02 5.777566325111620493e-01
7.262000000000969067e+02 5.777624304654791487e-01
7.263000000000969294e+02 5.777682252438869348e-01
7.264000000000969521e+02 5.777737743574122842e-01
7.265000000000969749e+02 5.777788159098927734e-01
7.266000000000969976e+02 5.776575999614909085e-01
7.267000000000970203e+02 5.775363809062383780e-01
7.268000000000970431e+02 5.774151587457531098e-01
7.269000000000970658e+02 5.772939334803531830e-01
7.270000000000970886e+02 5.771727051105974837e-01
7.271000000000971113e+02 5.759607696564568169e-01
7.272000000000971340e+02 5.747491614948466720e-01
7.273000000000971568e+02 5.735378806083720749e-01
7.274000000000971795e+02 5.723269269783394231e-01
7.275000000000972022e+02 5.711163005902735179e-01
7.276000000000972250e+02 5.709089156338330584e-01
7.277000000000972477e+02 5.707015697847765967e-01
7.278000000000972705e+02 5.704942630408548210e-01
7.279000000000972932e+02 5.702869954011180464e-01
7.280000000000973159e+02 5.700797668680533947e-01
7.281000000000973387e+02 5.720694532923247255e-01
7.282000000000973614e+02 5.740590310956820153e-01
7.283000000000973841e+02 5.760485002416234623e-01
7.284000000000974069e+02 5.780378606936382724e-01
7.285000000000974296e+02 5.800271124084779295e-01
7.286000000000974524e+02 5.797605591928703950e-01
7.287000000000974751e+02 5.794935084239325462e-01
7.288000000000974978e+02 5.792262233548097772e-01
7.289000000000975206e+02 5.789589473157706889e-01
7.290000000000975433e+02 5.786919037606144123e-01
7.291000000000975660e+02 5.790959780128195344e-01
7.292000000000975888e+02 5.795006991079899583e-01
7.293000000000976115e+02 5.799062338279933337e-01
7.294000000000976343e+02 5.803127299331833910e-01
7.295000000000976570e+02 5.807203160995955127e-01
7.296000000000976797e+02 5.816302912120858704e-01
7.297000000000977025e+02 5.825416151150306643e-01
7.298000000000977252e+02 5.834543622374962490e-01
7.299000000000977479e+02 5.843685878201158035e-01
7.300000000000977707e+02 5.852843277650310316e-01
7.301000000000977934e+02 5.848796474691830838e-01
7.302000000000978162e+02 5.844764030663205379e-01
7.303000000000978389e+02 5.840745622240252066e-01
7.304000000000978616e+02 5.836740731023235540e-01
7.305000000000978844e+02 5.832748644195041576e-01
7.306000000000979071e+02 5.832527093540245122e-01
7.307000000000979298e+02 5.832315914701536874e-01
7.308000000000979526e+02 5.832113913578720332e-01
7.309000000000979753e+02 5.831919694587046621e-01
7.310000000000979981e+02 5.831731660726949817e-01
7.311000000000980208e+02 5.836281055735045298e-01
7.312000000000980435e+02 5.840833934044666886e-01
7.313000000000980663e+02 5.845388095128974948e-01
7.314000000000980890e+02 5.849941129330243905e-01
7.315000000000981117e+02 5.854490417120939982e-01
7.316000000000981345e+02 5.864048834578620140e-01
7.317000000000981572e+02 5.873610328826479599e-01
7.318000000000981800e+02 5.883174762750819076e-01
7.319000000000982027e+02 5.892742004333293426e-01
7.320000000000982254e+02 5.902311926670954501e-01
7.321000000000982482e+02 5.916669119466303473e-01
7.322000000000982709e+02 5.931028994357294692e-01
7.323000000000982936e+02 5.945391439976829284e-01
7.324000000000983164e+02 5.959756349964566713e-01
7.325000000000983391e+02 5.974123622973309677e-01
7.326000000000983619e+02 5.980961799157542558e-01
7.327000000000983846e+02 5.987800575239956569e-01
7.328000000000984073e+02 5.994639949209169538e-01
7.329000000000984301e+02 6.001479919061171175e-01
7.330000000000984528e+02 6.008320482781093208e-01
7.331000000000984755e+02 6.009750999166605379e-01
7.332000000000984983e+02 6.011181013837669784e-01
7.333000000000985210e+02 6.012610526368573627e-01
7.334000000000985438e+02 6.014039536374129469e-01
7.335000000000985665e+02 6.015468043461169589e-01
7.336000000000985892e+02 6.020676599708069121e-01
7.337000000000986120e+02 6.025892078170467236e-01
7.338000000000986347e+02 6.031111860518929557e-01
7.339000000000986574e+02 6.036333528161031969e-01
7.340000000000986802e+02 6.041554863142698517e-01
7.341000000000987029e+02 6.042477453579748747e-01
7.342000000000987256e+02 6.043393803518122276e-01
7.343000000000987484e+02 6.044302318361872706e-01
7.344000000000987711e+02 6.045201611645051321e-01
7.345000000000987939e+02 6.046090505220677036e-01
7.346000000000988166e+02 6.044451604933465116e-01
7.347000000000988393e+02 6.042800211800070098e-01
7.348000000000988621e+02 6.041135587054486944e-01
7.349000000000988848e+02 6.039457189393523384e-01
7.350000000000989075e+02 6.037764674673290477e-01
7.351000000000989303e+02 6.041930062331901663e-01
7.352000000000989530e+02 6.046082403185550902e-01
7.353000000000989758e+02 6.050221901664404323e-01
7.354000000000989985e+02 6.054348959897758453e-01
7.355000000000990212e+02 6.058464178363032193e-01
7.356000000000990440e+02 6.060045440091228475e-01
7.357000000000990667e+02 6.061614649111195519e-01
7.358000000000990894e+02 6.063173119354097196e-01
7.359000000000991122e+02 6.064722369685174863e-01
7.360000000000991349e+02 6.066264124114707501e-01
7.361000000000991577e+02 6.067762861793397633e-01
7.362000000000991804e+02 6.069258005882824936e-01
7.363000000000992031e+02 6.070751897447594914e-01
7.364000000000992259e+02 6.072247083633154352e-01
7.365000000000992486e+02 6.073746317931526528e-01
7.366000000000992713e+02 6.077787083776450272e-01
7.367000000000992941e+02 6.081828898571042252e-01
7.368000000000993168e+02 6.085871762242712757e-01
7.369000000000993396e+02 6.089915674712303995e-01
7.370000000000993623e+02 6.093960635915142143e-01
7.371000000000993850e+02 6.099352084066620439e-01
7.372000000000994078e+02 6.104745594608342873e-01
7.373000000000994305e+02 6.110141167701795828e-01
7.374000000000994532e+02 6.115538803501869847e-01
7.375000000000994760e+02 6.120938502162187600e-01
7.376000000000994987e+02 6.125068711279161304e-01
7.377000000000995215e+02 6.129200324308519132e-01
7.378000000000995442e+02 6.133333341346985934e-01
7.379000000000995669e+02 6.137467762497862411e-01
7.380000000000995897e+02 6.141603587862932701e-01
7.381000000000996124e+02 6.144224837186574861e-01
7.382000000000996351e+02 6.146845915145131567e-01
7.383000000000996579e+02 6.149466821740129374e-01
7.384000000000996806e+02 6.152087556966481241e-01
7.385000000000997034e+02 6.154708120820380213e-01
7.386000000000997261e+02 6.158604643568953430e-01
7.387000000000997488e+02 6.162502081052100289e-01
7.388000000000997716e+02 6.166400433149918925e-01
7.389000000000997943e+02 6.170299699755713574e-01
7.390000000000998170e+02 6.174199880766148008e-01
7.391000000000998398e+02 6.174818354475506421e-01
7.392000000000998625e+02 6.175436851723706821e-01
7.393000000000998853e+02 6.176055372509003938e-01
7.394000000000999080e+02 6.176673916829659161e-01
7.395000000000999307e+02 6.177292484698462260e-01
7.396000000000999535e+02 6.179190146730805244e-01
7.397000000000999762e+02 6.181088088458092100e-01
7.398000000000999989e+02 6.182986309898121924e-01
7.399000000001000217e+02 6.184884811068703803e-01
7.400000000001000444e+02 6.186783591992730535e-01
7.401000000001000672e+02 6.187151199962911408e-01
7.402000000001000899e+02 6.187518440509962581e-01
7.403000000001001126e+02 6.187885313641882101e-01
7.404000000001001354e+02 6.188251819373303819e-01
7.405000000001001581e+02 6.188617957712233553e-01
7.406000000001001808e+02 6.188983728679928742e-01
7.407000000001002036e+02 6.189349132277773835e-01
7.408000000001002263e+02 6.189714168533657634e-01
7.409000000001002491e+02 6.190078837448962368e-01
7.410000000001002718e+02 6.190443139046647447e-01
7.411000000001002945e+02 6.192508772352856017e-01
7.412000000001003173e+02 6.194574436048952970e-01
7.413000000001003400e+02 6.196640130139395852e-01
7.414000000001003627e+02 6.198705854608770327e-01
7.415000000001003855e+02 6.200771609456200428e-01
7.416000000001004082e+02 6.204117650071843126e-01
7.417000000001004310e+02 6.207464573810483888e-01
7.418000000001004537e+02 6.210812380693666590e-01
7.419000000001004764e+02 6.214161070736288206e-01
7.420000000001004992e+02 6.217510643928727543e-01
7.421000000001005219e+02 6.216278761047273616e-01
7.422000000001005446e+02 6.215046925999224703e-01
7.423000000001005674e+02 6.213815138801782600e-01
7.424000000001005901e+02 6.212583399458861955e-01
7.425000000001006129e+02 6.211351707974376302e-01
7.426000000001006356e+02 6.210120064358874981e-01
7.427000000001006583e+02 6.208888468622897339e-01
7.428000000001006811e+02 6.207656920770346920e-01
7.429000000001007038e+02 6.206425420805132820e-01
7.430000000001007265e+02 6.205193968745179589e-01
7.431000000001007493e+02 6.204727921744157548e-01
7.432000000001007720e+02 6.204261218958686541e-01
7.433000000001007948e+02 6.203793860425235174e-01
7.434000000001008175e+02 6.203325846200139493e-01
7.435000000001008402e+02 6.202857176325202726e-01
7.436000000001008630e+02 6.201110588120811729e-01
7.437000000001008857e+02 6.199364063841310557e-01
7.438000000001009084e+02 6.197617603492080463e-01
7.439000000001009312e+02 6.195871207085108523e-01
7.440000000001009539e+02 6.194124874634487909e-01
7.441000000001009766e+02 6.194465777240378834e-01
7.442000000001009994e+02 6.194806677251389893e-01
7.443000000001010221e+02 6.195147574679163993e-01
7.444000000001010449e+02 6.195488469508899643e-01
7.445000000001010676e+02 6.195829361752238640e-01
7.446000000001010903e+02 6.196170251414212515e-01
7.447000000001011131e+02 6.196511138486631154e-01
7.448000000001011358e+02 6.196852022974524976e-01
7.449000000001011585e+02 6.197192904876325237e-01
7.450000000001011813e+02 6.197533784203209661e-01
7.451000000001012040e+02 6.197417832788852943e-01
7.452000000001012268e+02 6.197301871470219936e-01
7.453000000001012495e+02 6.197185900247912382e-01
7.454000000001012722e+02 6.197069919129146731e-01
7.455000000001012950e+02 6.196953928121134991e-01
7.456000000001013177e+02 6.196837927217867525e-01
7.457000000001013404e+02 6.196721916433167721e-01
7.458000000001013632e+02 6.196605895767641758e-01
7.459000000001013859e+02 6.196489865215268900e-01
7.460000000001014087e+02 6.196373824791686635e-01
7.461000000001014314e+02 6.198037017811242055e-01
7.462000000001014541e+02 6.199700094606804823e-01
7.463000000001014769e+02 6.201363055182329553e-01
7.464000000001014996e+02 6.203025899535167254e-01
7.465000000001015223e+02 6.204688627675900570e-01
7.466000000001015451e+02 6.206351239588645541e-01
7.467000000001015678e+02 6.208013735290615065e-01
7.468000000001015906e+02 6.209676114772552102e-01
7.469000000001016133e+02 6.211338378038442354e-01
7.470000000001016360e+02 6.213000525091232351e-01
7.471000000001016588e+02 6.213629589476222792e-01
7.472000000001016815e+02 6.214258314298067853e-01
7.473000000001017042e+02 6.214886699511438239e-01
7.474000000001017270e+02 6.215514745077620473e-01
7.475000000001017497e+02 6.216142450949984077e-01
7.476000000001017725e+02 6.215490909494579830e-01
7.477000000001017952e+02 6.214839296426809545e-01
7.478000000001018179e+02 6.214187611747421514e-01
7.479000000001018407e+02 6.213535855457142931e-01
7.480000000001018634e+02 6.212884027557304956e-01
7.481000000001018861e+02 6.212809592564595418e-01
7.482000000001019089e+02 6.212735146997090396e-01
7.483000000001019316e+02 6.212660690868569979e-01
7.484000000001019544e+02 6.212586224172936822e-01
7.485000000001019771e+02 6.212511746910718280e-01
7.486000000001019998e+02 6.212437259095681119e-01
7.487000000001020226e+02 6.212362760728360467e-01
7.488000000001020453e+02 6.212288251815899498e-01
7.489000000001020680e+02 6.212213732352205309e-01
7.490000000001020908e+02 6.212139202344626465e-01
7.491000000001021135e+02 6.212262387006746156e-01
7.492000000001021363e+02 6.212385563896795082e-01
7.493000000001021590e+02 6.212508733020986051e-01
7.494000000001021817e+02 6.212631894378904951e-01
7.495000000001022045e+02 6.212755047970142108e-01
7.496000000001022272e+02 6.212878193807523930e-01
7.497000000001022499e+02 6.213001331877400224e-01
7.498000000001022727e+02 6.213124462199220988e-01
7.499000000001022954e+02 6.213247584765952958e-01
7.500000000001023182e+02 6.213370699582970724e-01
7.501000000001023409e+02 6.212677798354627745e-01
7.502000000001023636e+02 6.211984898668850841e-01
7.503000000001023864e+02 6.211292000522066203e-01
7.504000000001024091e+02 6.210599103917319175e-01
7.505000000001024318e+02 6.209906208872199018e-01
7.506000000001024546e+02 6.210490931290156835e-01
7.507000000001024773e+02 6.211075370129696127e-01
7.508000000001025001e+02 6.211659525399524373e-01
7.509000000001025228e+02 6.212243397101744335e-01
7.510000000001025455e+02 6.212826985251265199e-01
7.511000000001025683e+02 6.213016588075357394e-01
7.512000000001025910e+02 6.213206176817527293e-01
7.513000000001026137e+02 6.213395751477104323e-01
7.514000000001026365e+02 6.213585312060050381e-01
7.515000000001026592e+02 6.213774858572320703e-01
7.516000000001026820e+02 6.213964391006642218e-01
7.517000000001027047e+02 6.214153909375583762e-01
7.518000000001027274e+02 6.214343413671872263e-01
7.519000000001027502e+02 6.214532903908082107e-01
7.520000000001027729e+02 6.214722380077626340e-01
7.521000000001027956e+02 6.215580385221598503e-01
7.522000000001028184e+02 6.216438359434957039e-01
7.523000000001028411e+02 6.217296302714399037e-01
7.524000000001028639e+02 6.218154215056620471e-01
7.525000000001028866e+02 6.219012096464932027e-01
7.526000000001029093e+02 6.219869946936039673e-01
7.527000000001029321e+02 6.220727766473255205e-01
7.528000000001029548e+02 6.221585555079905960e-01
7.529000000001029775e+02 6.222443312746076538e-01
7.530000000001030003e+02 6.223301039474976593e-01
7.531000000001030230e+02 6.224050692354570202e-01
7.532000000001030457e+02 6.224800094276837781e-01
7.533000000001030685e+02 6.225549245221849715e-01
7.534000000001030912e+02 6.226298145176296650e-01
7.535000000001031140e+02 6.227046794125552509e-01
7.536000000001031367e+02 6.226508163185685563e-01
7.537000000001031594e+02 6.225964047284382463e-01
7.538000000001031822e+02 6.225417268176796082e-01
7.539000000001032049e+02 6.224870437740451790e-01
7.540000000001032276e+02 6.224325958069475417e-01
7.541000000001032504e+02 6.224672857375603829e-01
7.542000000001032731e+02 6.225026298379467971e-01
7.543000000001032959e+02 6.225388057971535938e-01
7.544000000001033186e+02 6.225759704520728022e-01
7.545000000001033413e+02 6.226142597881907381e-01
7.546000000001033641e+02 6.226537889593969366e-01
7.547000000001033868e+02 6.226946522174230392e-01
7.548000000001034095e+02 6.227369229466953593e-01
7.549000000001034323e+02 6.227806536581782515e-01
7.550000000001034550e+02 6.228258759827431934e-01
7.551000000001034778e+02 6.228073490649251864e-01
7.552000000001035005e+02 6.227903131560986738e-01
7.553000000001035232e+02 6.227747367513107868e-01
7.554000000001035460e+02 6.227605674583365225e-01
7.555000000001035687e+02 6.227477320009627837e-01
7.556000000001035914e+02 6.227361361958433372e-01
7.557000000001036142e+02 6.227256650171235641e-01
7.558000000001036369e+02 6.227161825603881873e-01
7.559000000001036597e+02 6.227075320446514572e-01
7.560000000001036824e+02 6.226995358122772162e-01
7.561000000001037051e+02 6.227127637068096133e-01
7.562000000001037279e+02 6.227262287614476755e-01
7.563000000001037506e+02 6.227396906991532477e-01
7.564000000001037733e+02 6.227528883379749303e-01
7.565000000001037961e+02 6.227655395912516934e-01
7.566000000001038188e+02 6.229052218259513163e-01
7.567000000001038416e+02 6.230449078784058292e-01
7.568000000001038643e+02 6.231845977551033755e-01
7.569000000001038870e+02 6.233242914631539344e-01
7.570000000001039098e+02 6.234639890074640256e-01
7.571000000001039325e+02 6.234346842754284745e-01
7.572000000001039552e+02 6.234053776087699061e-01
7.573000000001039780e+02 6.233760690140865979e-01
7.574000000001040007e+02 6.233467584979004439e-01
7.575000000001040235e+02 6.233174460673132078e-01
7.576000000001040462e+02 6.232881317556152601e-01
7.577000000001040689e+02 6.232588155220822879e-01
7.578000000001040917e+02 6.232294973538681226e-01
7.579000000001041144e+02 6.232001772382702587e-01
7.580000000001041371e+02 6.231708551609352886e-01
7.581000000001041599e+02 6.226738264673149503e-01
7.582000000001041826e+02 6.221767731063928553e-01
7.583000000001042054e+02 6.216796950690327561e-01
7.584000000001042281e+02 6.211825923456330001e-01
7.585000000001042508e+02 6.206854649160159498e-01
7.586000000001042736e+02 6.149474020033941501e-01
7.587000000001042963e+02 6.092095916546287349e-01
7.588000000001043190e+02 6.034717455440637979e-01
7.589000000001043418e+02 5.977336058022520993e-01
7.590000000001043645e+02 5.919949440179852473e-01
7.591000000001043873e+02 5.689512605991547955e-01
7.592000000001044100e+02 5.459093243791375283e-01
7.593000000001044327e+02 5.228690596870301244e-01
7.594000000001044555e+02 4.998304338775888533e-01
7.595000000001044782e+02 4.767934534397568203e-01
7.596000000001045009e+02 4.431491666038778199e-01
7.597000000001045237e+02 4.095079246601715517e-01
7.598000000001045464e+02 3.758699005260584536e-01
7.599000000001045692e+02 3.422352943345032816e-01
7.600000000001045919e+02 3.086043278205367058e-01
7.601000000001046146e+02 2.906785194303110331e-01
7.602000000001046374e+02 2.727564523225212145e-01
7.603000000001046601e+02 2.548382679904482306e-01
7.604000000001046828e+02 2.369241122025926849e-01
7.605000000001047056e+02 2.190141320434420003e-01
7.606000000001047283e+02 2.209001002253154766e-01
7.607000000001047511e+02 2.227851531526275630e-01
7.608000000001047738e+02 2.246693296070881585e-01
7.609000000001047965e+02 2.265526776185965985e-01
7.610000000001048193e+02 2.284352548115953507e-01
7.611000000001048420e+02 2.465593585010852073e-01
7.612000000001048647e+02 2.646837169456175975e-01
7.613000000001048875e+02 2.828084183471334945e-01
7.614000000001049102e+02 3.009335889637239636e-01
7.615000000001049330e+02 3.190593961505386322e-01
7.616000000001049557e+02 3.380794285199462124e-01
7.617000000001049784e+02 3.570999207275947773e-01
7.618000000001050012e+02 3.761208726886681175e-01
7.619000000001050239e+02 3.951422843182826328e-01
7.620000000001050466e+02 4.141641554863355612e-01
7.621000000001050694e+02 4.114650427469950245e-01
7.622000000001050921e+02 4.087661756566110527e-01
7.623000000001051149e+02 4.060675542138297844e-01
7.624000000001051376e+02 4.033691784179657125e-01
7.625000000001051603e+02 4.006710482524789008e-01
7.626000000001051831e+02 3.904449762951113234e-01
7.627000000001052058e+02 3.802198399473448176e-01
7.628000000001052285e+02 3.699956392042518805e-01
7.629000000001052513e+02 3.597723740609334309e-01
7.630000000001052740e+02 3.495500445352487384e-01
7.631000000001052967e+02 3.496955526866730168e-01
7.632000000001053195e+02 3.498410725537928201e-01
7.633000000001053422e+02 3.499866041361407998e-01
7.634000000001053650e+02 3.501321474312677484e-01
7.635000000001053877e+02 3.502777024499067471e-01
7.636000000001054104e+02 3.560382086584333305e-01
7.637000000001054332e+02 3.617993021203960713e-01
7.638000000001054559e+02 3.675609827698455012e-01
7.639000000001054786e+02 3.733232505381652300e-01
7.640000000001055014e+02 3.790861053605591446e-01
7.641000000001055241e+02 3.859514760628918739e-01
7.642000000001055469e+02 3.928158791480440004e-01
7.643000000001055696e+02 3.996793146371079297e-01
7.644000000001055923e+02 4.065417825498366944e-01
7.645000000001056151e+02 4.134032829100035555e-01
7.646000000001056378e+02 4.215396621670534083e-01
7.647000000001056605e+02 4.296748946651609558e-01
7.648000000001056833e+02 4.378089804283415987e-01
7.649000000001057060e+02 4.459419194812498932e-01
7.650000000001057288e+02 4.540737118464021616e-01
7.651000000001057515e+02 4.613978679735621369e-01
7.652000000001057742e+02 4.687237208605329331e-01
7.653000000001057970e+02 4.760512704487783742e-01
7.654000000001058197e+02 4.833805166790631214e-01
7.655000000001058424e+02 4.907114594905425120e-01
7.656000000001058652e+02 4.965124409149085927e-01
7.657000000001058879e+02 5.023147613788757626e-01
7.658000000001059107e+02 5.081184208354668774e-01
7.659000000001059334e+02 5.139234192389950939e-01
7.660000000001059561e+02 5.197297565408192099e-01
7.661000000001059789e+02 5.246097963899390981e-01
7.662000000001060016e+02 5.294879381836108401e-01
7.663000000001060243e+02 5.343641820208703264e-01
7.664000000001060471e+02 5.392385280007480075e-01
7.665000000001060698e+02 5.441109762219129564e-01
7.666000000001060926e+02 5.492366297210474757e-01
7.667000000001061153e+02 5.543602881646618741e-01
7.668000000001061380e+02 5.594819516557817396e-01
7.669000000001061608e+02 5.646016202980852494e-01
7.670000000001061835e+02 5.697192941916080500e-01
7.671000000001062062e+02 5.732403236118016610e-01
7.672000000001062290e+02 5.767623108348365335e-01
7.673000000001062517e+02 5.802852558579169040e-01
7.674000000001062745e+02 5.838091586788868304e-01
7.675000000001062972e+02 5.873340192939663362e-01
7.676000000001063199e+02 5.893291127392723538e-01
7.677000000001063427e+02 5.913247382456560119e-01
7.678000000001063654e+02 5.933208958137294875e-01
7.679000000001063881e+02 5.953175854407932732e-01
7.680000000001064109e+02 5.973148071252399882e-01
7.681000000001064336e+02 5.984761098757762632e-01
7.682000000001064564e+02 5.996369260257294886e-01
7.683000000001064791e+02 6.007972556004431697e-01
7.684000000001065018e+02 6.019570986252577027e-01
7.685000000001065246e+02 6.031164551244535543e-01
7.686000000001065473e+02 6.038920500714800577e-01
7.687000000001065700e+02 6.046667742259996814e-01
7.688000000001065928e+02 6.054408997058136066e-01
7.689000000001066155e+02 6.062146796993500564e-01
7.690000000001066383e+02 6.069883483358140541e-01
7.691000000001066610e+02 6.076641086078016230e-01
7.692000000001066837e+02 6.083402856867020647e-01
7.693000000001067065e+02 6.090170553267744147e-01
7.694000000001067292e+02 6.096945736046349706e-01
7.695000000001067519e+02 6.103729768083167029e-01
7.696000000001067747e+02 6.113069082445141689e-01
7.697000000001067974e+02 6.122418518622859684e-01
7.698000000001068202e+02 6.131778939600496248e-01
7.699000000001068429e+02 6.141151001070342952e-01
7.700000000001068656e+02 6.150535149822597969e-01
7.701000000001068884e+02 6.156595784887572975e-01
7.702000000001069111e+02 6.162670732466651868e-01
7.703000000001069338e+02 6.168759779324294312e-01
7.704000000001069566e+02 6.174862497917096293e-01
7.705000000001069793e+02 6.180978245339534549e-01
7.706000000001070021e+02 6.183291396264849471e-01
7.707000000001070248e+02 6.185616239137118333e-01
7.708000000001070475e+02 6.187951290336652921e-01
7.709000000001070703e+02 6.190294862781364760e-01
7.710000000001070930e+02 6.192645065547146555e-01
7.711000000001071157e+02 6.193936926504641782e-01
7.712000000001071385e+02 6.195231203916325979e-01
7.713000000001071612e+02 6.196525393098614165e-01
7.714000000001071840e+02 6.197816785846910204e-01
7.715000000001072067e+02 6.199102470260515751e-01
7.716000000001072294e+02 6.199107207347058779e-01
7.717000000001072522e+02 6.199111136265411659e-01
7.718000000001072749e+02 6.199114342089353524e-01
7.719000000001072976e+02 6.199116903574923843e-01
7.720000000001073204e+02 6.199118893193467095e-01
7.721000000001073431e+02 6.198904828332549855e-01
7.722000000001073658e+02 6.198690286521715276e-01
7.723000000001073886e+02 6.198475321372802771e-01
7.724000000001074113e+02 6.198259980194454899e-01
7.725000000001074341e+02 6.198044304000098759e-01
7.726000000001074568e+02 6.197828582980919876e-01
7.727000000001074795e+02 6.197613107282933242e-01
7.728000000001075023e+02 6.197397917823701530e-01
7.729000000001075250e+02 6.197183061811545324e-01
7.730000000001075477e+02 6.196968592724904079e-01
7.731000000001075705e+02 6.197156773120512385e-01
7.732000000001075932e+02 6.197345017719616544e-01
7.733000000001076160e+02 6.197533398943673166e-01
7.734000000001076387e+02 6.197721995524745342e-01
7.735000000001076614e+02 6.197910892478434297e-01
7.736000000001076842e+02 6.196838773617617813e-01
7.737000000001077069e+02 6.195772298710130466e-01
7.738000000001077296e+02 6.194708557187493803e-01
7.739000000001077524e+02 6.193644841944625501e-01
7.740000000001077751e+02 6.192578649212044928e-01
7.741000000001077979e+02 6.193929203330172939e-01
7.742000000001078206e+02 6.195273015211406609e-01
7.743000000001078433e+02 6.196608179661846627e-01
7.744000000001078661e+02 6.197932991407328895e-01
7.745000000001078888e+02 6.199245945349267650e-01
7.746000000001079115e+02 6.200545736760872950e-01
7.747000000001079343e+02 6.201831968220457014e-01
7.748000000001079570e+02 6.203103944736292341e-01
7.749000000001079798e+02 6.204361185119261490e-01
7.750000000001080025e+02 6.205603422193344265e-01
7.751000000001080252e+02 6.205247027377851499e-01
7.752000000001080480e+02 6.204875691796956083e-01
7.753000000001080707e+02 6.204489802720801750e-01
7.754000000001080934e+02 6.204089961648505680e-01
7.755000000001081162e+02 6.203676984235114711e-01
7.756000000001081389e+02 6.203251900194622914e-01
7.757000000001081617e+02 6.202815600000811669e-01
7.758000000001081844e+02 6.202369437428095766e-01
7.759000000001082071e+02 6.201914973784093954e-01
7.760000000001082299e+02 6.201453977827102726e-01
7.761000000001082526e+02 6.201840814893418985e-01
7.762000000001082753e+02 6.202225261781078025e-01
7.763000000001082981e+02 6.202609709044468733e-01
7.764000000001083208e+02 6.202996755766471138e-01
7.765000000001083436e+02 6.203389209634301293e-01
7.766000000001083663e+02 6.203790087004245057e-01
7.767000000001083890e+02 6.204190946069051416e-01
7.768000000001084118e+02 6.204591786826726407e-01
7.769000000001084345e+02 6.204992609275281623e-01
7.770000000001084572e+02 6.205393413419127979e-01
7.771000000001084800e+02 6.205639526310710030e-01
7.772000000001085027e+02 6.205885615780646347e-01
7.773000000001085255e+02 6.206131681848325865e-01
7.774000000001085482e+02 6.206377724506828564e-01
7.775000000001085709e+02 6.206623743762395007e-01
7.776000000001085937e+02 6.206869739614677695e-01
7.777000000001086164e+02 6.207115712069919411e-01
7.778000000001086391e+02 6.207361661127777097e-01
7.779000000001086619e+02 6.207607586787914355e-01
7.780000000001086846e+02 6.207853489050442208e-01
7.781000000001087074e+02 6.208522655488167841e-01
7.782000000001087301e+02 6.209191826461086805e-01
7.783000000001087528e+02 6.209861001959932070e-01
7.784000000001087756e+02 6.210530181988591636e-01
7.785000000001087983e+02 6.211199366557543788e-01
7.786000000001088210e+02 6.211868555650932322e-01
7.787000000001088438e+02 6.212537749279238852e-01
7.788000000001088665e+02 6.213206947439781080e-01
7.789000000001088893e+02 6.213876150129865605e-01
7.790000000001089120e+02 6.214545357353208344e-01
7.791000000001089347e+02 6.215037445042207453e-01
7.792000000001089575e+02 6.215529194334286078e-01
7.793000000001089802e+02 6.216020605212672079e-01
7.794000000001090029e+02 6.216511677680335302e-01
7.795000000001090257e+02 6.217002411725708333e-01
7.796000000001090484e+02 6.216220295512209226e-01
7.797000000001090712e+02 6.215438161092150526e-01
7.798000000001090939e+02 6.214656008468938397e-01
7.799000000001091166e+02 6.213873837645964571e-01
7.800000000001091394e+02 6.213091648628643604e-01
7.801000000001091621e+02 6.214158954107410482e-01
7.802000000001091848e+02 6.215226189321600980e-01
7.803000000001092076e+02 6.216293354288151551e-01
7.804000000001092303e+02 6.217360448991091637e-01
7.805000000001092531e+02 6.218427473440775177e-01
7.806000000001092758e+02 6.219494427634405520e-01
7.807000000001092985e+02 6.220561311569182683e-01
7.808000000001093213e+02 6.221628125248883645e-01
7.809000000001093440e+02 6.222694868670715085e-01
7.810000000001093667e+02 6.223761541829756494e-01
7.811000000001093895e+02 6.222884482343413737e-01
7.812000000001094122e+02 6.222007401708773422e-01
7.813000000001094349e+02 6.221130299936180608e-01
7.814000000001094577e+02 6.220253177029403391e-01
7.815000000001094804e+02 6.219376032992204317e-01
7.816000000001095032e+02 6.218498867834927335e-01
7.817000000001095259e+02 6.217621681561339431e-01
7.818000000001095486e+02 6.216744474181777891e-01
7.819000000001095714e+02 6.215867245693421639e-01
7.820000000001095941e+02 6.214989996114498316e-01
7.821000000001096168e+02 6.215305389262459901e-01
7.822000000001096396e+02 6.215620763176554764e-01
7.823000000001096623e+02 6.215936117869083066e-01
7.824000000001096851e+02 6.216251453339183275e-01
7.825000000001097078e+02 6.216566769592584141e-01
7.826000000001097305e+02 6.216882066615270208e-01
7.827000000001097533e+02 6.217197344426128591e-01
7.828000000001097760e+02 6.217512603017716355e-01
7.829000000001097987e+02 6.217827842395762250e-01
7.830000000001098215e+02 6.218143062564851498e-01
7.831000000001098442e+02 6.217415363698415298e-01
7.832000000001098670e+02 6.216687671087215428e-01
7.833000000001098897e+02 6.215959984727990051e-01
7.834000000001099124e+02 6.215232304630626814e-01
7.835000000001099352e+02 6.214504630791860551e-01
7.836000000001099579e+02 6.213776963234735051e-01
7.837000000001099806e+02 6.213049301949401526e-01
7.838000000001100034e+02 6.212321646945748732e-01
7.839000000001100261e+02 6.211593998233663205e-01
7.840000000001100489e+02 6.210866355817652451e-01
7.841000000001100716e+02 6.211238146196412790e-01
7.842000000001100943e+02 6.211609925970631441e-01
7.843000000001101171e+02 6.211981695125801117e-01
7.844000000001101398e+02 6.212353453673724601e-01
7.845000000001101625e+02 6.212725201606468239e-01
7.846000000001101853e+02 6.213096938942412883e-01
7.847000000001102080e+02 6.213468665660470958e-01
7.848000000001102308e+02 6.213840381779028865e-01
7.849000000001102535e+02 6.214212087290157394e-01
7.850000000001102762e+02 6.214583782199669670e-01
7.851000000001102990e+02 6.215494325583955648e-01
7.852000000001103217e+02 6.216404843252926193e-01
7.853000000001103444e+02 6.217315335223202455e-01
7.854000000001103672e+02 6.218225801485094406e-01
7.855000000001103899e+02 6.219136242042064833e-01
7.856000000001104127e+02 6.220046656891001779e-01
7.857000000001104354e+02 6.220957046035382465e-01
7.858000000001104581e+02 6.221867409465505760e-01
7.859000000001104809e+02 6.222777747191438058e-01
7.860000000001105036e+02 6.223688059199905531e-01
7.861000000001105263e+02 6.221359650329419955e-01
7.862000000001105491e+02 6.219031628910153264e-01
7.863000000001105718e+02 6.216703994975804060e-01
7.864000000001105946e+02 6.214376748560088703e-01
7.865000000001106173e+02 6.212049889704693850e-01
7.866000000001106400e+02 6.210996163542962245e-01
7.867000000001106628e+02 6.209942393133359717e-01
7.868000000001106855e+02 6.208888578479863085e-01
7.869000000001107082e+02 6.207834719579863325e-01
7.870000000001107310e+02 6.206780816451088478e-01
7.871000000001107537e+02 6.206260233267528736e-01
7.872000000001107765e+02 6.205739309360231992e-01
7.873000000001107992e+02 6.205218044762842444e-01
7.874000000001108219e+02 6.204696439489288950e-01
7.875000000001108447e+02 6.204174493561477322e-01
7.876000000001108674e+02 6.204925012124472561e-01
7.877000000001108901e+02 6.205675497970751797e-01
7.878000000001109129e+02 6.206425951091578685e-01
7.879000000001109356e+02 6.207176371491391897e-01
7.880000000001109584e+02 6.207926759167061714e-01
7.881000000001109811e+02 6.207798199336380662e-01
7.882000000001110038e+02 6.207669154424970692e-01
7.883000000001110266e+02 6.207539624438792591e-01
7.884000000001110493e+02 6.207409609383836013e-01
7.885000000001110720e+02 6.207279109264670636e-01
7.886000000001110948e+02 6.205873293917850697e-01
7.887000000001111175e+02 6.204466523767980801e-01
7.888000000001111403e+02 6.203058798839632404e-01
7.889000000001111630e+02 6.201650119144215267e-01
7.890000000001111857e+02 6.200240484697808752e-01
7.891000000001112085e+02 6.197113162597305269e-01
7.892000000001112312e+02 6.193986322417285306e-01
7.893000000001112539e+02 6.190859964161622431e-01
7.894000000001112767e+02 6.187734087821020745e-01
7.895000000001112994e+02 6.184608693402194879e-01
7.896000000001113222e+02 6.184033897948564285e-01
7.897000000001113449e+02 6.183459110345531640e-01
7.898000000001113676e+02 6.182884330594971001e-01
7.899000000001113904e+02 6.182309558698739771e-01
7.900000000001114131e+02 6.181734794673227062e-01
7.901000000001114358e+02 6.182361357137925451e-01
7.902000000001114586e+02 6.182987900832147554e-01
7.903000000001114813e+02 6.183614425747191445e-01
7.904000000001115041e+02 6.184240931894137150e-01
7.905000000001115268e+02 6.184867419270883016e-01
7.906000000001115495e+02 6.185493887875318508e-01
7.907000000001115723e+02 6.186120337698757243e-01
7.908000000001115950e+02 6.186746768758875081e-01
7.909000000001116177e+02 6.187373181046973425e-01
7.910000000001116405e+02 6.187999574561333649e-01
7.911000000001116632e+02 6.188956693930183217e-01
7.912000000001116859e+02 6.189912485717783408e-01
7.913000000001117087e+02 6.190866949915655448e-01
7.914000000001117314e+02 6.191820086508730281e-01
7.915000000001117542e+02 6.192771895492297229e-01
7.916000000001117769e+02 6.191174568410539036e-01
7.917000000001117996e+02 6.189577228384758323e-01
7.918000000001118224e+02 6.187979875434239663e-01
7.919000000001118451e+02 6.186382509558504550e-01
7.920000000001118678e+02 6.184785130770106276e-01
7.921000000001118906e+02 6.183062181690571757e-01
7.922000000001119133e+02 6.181339407541863729e-01
7.923000000001119361e+02 6.179616808334847944e-01
7.924000000001119588e+02 6.177894384080382384e-01
7.925000000001119815e+02 6.176172134798745272e-01
7.926000000001120043e+02 6.176994127250813316e-01
7.927000000001120270e+02 6.177815923904609319e-01
7.928000000001120497e+02 6.178637524739782894e-01
7.929000000001120725e+02 6.179458929762270403e-01
7.930000000001120952e+02 6.180280138980837057e-01
7.931000000001121180e+02 6.183619326854064013e-01
7.932000000001121407e+02 6.186957922312268376e-01
7.933000000001121634e+02 6.190295925346122052e-01
7.934000000001121862e+02 6.193633335946284735e-01
7.935000000001122089e+02 6.196970154116574481e-01
7.936000000001122316e+02 6.200306379841096227e-01
7.937000000001122544e+02 6.203642013123671362e-01
7.938000000001122771e+02 6.206977053954982892e-01
7.939000000001122999e+02 6.210311502319145749e-01
7.940000000001123226e+02 6.213645358215083014e-01
7.941000000001123453e+02 6.212605558821073792e-01
7.942000000001123681e+02 6.211565751149124015e-01
7.943000000001123908e+02 6.210525935204378456e-01
7.944000000001124135e+02 6.209486110998548858e-01
7.945000000001124363e+02 6.208446278535346696e-01
7.946000000001124590e+02 6.206137029553355777e-01
7.947000000001124818e+02 6.203828197632604846e-01
7.948000000001125045e+02 6.201519782779341128e-01
7.949000000001125272e+02 6.199211785012925802e-01
7.950000000001125500e+02 6.196904204332268629e-01
7.951000000001125727e+02 6.193908537217590604e-01
7.952000000001125954e+02 6.190913244877712662e-01
7.953000000001126182e+02 6.187918327314029243e-01
7.954000000001126409e+02 6.184923784527946999e-01
7.955000000001126637e+02 6.181929616523120785e-01
7.956000000001126864e+02 6.175131840667643646e-01
7.957000000001127091e+02 6.168335003059789434e-01
7.958000000001127319e+02 6.161539103703823628e-01
7.959000000001127546e+02 6.154744142610568680e-01
7.960000000001127773e+02 6.147950119796610213e-01
7.961000000001128001e+02 6.146279168341792776e-01
7.962000000001128228e+02 6.144607501957762841e-01
7.963000000001128456e+02 6.142935120655375059e-01
7.964000000001128683e+02 6.141262024432390110e-01
7.965000000001128910e+02 6.139588213308266873e-01
7.966000000001129138e+02 6.145525816673074182e-01
7.967000000001129365e+02 6.151464844411052013e-01
7.968000000001129592e+02 6.157405296517000082e-01
7.969000000001129820e+02 6.163347172998805412e-01
7.970000000001130047e+02 6.169290473828080712e-01
7.971000000001130275e+02 6.172144260430380003e-01
7.972000000001130502e+02 6.174996893820301480e-01
7.973000000001130729e+02 6.177848374050769475e-01
7.974000000001130957e+02 6.180698701161605468e-01
7.975000000001131184e+02 6.183547875209429723e-01
7.976000000001131411e+02 6.183859448570520057e-01
7.977000000001131639e+02 6.184170653890868063e-01
7.978000000001131866e+02 6.184481491192127534e-01
7.979000000001132094e+02 6.184791960495955587e-01
7.980000000001132321e+02 6.185102061815807017e-01
7.981000000001132548e+02 6.183947531252986796e-01
7.982000000001132776e+02 6.182793003685512767e-01
7.983000000001133003e+02 6.181638479130642239e-01
7.984000000001133230e+02 6.180483957579422372e-01
7.985000000001133458e+02 6.179329439049100481e-01
7.986000000001133685e+02 6.178174923543817698e-01
7.987000000001133913e+02 6.177020411074264361e-01
7.988000000001134140e+02 6.175865901631503174e-01
7.989000000001134367e+02 6.174711395239304013e-01
7.990000000001134595e+02 6.173556891901941235e-01
7.991000000001134822e+02 6.172526336096184618e-01
7.992000000001135049e+02 6.171495686526113911e-01
7.993000000001135277e+02 6.170464943193124663e-01
7.994000000001135504e+02 6.169434106105160520e-01
7.995000000001135732e+02 6.168403175260750437e-01
7.996000000001135959e+02 6.164844539136015156e-01
7.997000000001136186e+02 6.161286654443566269e-01
7.998000000001136414e+02 6.157729521298891395e-01
7.999000000001136641e+02 6.154173139830543260e-01
8.000000000001136868e+02 6.150617510155756973e-01
8.001000000001137096e+02 6.148604033156129800e-01
8.002000000001137323e+02 6.146590117238457385e-01
8.003000000001137550e+02 6.144575762428634569e-01
8.004000000001137778e+02 6.142560968739527727e-01
8.005000000001138005e+02 6.140545736206446392e-01
8.006000000001138233e+02 6.141057248893413423e-01
8.007000000001138460e+02 6.141568743763700100e-01
8.008000000001138687e+02 6.142080220809310598e-01
8.009000000001138915e+02 6.142591680035304202e-01
8.010000000001139142e+02 6.143103121438855396e-01
8.011000000001139369e+02 6.142418252556121061e-01
8.012000000001139597e+02 6.141733358780453456e-01
8.013000000001139824e+02 6.141048440114348361e-01
8.014000000001140052e+02 6.140363496566827450e-01
8.015000000001140279e+02 6.139678528148355685e-01
8.016000000001140506e+02 6.140256702243708231e-01
8.017000000001140734e+02 6.140834569564759260e-01
8.018000000001140961e+02 6.141412130115541101e-01
8.019000000001141188e+02 6.141989383867428876e-01
8.020000000001141416e+02 6.142566330815596443e-01
8.021000000001141643e+02 6.141110914825771427e-01
8.022000000001141871e+02 6.139655462509804318e-01
8.023000000001142098e+02 6.138199973866383941e-01
8.024000000001142325e+02 6.136744448913756811e-01
8.025000000001142553e+02 6.135288887650611755e-01
8.026000000001142780e+02 6.133833290088670509e-01
8.027000000001143007e+02 6.132377656239649255e-01
8.028000000001143235e+02 6.130921986102232379e-01
8.029000000001143462e+02 6.129466279688133845e-01
8.030000000001143690e+02 6.128010537008576897e-01
8.031000000001143917e+02 6.126125482692759139e-01
8.032000000001144144e+02 6.124239256754638872e-01
8.033000000001144372e+02 6.122351859273603703e-01
8.034000000001144599e+02 6.120463290335529383e-01
8.035000000001144826e+02 6.118573550018379104e-01
8.036000000001145054e+02 6.115426903934999547e-01
8.037000000001145281e+02 6.112280378854533236e-01
8.038000000001145509e+02 6.109133974784554111e-01
8.039000000001145736e+02 6.105987691732643885e-01
8.040000000001145963e+02 6.102841529717885072e-01
8.041000000001146191e+02 6.098442226124634047e-01
8.042000000001146418e+02 6.094042911339337953e-01
8.043000000001146645e+02 6.089643585377632062e-01
8.044000000001146873e+02 6.085244248255146093e-01
8.045000000001147100e+02 6.080844899996843411e-01
8.046000000001147328e+02 6.078941000786740601e-01
8.047000000001147555e+02 6.077033477031700270e-01
8.048000000001147782e+02 6.075122328721803688e-01
8.049000000001148010e+02 6.073207555872918162e-01
8.050000000001148237e+02 6.071289158488115678e-01
8.051000000001148464e+02 6.069428765832778350e-01
8.052000000001148692e+02 6.067564709584923888e-01
8.053000000001148919e+02 6.065696989650003479e-01
8.054000000001149147e+02 6.063825605914211492e-01
8.055000000001149374e+02 6.061950558273759837e-01
8.056000000001149601e+02 6.057594302939243169e-01
8.057000000001149829e+02 6.053237946963103688e-01
8.058000000001150056e+02 6.048881490373317904e-01
8.059000000001150283e+02 6.044524933185059234e-01
8.060000000001150511e+02 6.040168275402911791e-01
8.061000000001150738e+02 6.032160647869690973e-01
8.062000000001150966e+02 6.024153224067283485e-01
8.063000000001151193e+02 6.016146004024590654e-01
8.064000000001151420e+02 6.008138987770472728e-01
8.065000000001151648e+02 6.000132175321093442e-01
8.066000000001151875e+02 5.992125566698951467e-01
8.067000000001152102e+02 5.984119161939214226e-01
8.068000000001152330e+02 5.976112961064337092e-01
8.069000000001152557e+02 5.968106964096776546e-01
8.070000000001152785e+02 5.960101171057606839e-01
8.071000000001153012e+02 5.950899101420427106e-01
8.072000000001153239e+02 5.941696828993824342e-01
8.073000000001153467e+02 5.932494353797118647e-01
8.074000000001153694e+02 5.923291675880973939e-01
8.075000000001153921e+02 5.914088795264712539e-01
8.076000000001154149e+02 5.904885711992682307e-01
8.077000000001154376e+02 5.895682426096707784e-01
8.078000000001154604e+02 5.886478937602381833e-01
8.079000000001154831e+02 5.877275246553969046e-01
8.080000000001155058e+02 5.868071352979834510e-01
8.081000000001155286e+02 5.855900611411684054e-01
8.082000000001155513e+02 5.843733996883332393e-01
8.083000000001155740e+02 5.831571509641240159e-01
8.084000000001155968e+02 5.819413149944182573e-01
8.085000000001156195e+02 5.807258918038553652e-01
8.086000000001156423e+02 5.795108814170767397e-01
8.087000000001156650e+02 5.782962838605582023e-01
8.088000000001156877e+02 5.770820991589308280e-01
8.089000000001157105e+02 5.758683273374363143e-01
8.090000000001157332e+02 5.746549684206948561e-01
8.091000000001157559e+02 5.734353519193097215e-01
8.092000000001157787e+02 5.722162033745136211e-01
8.093000000001158014e+02 5.709975227795298647e-01
8.094000000001158242e+02 5.697793101281850570e-01
8.095000000001158469e+02 5.685615654150376619e-01
8.096000000001158696e+02 5.674606908259320903e-01
8.097000000001158924e+02 5.663598325276036904e-01
8.098000000001159151e+02 5.652589905242273449e-01
8.099000000001159378e+02 5.641581648193747522e-01
8.100000000001159606e+02 5.630573554168264439e-01
8.101000000001159833e+02 5.616218198979145981e-01
8.102000000001160060e+02 5.601862357525153602e-01
8.103000000001160288e+02 5.587506029851466716e-01
8.104000000001160515e+02 5.573149216009182227e-01
8.105000000001160743e+02 5.558791916034895308e-01
8.106000000001160970e+02 5.542159490350672124e-01
8.107000000001161197e+02 5.525538359778897624e-01
8.108000000001161425e+02 5.508928524973776275e-01
8.109000000001161652e+02 5.492329986577672019e-01
8.110000000001161879e+02 5.475742745224072561e-01
8.111000000001162107e+02 5.456595725721475887e-01
8.112000000001162334e+02 5.437467843672419976e-01
8.113000000001162562e+02 5.418359099717189320e-01
8.114000000001162789e+02 5.399269494501771627e-01
8.115000000001163016e+02 5.380199028684756746e-01
8.116000000001163244e+02 5.362253778344404642e-01
8.117000000001163471e+02 5.344321180679133532e-01
8.118000000001163698e+02 5.326401236131883543e-01
8.119000000001163926e+02 5.308493945145541515e-01
8.120000000001164153e+02 5.290599308162561298e-01
8.121000000001164381e+02 5.272401138907600870e-01
8.122000000001164608e+02 5.254208988993819274e-01
8.123000000001164835e+02 5.236022859094783266e-01
8.124000000001165063e+02 5.217842749867230845e-01
8.125000000001165290e+02 5.199668661975898054e-01
8.126000000001165517e+02 5.173997388792513918e-01
8.127000000001165745e+02 5.148381644222905784e-01
8.128000000001165972e+02 5.122821433499411548e-01
8.129000000001166200e+02 5.097316761843234678e-01
8.130000000001166427e+02 5.071867634463637087e-01
8.131000000001166654e+02 5.036338394805512930e-01
8.132000000001166882e+02 5.000933454777297671e-01
8.133000000001167109e+02 4.965652806002555653e-01
8.134000000001167336e+02 4.930496440109802259e-01
8.135000000001167564e+02 4.895464348743217564e-01
8.136000000001167791e+02 4.869854081130148837e-01
8.137000000001168019e+02 4.844294046227846096e-01
8.138000000001168246e+02 4.818784240706974198e-01
8.139000000001168473e+02 4.793324661243306140e-01
8.140000000001168701e+02 4.767915304514669939e-01
8.141000000001168928e+02 4.744527453709579401e-01
8.142000000001169155e+02 4.721164809877759216e-01
8.143000000001169383e+02 4.697827374653474886e-01
8.144000000001169610e+02 4.674515149665706693e-01
8.145000000001169838e+02 4.651228136540373481e-01
8.146000000001170065e+02 4.621032312034388245e-01
8.147000000001170292e+02 4.590922466863824880e-01
8.148000000001170520e+02 4.560898606386100673e-01
8.149000000001170747e+02 4.530960735932861305e-01
8.150000000001170974e+02 4.501108860858478167e-01
8.151000000001171202e+02 4.469429691674330907e-01
8.152000000001171429e+02 4.437849996906111372e-01
8.153000000001171657e+02 4.406369780430819949e-01
8.154000000001171884e+02 4.374989046109979962e-01
8.155000000001172111e+02 4.343707797830291817e-01
8.156000000001172339e+02 4.313471976286961662e-01
8.157000000001172566e+02 4.283326555754301546e-01
8.158000000001172793e+02 4.253271539753212815e-01
8.159000000001173021e+02 4.223306931808907816e-01
8.160000000001173248e+02 4.193432735451474991e-01
8.161000000001173476e+02 4.164259706731762156e-01
8.162000000001173703e+02 4.135148907007296648e-01
8.163000000001173930e+02 4.106100338445330400e-01
8.164000000001174158e+02 4.077114003212735094e-01
8.165000000001174385e+02 4.048189903511102417e-01
8.166000000001174612e+02 4.037255463551521761e-01
8.167000000001174840e+02 4.026174050413798833e-01
8.168000000001175067e+02 4.014945659252023291e-01
8.169000000001175295e+02 4.003570285230225179e-01
8.170000000001175522e+02 3.992047923482730520e-01
8.171000000001175749e+02 3.966089381705775185e-01
8.172000000001175977e+02 3.940130788984502197e-01
8.173000000001176204e+02 3.914172145396559999e-01
8.174000000001176431e+02 3.888213451015192779e-01
8.175000000001176659e+02 3.862254705887070427e-01
8.176000000001176886e+02 3.821152636836570582e-01
8.177000000001177114e+02 3.780255455486966620e-01
8.178000000001177341e+02 3.739563162526807205e-01
8.179000000001177568e+02 3.699075758621816479e-01
8.180000000001177796e+02 3.658793244516228560e-01
8.181000000001178023e+02 3.646607417657344863e-01
8.182000000001178250e+02 3.634273727232422702e-01
8.183000000001178478e+02 3.621792171327680721e-01
8.184000000001178705e+02 3.609162748034435708e-01
8.185000000001178933e+02 3.596385455438054213e-01
8.186000000001179160e+02 3.581099645862894643e-01
8.187000000001179387e+02 3.565697604221943484e-01
8.188000000001179615e+02 3.550179329033488207e-01
8.189000000001179842e+02 3.534544818820523626e-01
8.190000000001180069e+02 3.518794072073089807e-01
8.191000000001180297e+02 3.491216709353154868e-01
8.192000000001180524e+02 3.463625113850608006e-01
8.193000000001180751e+02 3.436019284342196611e-01
8.194000000001180979e+02 3.408399219596834895e-01
8.195000000001181206e+02 3.380764918386438556e-01
8.196000000001181434e+02 3.352387599571743371e-01
8.197000000001181661e+02 3.324008380625473880e-01
8.198000000001181888e+02 3.295627261561225319e-01
8.199000000001182116e+02 3.267244242388812059e-01
8.200000000001182343e+02 3.238859323161642489e-01
8.201000000001182570e+02 3.228751260115272914e-01
8.202000000001182798e+02 3.218364314982387620e-01
8.203000000001183025e+02 3.207698510452406948e-01
8.204000000001183253e+02 3.196753869211890753e-01
8.205000000001183480e+02 3.185530413939998140e-01
8.206000000001183707e+02 3.170013797821101265e-01
8.207000000001183935e+02 3.154288476382682838e-01
8.208000000001184162e+02 3.138354466648274332e-01
8.209000000001184389e+02 3.122211785648865146e-01
8.210000000001184617e+02 3.105860450387740723e-01
8.211000000001184844e+02 3.076810166950519343e-01
8.212000000001185072e+02 3.047780391801336863e-01
8.213000000001185299e+02 3.018771128103312495e-01
8.214000000001185526e+02 2.989782379019700342e-01
8.215000000001185754e+02 2.960814147704109445e-01
8.216000000001185981e+02 2.926366896302887155e-01
8.217000000001186208e+02 2.892044149659505070e-01
8.218000000001186436e+02 2.857845925469032489e-01
8.219000000001186663e+02 2.823772241420908213e-01
8.220000000001186891e+02 2.789823115168073020e-01
8.221000000001187118e+02 2.737628859849663421e-01
8.222000000001187345e+02 2.685921362994189154e-01
8.223000000001187573e+02 2.634700646014100922e-01
8.224000000001187800e+02 2.583966730327863504e-01
8.225000000001188027e+02 2.533719637321938944e-01
8.226000000001188255e+02 2.476791470118222538e-01
8.227000000001188482e+02 2.420508662153214585e-01
8.228000000001188710e+02 2.364871241758768894e-01
8.229000000001188937e+02 2.309879237257355944e-01
8.230000000001189164e+02 2.255532677067426939e-01
8.231000000001189392e+02 2.241824280842526496e-01
8.232000000001189619e+02 2.227840902205256990e-01
8.233000000001189846e+02 2.213582559363696245e-01
8.234000000001190074e+02 2.199049270521673816e-01
8.235000000001190301e+02 2.184241053919406816e-01
8.236000000001190529e+02 2.183396402102322775e-01
8.237000000001190756e+02 2.181928798823347115e-01
8.238000000001190983e+02 2.179838285185130842e-01
8.239000000001191211e+02 2.177124902290294428e-01
8.240000000001191438e+02 2.173788691213229818e-01
8.241000000001191665e+02 2.158232235268859045e-01
8.242000000001191893e+02 2.142462110426776034e-01
8.243000000001192120e+02 2.126478308379004256e-01
8.244000000001192348e+02 2.110280820825605475e-01
8.245000000001192575e+02 2.093869639443722008e-01
8.246000000001192802e+02 2.070719379770837032e-01
8.247000000001193030e+02 2.047515195476361238e-01
8.248000000001193257e+02 2.024257084532764261e-01
8.249000000001193484e+02 2.000945044912696424e-01
8.250000000001193712e+02 1.977579074575179507e-01
8.251000000001193939e+02 1.949796962873251160e-01
8.252000000001194167e+02 1.922068007521263167e-01
8.253000000001194394e+02 1.894392210778667041e-01
8.254000000001194621e+02 1.866769574906598228e-01
8.255000000001194849e+02 1.839200102159728178e-01
8.256000000001195076e+02 1.811683794798508440e-01
8.257000000001195303e+02 1.784220655082924267e-01
8.258000000001195531e+02 1.756810685266758931e-01
8.259000000001195758e+02 1.729453887609324336e-01
8.260000000001195986e+02 1.702150264382875644e-01
8.261000000001196213e+02 1.681363063170833172e-01
8.262000000001196440e+02 1.660448680647776398e-01
8.263000000001196668e+02 1.639407116001179443e-01
8.264000000001196895e+02 1.618238368419276652e-01
8.265000000001197122e+02 1.596942437084458155e-01
8.266000000001197350e+02 1.572894549317691570e-01
8.267000000001197577e+02 1.548804187307956381e-01
8.268000000001197805e+02 1.524671350838749939e-01
8.269000000001198032e+02 1.500496039697158668e-01
8.270000000001198259e+02 1.476278253652645589e-01
8.271000000001198487e+02 1.446572722118751320e-01
8.272000000001198714e+02 1.417091224663520610e-01
8.273000000001198941e+02 1.387833761575304470e-01
8.274000000001199169e+02 1.358800333136459260e-01
8.275000000001199396e+02 1.329990939640238734e-01
8.276000000001199624e+02 1.304194706048315833e-01
8.277000000001199851e+02 1.278529154125027378e-01
8.278000000001200078e+02 1.252994284066126229e-01
8.279000000001200306e+02 1.227590096062188690e-01
8.280000000001200533e+02 1.202316590319215395e-01
8.281000000001200760e+02 1.183870932584982494e-01
8.282000000001200988e+02 1.165345445377476280e-01
8.283000000001201215e+02 1.146740134630788027e-01
8.284000000001201443e+02 1.128055006282288747e-01
8.285000000001201670e+02 1.109290066263700358e-01
8.286000000001201897e+02 1.088345618367025924e-01
8.287000000001202125e+02 1.067402181371192582e-01
8.288000000001202352e+02 1.046459755364986394e-01
8.289000000001202579e+02 1.025518340435959963e-01
8.290000000001202807e+02 1.004577936674407868e-01
8.291000000001203034e+02 9.840549027614407807e-02
8.292000000001203261e+02 9.634963732315905693e-02
8.293000000001203489e+02 9.429023511587639184e-02
8.294000000001203716e+02 9.222728396204543655e-02
8.295000000001203944e+02 9.016078416938140550e-02
8.296000000001204171e+02 8.820345611673956199e-02
8.297000000001204398e+02 8.623708570530970452e-02
8.298000000001204626e+02 8.426167368419613946e-02
8.299000000001204853e+02 8.227722080270409577e-02
8.300000000001205080e+02 8.028372781030491956e-02
8.301000000001205308e+02 7.862813886467386049e-02
8.302000000001205535e+02 7.697122285700958022e-02
8.303000000001205763e+02 7.531297992894882276e-02
8.304000000001205990e+02 7.365341022206638166e-02
8.305000000001206217e+02 7.199251387824734394e-02
8.306000000001206445e+02 7.043400117913045655e-02
8.307000000001206672e+02 6.886917064807371314e-02
8.308000000001206899e+02 6.729802286840504133e-02
8.309000000001207127e+02 6.572055842364195322e-02
8.310000000001207354e+02 6.413677789703162158e-02
8.311000000001207582e+02 6.240500981720983192e-02
8.312000000001207809e+02 6.067396640789021051e-02
8.313000000001208036e+02 5.894364768744246585e-02
8.314000000001208264e+02 5.721405367421585064e-02
8.315000000001208491e+02 5.548518438620496374e-02
8.316000000001208718e+02 5.363343460859269773e-02
8.317000000001208946e+02 5.179030338875332401e-02
8.318000000001209173e+02 4.995579069548764656e-02
8.319000000001209401e+02 4.812989649747783510e-02
8.320000000001209628e+02 4.631262076392020366e-02
8.321000000001209855e+02 4.499502021335952812e-02
8.322000000001210083e+02 4.367286319182284854e-02
8.323000000001210310e+02 4.234615052147369663e-02
8.324000000001210537e+02 4.101488302465140096e-02
8.325000000001210765e+02 3.967906152361348054e-02
8.326000000001210992e+02 3.836278406665126484e-02
8.327000000001211220e+02 3.704018576668871576e-02
8.328000000001211447e+02 3.571126775492690364e-02
8.329000000001211674e+02 3.437603116254459024e-02
8.330000000001211902e+02 3.303447712079261162e-02
8.331000000001212129e+02 3.191384296001504445e-02
8.332000000001212356e+02 3.079421320720870242e-02
8.333000000001212584e+02 2.967558776362791417e-02
8.334000000001212811e+02 2.855796653067672539e-02
8.335000000001213039e+02 2.744134940963494085e-02
8.336000000001213266e+02 2.634219835962719677e-02
8.337000000001213493e+02 2.524269246493501817e-02
8.338000000001213721e+02 2.414281797292461632e-02
8.339000000001213948e+02 2.304256389300306240e-02
8.340000000001214175e+02 2.194192181433833599e-02
8.341000000001214403e+02 2.117373464014783366e-02
8.342000000001214630e+02 2.040292788583939268e-02
8.343000000001214858e+02 1.962949875911827388e-02
8.344000000001215085e+02 1.885344600053310421e-02
8.345000000001215312e+02 1.807476976037964561e-02
8.346000000001215540e+02 1.727569152484242920e-02
8.347000000001215767e+02 1.647566197131637017e-02
8.348000000001215994e+02 1.567468428755419696e-02
8.349000000001216222e+02 1.487276260696940300e-02
8.350000000001216449e+02 1.406990187152726453e-02
8.351000000001216677e+02 1.351053441842696261e-02
8.352000000001216904e+02 1.295166134969207711e-02
8.353000000001217131e+02 1.239328715777829500e-02
8.354000000001217359e+02 1.183541664355063604e-02
8.355000000001217586e+02 1.127805482017327048e-02
8.356000000001217813e+02 1.072561976851794420e-02
8.357000000001218041e+02 1.017324861459114813e-02
8.358000000001218268e+02 9.620946872401720321e-03
8.359000000001218496e+02 9.068719816011927559e-03
8.360000000001218723e+02 8.516572390213562882e-03
8.361000000001218950e+02 8.161289362498939243e-03
8.362000000001219178e+02 7.805750134589464762e-03
8.363000000001219405e+02 7.449958188740324165e-03
8.364000000001219632e+02 7.093916662719275748e-03
8.365000000001219860e+02 6.737628290886273248e-03
8.366000000001220087e+02 6.381095871391016458e-03
8.367000000001220315e+02 6.024309557871606810e-03
8.368000000001220542e+02 5.667269186327061371e-03
8.369000000001220769e+02 5.309974617552837284e-03
8.370000000001220997e+02 4.952425735529121867e-03
8.371000000001221224e+02 4.733067013037848235e-03
8.372000000001221451e+02 4.513664926497048049e-03
8.373000000001221679e+02 4.294219417848301260e-03
8.374000000001221906e+02 4.074730440749092103e-03
8.375000000001222134e+02 3.855197959420496485e-03
8.376000000001222361e+02 3.634877708116294234e-03
8.377000000001222588e+02 3.414603825153657637e-03
8.378000000001222816e+02 3.194376316645436507e-03
8.379000000001223043e+02 2.974195191488675834e-03
8.380000000001223270e+02 2.754060462629035790e-03
8.381000000001223498e+02 2.648213892208834547e-03
8.382000000001223725e+02 2.542293973949427341e-03
8.383000000001223952e+02 2.436300726049618181e-03
8.384000000001224180e+02 2.330234169348080302e-03
8.385000000001224407e+02 2.224094327852286796e-03
8.386000000001224635e+02 2.117448743781698631e-03
8.387000000001224862e+02 2.010773907988477795e-03
8.388000000001225089e+02 0.000000000000000000e+00
8.389000000001225317e+02 0.000000000000000000e+00
8.390000000001225544e+02 0.000000000000000000e+00
8.391000000001225771e+02 0.000000000000000000e+00
8.392000000001225999e+02 0.000000000000000000e+00
8.393000000001226226e+02 0.000000000000000000e+00
8.394000000001226454e+02 0.000000000000000000e+00
8.395000000001226681e+02 0.000000000000000000e+00
8.396000000001226908e+02 0.000000000000000000e+00
8.397000000001227136e+02 0.000000000000000000e+00
8.398000000001227363e+02 0.000000000000000000e+00
8.399000000001227590e+02 0.000000000000000000e+00
8.400000000001227818e+02 0.000000000000000000e+00
8.401000000001228045e+02 0.000000000000000000e+00
8.402000000001228273e+02 0.000000000000000000e+00
8.403000000001228500e+02 0.000000000000000000e+00
8.404000000001228727e+02 0.000000000000000000e+00
8.405000000001228955e+02 0.000000000000000000e+00
8.406000000001229182e+02 0.000000000000000000e+00
8.407000000001229409e+02 0.000000000000000000e+00
8.408000000001229637e+02 0.000000000000000000e+00
8.409000000001229864e+02 0.000000000000000000e+00
8.410000000001230092e+02 0.000000000000000000e+00
8.411000000001230319e+02 0.000000000000000000e+00
8.412000000001230546e+02 0.000000000000000000e+00
8.413000000001230774e+02 0.000000000000000000e+00
8.414000000001231001e+02 0.000000000000000000e+00
8.415000000001231228e+02 0.000000000000000000e+00
8.416000000001231456e+02 0.000000000000000000e+00
8.417000000001231683e+02 0.000000000000000000e+00
8.418000000001231911e+02 0.000000000000000000e+00
8.419000000001232138e+02 0.000000000000000000e+00
8.420000000001232365e+02 0.000000000000000000e+00
8.421000000001232593e+02 0.000000000000000000e+00
8.422000000001232820e+02 0.000000000000000000e+00
8.423000000001233047e+02 0.000000000000000000e+00
8.424000000001233275e+02 0.000000000000000000e+00
8.425000000001233502e+02 0.000000000000000000e+00
8.426000000001233730e+02 0.000000000000000000e+00
8.427000000001233957e+02 0.000000000000000000e+00
8.428000000001234184e+02 0.000000000000000000e+00
8.429000000001234412e+02 0.000000000000000000e+00
8.430000000001234639e+02 0.000000000000000000e+00
8.431000000001234866e+02 0.000000000000000000e+00
8.432000000001235094e+02 0.000000000000000000e+00
8.433000000001235321e+02 0.000000000000000000e+00
8.434000000001235549e+02 0.000000000000000000e+00
8.435000000001235776e+02 0.000000000000000000e+00
8.436000000001236003e+02 0.000000000000000000e+00
8.437000000001236231e+02 0.000000000000000000e+00
8.438000000001236458e+02 0.000000000000000000e+00
8.439000000001236685e+02 0.000000000000000000e+00
8.440000000001236913e+02 0.000000000000000000e+00
8.441000000001237140e+02 0.000000000000000000e+00
8.442000000001237368e+02 0.000000000000000000e+00
8.443000000001237595e+02 0.000000000000000000e+00
8.444000000001237822e+02 0.000000000000000000e+00
8.445000000001238050e+02 0.000000000000000000e+00
8.446000000001238277e+02 0.000000000000000000e+00
8.447000000001238504e+02 0.000000000000000000e+00
8.448000000001238732e+02 0.000000000000000000e+00
8.449000000001238959e+02 0.000000000000000000e+00
8.450000000001239187e+02 0.000000000000000000e+00
8.451000000001239414e+02 0.000000000000000000e+00
8.452000000001239641e+02 0.000000000000000000e+00
8.453000000001239869e+02 0.000000000000000000e+00
8.454000000001240096e+02 0.000000000000000000e+00
8.455000000001240323e+02 0.000000000000000000e+00
8.456000000001240551e+02 0.000000000000000000e+00
8.457000000001240778e+02 0.000000000000000000e+00
8.458000000001241006e+02 0.000000000000000000e+00
8.459000000001241233e+02 0.000000000000000000e+00
8.460000000001241460e+02 0.000000000000000000e+00
8.461000000001241688e+02 0.000000000000000000e+00
8.462000000001241915e+02 0.000000000000000000e+00
8.463000000001242142e+02 0.000000000000000000e+00
8.464000000001242370e+02 0.000000000000000000e+00
8.465000000001242597e+02 0.000000000000000000e+00
8.466000000001242825e+02 0.000000000000000000e+00
8.467000000001243052e+02 0.000000000000000000e+00
8.468000000001243279e+02 0.000000000000000000e+00
8.469000000001243507e+02 0.000000000000000000e+00
8.470000000001243734e+02 0.000000000000000000e+00
8.471000000001243961e+02 0.000000000000000000e+00
8.472000000001244189e+02 0.000000000000000000e+00
8.473000000001244416e+02 0.000000000000000000e+00
8.474000000001244643e+02 0.000000000000000000e+00
8.475000000001244871e+02 0.000000000000000000e+00
8.476000000001245098e+02 0.000000000000000000e+00
8.477000000001245326e+02 0.000000000000000000e+00
8.478000000001245553e+02 0.000000000000000000e+00
8.479000000001245780e+02 0.000000000000000000e+00
8.480000000001246008e+02 0.000000000000000000e+00
8.481000000001246235e+02 0.000000000000000000e+00
8.482000000001246462e+02 0.000000000000000000e+00
8.483000000001246690e+02 0.000000000000000000e+00
8.484000000001246917e+02 0.000000000000000000e+00
8.485000000001247145e+02 0.000000000000000000e+00
8.486000000001247372e+02 0.000000000000000000e+00
8.487000000001247599e+02 0.000000000000000000e+00
8.488000000001247827e+02 0.000000000000000000e+00
8.489000000001248054e+02 0.000000000000000000e+00
8.490000000001248281e+02 0.000000000000000000e+00
8.491000000001248509e+02 0.000000000000000000e+00
8.492000000001248736e+02 0.000000000000000000e+00
8.493000000001248964e+02 0.000000000000000000e+00
8.494000000001249191e+02 0.000000000000000000e+00
8.495000000001249418e+02 0.000000000000000000e+00
8.496000000001249646e+02 0.000000000000000000e+00
8.497000000001249873e+02 0.000000000000000000e+00
8.498000000001250100e+02 0.000000000000000000e+00
8.499000000001250328e+02 0.000000000000000000e+00
8.500000000001250555e+02 0.000000000000000000e+00
8.501000000001250783e+02 0.000000000000000000e+00
8.502000000001251010e+02 0.000000000000000000e+00
8.503000000001251237e+02 0.000000000000000000e+00
8.504000000001251465e+02 0.000000000000000000e+00
8.505000000001251692e+02 0.000000000000000000e+00
8.506000000001251919e+02 0.000000000000000000e+00
8.507000000001252147e+02 0.000000000000000000e+00
8.508000000001252374e+02 0.000000000000000000e+00
8.509000000001252602e+02 0.000000000000000000e+00
8.510000000001252829e+02 0.000000000000000000e+00
8.511000000001253056e+02 0.000000000000000000e+00
8.512000000001253284e+02 0.000000000000000000e+00
8.513000000001253511e+02 0.000000000000000000e+00
8.514000000001253738e+02 0.000000000000000000e+00
8.515000000001253966e+02 0.000000000000000000e+00
8.516000000001254193e+02 0.000000000000000000e+00
8.517000000001254421e+02 0.000000000000000000e+00
8.518000000001254648e+02 0.000000000000000000e+00
8.519000000001254875e+02 0.000000000000000000e+00
8.520000000001255103e+02 0.000000000000000000e+00
8.521000000001255330e+02 0.000000000000000000e+00
8.522000000001255557e+02 0.000000000000000000e+00
8.523000000001255785e+02 0.000000000000000000e+00
8.524000000001256012e+02 0.000000000000000000e+00
8.525000000001256240e+02 0.000000000000000000e+00
8.526000000001256467e+02 0.000000000000000000e+00
8.527000000001256694e+02 0.000000000000000000e+00
8.528000000001256922e+02 0.000000000000000000e+00
8.529000000001257149e+02 0.000000000000000000e+00
8.530000000001257376e+02 0.000000000000000000e+00
8.531000000001257604e+02 0.000000000000000000e+00
8.532000000001257831e+02 0.000000000000000000e+00
8.533000000001258059e+02 0.000000000000000000e+00
8.534000000001258286e+02 0.000000000000000000e+00
8.535000000001258513e+02 0.000000000000000000e+00
8.536000000001258741e+02 0.000000000000000000e+00
8.537000000001258968e+02 0.000000000000000000e+00
8.538000000001259195e+02 0.000000000000000000e+00
8.539000000001259423e+02 0.000000000000000000e+00
8.540000000001259650e+02 0.000000000000000000e+00
8.541000000001259878e+02 0.000000000000000000e+00
8.542000000001260105e+02 0.000000000000000000e+00
8.543000000001260332e+02 0.000000000000000000e+00
8.544000000001260560e+02 0.000000000000000000e+00
8.545000000001260787e+02 0.000000000000000000e+00
8.546000000001261014e+02 0.000000000000000000e+00
8.547000000001261242e+02 0.000000000000000000e+00
8.548000000001261469e+02 0.000000000000000000e+00
8.549000000001261697e+02 0.000000000000000000e+00
8.550000000001261924e+02 0.000000000000000000e+00
8.551000000001262151e+02 0.000000000000000000e+00
8.552000000001262379e+02 0.000000000000000000e+00
8.553000000001262606e+02 0.000000000000000000e+00
8.554000000001262833e+02 0.000000000000000000e+00
8.555000000001263061e+02 0.000000000000000000e+00
8.556000000001263288e+02 0.000000000000000000e+00
8.557000000001263516e+02 0.000000000000000000e+00
8.558000000001263743e+02 0.000000000000000000e+00
8.559000000001263970e+02 0.000000000000000000e+00
8.560000000001264198e+02 0.000000000000000000e+00
8.561000000001264425e+02 0.000000000000000000e+00
8.562000000001264652e+02 0.000000000000000000e+00
8.563000000001264880e+02 0.000000000000000000e+00
8.564000000001265107e+02 0.000000000000000000e+00
8.565000000001265335e+02 0.000000000000000000e+00
8.566000000001265562e+02 0.000000000000000000e+00
8.567000000001265789e+02 0.000000000000000000e+00
8.568000000001266017e+02 0.000000000000000000e+00
8.569000000001266244e+02 0.000000000000000000e+00
8.570000000001266471e+02 0.000000000000000000e+00
8.571000000001266699e+02 0.000000000000000000e+00
8.572000000001266926e+02 0.000000000000000000e+00
8.573000000001267153e+02 0.000000000000000000e+00
8.574000000001267381e+02 0.000000000000000000e+00
8.575000000001267608e+02 0.000000000000000000e+00
8.576000000001267836e+02 0.000000000000000000e+00
8.577000000001268063e+02 0.000000000000000000e+00
8.578000000001268290e+02 0.000000000000000000e+00
8.579000000001268518e+02 0.000000000000000000e+00
8.580000000001268745e+02 0.000000000000000000e+00
8.581000000001268972e+02 0.000000000000000000e+00
8.582000000001269200e+02 0.000000000000000000e+00
8.583000000001269427e+02 0.000000000000000000e+00
8.584000000001269655e+02 0.000000000000000000e+00
8.585000000001269882e+02 0.000000000000000000e+00
8.586000000001270109e+02 0.000000000000000000e+00
8.587000000001270337e+02 0.000000000000000000e+00
8.588000000001270564e+02 0.000000000000000000e+00
8.589000000001270791e+02 0.000000000000000000e+00
8.590000000001271019e+02 0.000000000000000000e+00
8.591000000001271246e+02 0.000000000000000000e+00
8.592000000001271474e+02 0.000000000000000000e+00
8.593000000001271701e+02 0.000000000000000000e+00
8.594000000001271928e+02 0.000000000000000000e+00
8.595000000001272156e+02 0.000000000000000000e+00
8.596000000001272383e+02 0.000000000000000000e+00
8.597000000001272610e+02 0.000000000000000000e+00
8.598000000001272838e+02 0.000000000000000000e+00
8.599000000001273065e+02 0.000000000000000000e+00
8.600000000001273293e+02 0.000000000000000000e+00
8.601000000001273520e+02 0.000000000000000000e+00
8.602000000001273747e+02 0.000000000000000000e+00
8.603000000001273975e+02 0.000000000000000000e+00
8.604000000001274202e+02 0.000000000000000000e+00
8.605000000001274429e+02 0.000000000000000000e+00
8.606000000001274657e+02 0.000000000000000000e+00
8.607000000001274884e+02 0.000000000000000000e+00
8.608000000001275112e+02 0.000000000000000000e+00
8.609000000001275339e+02 0.000000000000000000e+00
8.610000000001275566e+02 0.000000000000000000e+00
8.611000000001275794e+02 0.000000000000000000e+00
8.612000000001276021e+02 0.000000000000000000e+00
8.613000000001276248e+02 0.000000000000000000e+00
8.614000000001276476e+02 0.000000000000000000e+00
8.615000000001276703e+02 0.000000000000000000e+00
8.616000000001276931e+02 0.000000000000000000e+00
8.617000000001277158e+02 0.000000000000000000e+00
8.618000000001277385e+02 0.000000000000000000e+00
8.619000000001277613e+02 0.000000000000000000e+00
8.620000000001277840e+02 0.000000000000000000e+00
8.621000000001278067e+02 0.000000000000000000e+00
8.622000000001278295e+02 0.000000000000000000e+00
8.623000000001278522e+02 0.000000000000000000e+00
8.624000000001278750e+02 0.000000000000000000e+00
8.625000000001278977e+02 0.000000000000000000e+00
8.626000000001279204e+02 0.000000000000000000e+00
8.627000000001279432e+02 0.000000000000000000e+00
8.628000000001279659e+02 0.000000000000000000e+00
8.629000000001279886e+02 0.000000000000000000e+00
8.630000000001280114e+02 0.000000000000000000e+00
8.631000000001280341e+02 0.000000000000000000e+00
8.632000000001280569e+02 0.000000000000000000e+00
8.633000000001280796e+02 0.000000000000000000e+00
8.634000000001281023e+02 0.000000000000000000e+00
8.635000000001281251e+02 0.000000000000000000e+00
8.636000000001281478e+02 0.000000000000000000e+00
8.637000000001281705e+02 0.000000000000000000e+00
8.638000000001281933e+02 0.000000000000000000e+00
8.639000000001282160e+02 0.000000000000000000e+00
8.640000000001282388e+02 0.000000000000000000e+00
8.641000000001282615e+02 0.000000000000000000e+00
8.642000000001282842e+02 0.000000000000000000e+00
8.643000000001283070e+02 0.000000000000000000e+00
8.644000000001283297e+02 0.000000000000000000e+00
8.645000000001283524e+02 0.000000000000000000e+00
8.646000000001283752e+02 0.000000000000000000e+00
8.647000000001283979e+02 0.000000000000000000e+00
8.648000000001284207e+02 0.000000000000000000e+00
8.649000000001284434e+02 0.000000000000000000e+00
8.650000000001284661e+02 0.000000000000000000e+00
8.651000000001284889e+02 0.000000000000000000e+00
8.652000000001285116e+02 0.000000000000000000e+00
8.653000000001285343e+02 0.000000000000000000e+00
8.654000000001285571e+02 0.000000000000000000e+00
8.655000000001285798e+02 0.000000000000000000e+00
8.656000000001286026e+02 0.000000000000000000e+00
8.657000000001286253e+02 0.000000000000000000e+00
8.658000000001286480e+02 0.000000000000000000e+00
8.659000000001286708e+02 0.000000000000000000e+00
8.660000000001286935e+02 0.000000000000000000e+00
8.661000000001287162e+02 0.000000000000000000e+00
8.662000000001287390e+02 0.000000000000000000e+00
8.663000000001287617e+02 0.000000000000000000e+00
8.664000000001287844e+02 0.000000000000000000e+00
8.665000000001288072e+02 0.000000000000000000e+00
8.666000000001288299e+02 0.000000000000000000e+00
8.667000000001288527e+02 0.000000000000000000e+00
8.668000000001288754e+02 0.000000000000000000e+00
8.669000000001288981e+02 0.000000000000000000e+00
8.670000000001289209e+02 0.000000000000000000e+00
8.671000000001289436e+02 0.000000000000000000e+00
8.672000000001289663e+02 0.000000000000000000e+00
8.673000000001289891e+02 0.000000000000000000e+00
8.674000000001290118e+02 0.000000000000000000e+00
8.675000000001290346e+02 0.000000000000000000e+00
8.676000000001290573e+02 0.000000000000000000e+00
8.677000000001290800e+02 0.000000000000000000e+00
8.678000000001291028e+02 0.000000000000000000e+00
8.679000000001291255e+02 0.000000000000000000e+00
8.680000000001291482e+02 0.000000000000000000e+00
8.681000000001291710e+02 0.000000000000000000e+00
8.682000000001291937e+02 0.000000000000000000e+00
8.683000000001292165e+02 0.000000000000000000e+00
8.684000000001292392e+02 0.000000000000000000e+00
8.685000000001292619e+02 0.000000000000000000e+00
8.686000000001292847e+02 0.000000000000000000e+00
8.687000000001293074e+02 0.000000000000000000e+00
8.688000000001293301e+02 0.000000000000000000e+00
8.689000000001293529e+02 0.000000000000000000e+00
8.690000000001293756e+02 0.000000000000000000e+00
8.691000000001293984e+02 0.000000000000000000e+00
8.692000000001294211e+02 0.000000000000000000e+00
8.693000000001294438e+02 0.000000000000000000e+00
8.694000000001294666e+02 0.000000000000000000e+00
8.695000000001294893e+02 0.000000000000000000e+00
8.696000000001295120e+02 0.000000000000000000e+00
8.697000000001295348e+02 0.000000000000000000e+00
8.698000000001295575e+02 0.000000000000000000e+00
8.699000000001295803e+02 0.000000000000000000e+00
8.700000000001296030e+02 0.000000000000000000e+00
8.701000000001296257e+02 0.000000000000000000e+00
8.702000000001296485e+02 0.000000000000000000e+00
8.703000000001296712e+02 0.000000000000000000e+00
8.704000000001296939e+02 0.000000000000000000e+00
8.705000000001297167e+02 0.000000000000000000e+00
8.706000000001297394e+02 0.000000000000000000e+00
8.707000000001297622e+02 0.000000000000000000e+00
8.708000000001297849e+02 0.000000000000000000e+00
8.709000000001298076e+02 0.000000000000000000e+00
8.710000000001298304e+02 0.000000000000000000e+00
8.711000000001298531e+02 0.000000000000000000e+00
8.712000000001298758e+02 0.000000000000000000e+00
8.713000000001298986e+02 0.000000000000000000e+00
8.714000000001299213e+02 0.000000000000000000e+00
8.715000000001299441e+02 0.000000000000000000e+00
8.716000000001299668e+02 0.000000000000000000e+00
8.717000000001299895e+02 0.000000000000000000e+00
8.718000000001300123e+02 0.000000000000000000e+00
8.719000000001300350e+02 0.000000000000000000e+00
8.720000000001300577e+02 0.000000000000000000e+00
8.721000000001300805e+02 0.000000000000000000e+00
8.722000000001301032e+02 0.000000000000000000e+00
8.723000000001301260e+02 0.000000000000000000e+00
8.724000000001301487e+02 0.000000000000000000e+00
8.725000000001301714e+02 0.000000000000000000e+00
8.726000000001301942e+02 0.000000000000000000e+00
8.727000000001302169e+02 0.000000000000000000e+00
8.728000000001302396e+02 0.000000000000000000e+00
8.729000000001302624e+02 0.000000000000000000e+00
8.730000000001302851e+02 0.000000000000000000e+00
8.731000000001303079e+02 0.000000000000000000e+00
8.732000000001303306e+02 0.000000000000000000e+00
8.733000000001303533e+02 0.000000000000000000e+00
8.734000000001303761e+02 0.000000000000000000e+00
8.735000000001303988e+02 0.000000000000000000e+00
8.736000000001304215e+02 0.000000000000000000e+00
8.737000000001304443e+02 0.000000000000000000e+00
8.738000000001304670e+02 0.000000000000000000e+00
8.739000000001304898e+02 0.000000000000000000e+00
8.740000000001305125e+02 0.000000000000000000e+00
8.741000000001305352e+02 0.000000000000000000e+00
8.742000000001305580e+02 0.000000000000000000e+00
8.743000000001305807e+02 0.000000000000000000e+00
8.744000000001306034e+02 0.000000000000000000e+00
8.745000000001306262e+02 0.000000000000000000e+00
8.746000000001306489e+02 0.000000000000000000e+00
8.747000000001306717e+02 0.000000000000000000e+00
8.748000000001306944e+02 0.000000000000000000e+00
8.749000000001307171e+02 0.000000000000000000e+00
8.750000000001307399e+02 0.000000000000000000e+00
8.751000000001307626e+02 0.000000000000000000e+00
8.752000000001307853e+02 0.000000000000000000e+00
8.753000000001308081e+02 0.000000000000000000e+00
8.754000000001308308e+02 0.000000000000000000e+00
8.755000000001308536e+02 0.000000000000000000e+00
8.756000000001308763e+02 0.000000000000000000e+00
8.757000000001308990e+02 0.000000000000000000e+00
8.758000000001309218e+02 0.000000000000000000e+00
8.759000000001309445e+02 0.000000000000000000e+00
8.760000000001309672e+02 0.000000000000000000e+00
8.761000000001309900e+02 0.000000000000000000e+00
8.762000000001310127e+02 0.000000000000000000e+00
8.763000000001310354e+02 0.000000000000000000e+00
8.764000000001310582e+02 0.000000000000000000e+00
8.765000000001310809e+02 0.000000000000000000e+00
8.766000000001311037e+02 0.000000000000000000e+00
8.767000000001311264e+02 0.000000000000000000e+00
8.768000000001311491e+02 0.000000000000000000e+00
8.769000000001311719e+02 0.000000000000000000e+00
8.770000000001311946e+02 0.000000000000000000e+00
8.771000000001312173e+02 0.000000000000000000e+00
8.772000000001312401e+02 0.000000000000000000e+00
8.773000000001312628e+02 0.000000000000000000e+00
8.774000000001312856e+02 0.000000000000000000e+00
8.775000000001313083e+02 0.000000000000000000e+00
8.776000000001313310e+02 0.000000000000000000e+00
8.777000000001313538e+02 0.000000000000000000e+00
8.778000000001313765e+02 0.000000000000000000e+00
8.779000000001313992e+02 0.000000000000000000e+00
8.780000000001314220e+02 0.000000000000000000e+00
8.781000000001314447e+02 0.000000000000000000e+00
8.782000000001314675e+02 0.000000000000000000e+00
8.783000000001314902e+02 0.000000000000000000e+00
8.784000000001315129e+02 0.000000000000000000e+00
8.785000000001315357e+02 0.000000000000000000e+00
8.786000000001315584e+02 0.000000000000000000e+00
8.787000000001315811e+02 0.000000000000000000e+00
8.788000000001316039e+02 0.000000000000000000e+00
8.789000000001316266e+02 0.000000000000000000e+00
8.790000000001316494e+02 0.000000000000000000e+00
8.791000000001316721e+02 0.000000000000000000e+00
8.792000000001316948e+02 0.000000000000000000e+00
8.793000000001317176e+02 0.000000000000000000e+00
8.794000000001317403e+02 0.000000000000000000e+00
8.795000000001317630e+02 0.000000000000000000e+00
8.796000000001317858e+02 0.000000000000000000e+00
8.797000000001318085e+02 0.000000000000000000e+00
8.798000000001318313e+02 0.000000000000000000e+00
8.799000000001318540e+02 0.000000000000000000e+00
8.800000000001318767e+02 0.000000000000000000e+00
8.801000000001318995e+02 0.000000000000000000e+00
8.802000000001319222e+02 0.000000000000000000e+00
8.803000000001319449e+02 0.000000000000000000e+00
8.804000000001319677e+02 0.000000000000000000e+00
8.805000000001319904e+02 0.000000000000000000e+00
8.806000000001320132e+02 0.000000000000000000e+00
8.807000000001320359e+02 0.000000000000000000e+00
8.808000000001320586e+02 0.000000000000000000e+00
8.809000000001320814e+02 0.000000000000000000e+00
8.810000000001321041e+02 0.000000000000000000e+00
8.811000000001321268e+02 0.000000000000000000e+00
8.812000000001321496e+02 0.000000000000000000e+00
8.813000000001321723e+02 0.000000000000000000e+00
8.814000000001321951e+02 0.000000000000000000e+00
8.815000000001322178e+02 0.000000000000000000e+00
8.816000000001322405e+02 0.000000000000000000e+00
8.817000000001322633e+02 0.000000000000000000e+00
8.818000000001322860e+02 0.000000000000000000e+00
8.819000000001323087e+02 0.000000000000000000e+00
8.820000000001323315e+02 0.000000000000000000e+00
8.821000000001323542e+02 0.000000000000000000e+00
8.822000000001323770e+02 0.000000000000000000e+00
8.823000000001323997e+02 0.000000000000000000e+00
8.824000000001324224e+02 0.000000000000000000e+00
8.825000000001324452e+02 0.000000000000000000e+00
8.826000000001324679e+02 0.000000000000000000e+00
8.827000000001324906e+02 0.000000000000000000e+00
8.828000000001325134e+02 0.000000000000000000e+00
8.829000000001325361e+02 0.000000000000000000e+00
8.830000000001325589e+02 0.000000000000000000e+00
8.831000000001325816e+02 0.000000000000000000e+00
8.832000000001326043e+02 0.000000000000000000e+00
8.833000000001326271e+02 0.000000000000000000e+00
8.834000000001326498e+02 0.000000000000000000e+00
8.835000000001326725e+02 0.000000000000000000e+00
8.836000000001326953e+02 0.000000000000000000e+00
8.837000000001327180e+02 0.000000000000000000e+00
8.838000000001327408e+02 0.000000000000000000e+00
8.839000000001327635e+02 0.000000000000000000e+00
8.840000000001327862e+02 0.000000000000000000e+00
8.841000000001328090e+02 0.000000000000000000e+00
8.842000000001328317e+02 0.000000000000000000e+00
8.843000000001328544e+02 0.000000000000000000e+00
8.844000000001328772e+02 0.000000000000000000e+00
8.845000000001328999e+02 0.000000000000000000e+00
8.846000000001329227e+02 0.000000000000000000e+00
8.847000000001329454e+02 0.000000000000000000e+00
8.848000000001329681e+02 0.000000000000000000e+00
8.849000000001329909e+02 0.000000000000000000e+00
8.850000000001330136e+02 0.000000000000000000e+00
8.851000000001330363e+02 0.000000000000000000e+00
8.852000000001330591e+02 0.000000000000000000e+00
8.853000000001330818e+02 0.000000000000000000e+00
8.854000000001331045e+02 0.000000000000000000e+00
8.855000000001331273e+02 0.000000000000000000e+00
8.856000000001331500e+02 0.000000000000000000e+00
8.857000000001331728e+02 0.000000000000000000e+00
8.858000000001331955e+02 0.000000000000000000e+00
8.859000000001332182e+02 0.000000000000000000e+00
8.860000000001332410e+02 0.000000000000000000e+00
8.861000000001332637e+02 0.000000000000000000e+00
8.862000000001332864e+02 0.000000000000000000e+00
8.863000000001333092e+02 0.000000000000000000e+00
8.864000000001333319e+02 0.000000000000000000e+00
8.865000000001333547e+02 0.000000000000000000e+00
8.866000000001333774e+02 0.000000000000000000e+00
8.867000000001334001e+02 0.000000000000000000e+00
8.868000000001334229e+02 0.000000000000000000e+00
8.869000000001334456e+02 0.000000000000000000e+00
8.870000000001334683e+02 0.000000000000000000e+00
8.871000000001334911e+02 0.000000000000000000e+00
8.872000000001335138e+02 0.000000000000000000e+00
8.873000000001335366e+02 0.000000000000000000e+00
8.874000000001335593e+02 0.000000000000000000e+00
8.875000000001335820e+02 0.000000000000000000e+00
8.876000000001336048e+02 0.000000000000000000e+00
8.877000000001336275e+02 0.000000000000000000e+00
8.878000000001336502e+02 0.000000000000000000e+00
8.879000000001336730e+02 0.000000000000000000e+00
8.880000000001336957e+02 0.000000000000000000e+00
8.881000000001337185e+02 0.000000000000000000e+00
8.882000000001337412e+02 0.000000000000000000e+00
8.883000000001337639e+02 0.000000000000000000e+00
8.884000000001337867e+02 0.000000000000000000e+00
8.885000000001338094e+02 0.000000000000000000e+00
8.886000000001338321e+02 0.000000000000000000e+00
8.887000000001338549e+02 0.000000000000000000e+00
8.888000000001338776e+02 0.000000000000000000e+00
8.889000000001339004e+02 0.000000000000000000e+00
8.890000000001339231e+02 0.000000000000000000e+00
8.891000000001339458e+02 0.000000000000000000e+00
8.892000000001339686e+02 0.000000000000000000e+00
8.893000000001339913e+02 0.000000000000000000e+00
8.894000000001340140e+02 0.000000000000000000e+00
8.895000000001340368e+02 0.000000000000000000e+00
8.896000000001340595e+02 0.000000000000000000e+00
8.897000000001340823e+02 0.000000000000000000e+00
8.898000000001341050e+02 0.000000000000000000e+00
8.899000000001341277e+02 0.000000000000000000e+00
8.900000000001341505e+02 0.000000000000000000e+00
8.901000000001341732e+02 0.000000000000000000e+00
8.902000000001341959e+02 0.000000000000000000e+00
8.903000000001342187e+02 0.000000000000000000e+00
8.904000000001342414e+02 0.000000000000000000e+00
8.905000000001342642e+02 0.000000000000000000e+00
8.906000000001342869e+02 0.000000000000000000e+00
8.907000000001343096e+02 0.000000000000000000e+00
8.908000000001343324e+02 0.000000000000000000e+00
8.909000000001343551e+02 0.000000000000000000e+00
8.910000000001343778e+02 0.000000000000000000e+00
8.911000000001344006e+02 0.000000000000000000e+00
8.912000000001344233e+02 0.000000000000000000e+00
8.913000000001344461e+02 0.000000000000000000e+00
8.914000000001344688e+02 0.000000000000000000e+00
8.915000000001344915e+02 0.000000000000000000e+00
8.916000000001345143e+02 0.000000000000000000e+00
8.917000000001345370e+02 0.000000000000000000e+00
8.918000000001345597e+02 0.000000000000000000e+00
8.919000000001345825e+02 0.000000000000000000e+00
8.920000000001346052e+02 0.000000000000000000e+00
8.921000000001346280e+02 0.000000000000000000e+00
8.922000000001346507e+02 0.000000000000000000e+00
8.923000000001346734e+02 0.000000000000000000e+00
8.924000000001346962e+02 0.000000000000000000e+00
8.925000000001347189e+02 0.000000000000000000e+00
8.926000000001347416e+02 0.000000000000000000e+00
8.927000000001347644e+02 0.000000000000000000e+00
8.928000000001347871e+02 0.000000000000000000e+00
8.929000000001348099e+02 0.000000000000000000e+00
8.930000000001348326e+02 0.000000000000000000e+00
8.931000000001348553e+02 0.000000000000000000e+00
8.932000000001348781e+02 0.000000000000000000e+00
8.933000000001349008e+02 0.000000000000000000e+00
8.934000000001349235e+02 0.000000000000000000e+00
8.935000000001349463e+02 0.000000000000000000e+00
8.936000000001349690e+02 0.000000000000000000e+00
8.937000000001349918e+02 0.000000000000000000e+00
8.938000000001350145e+02 0.000000000000000000e+00
8.939000000001350372e+02 0.000000000000000000e+00
8.940000000001350600e+02 0.000000000000000000e+00
8.941000000001350827e+02 0.000000000000000000e+00
8.942000000001351054e+02 0.000000000000000000e+00
8.943000000001351282e+02 0.000000000000000000e+00
8.944000000001351509e+02 0.000000000000000000e+00
8.945000000001351737e+02 0.000000000000000000e+00
8.946000000001351964e+02 0.000000000000000000e+00
8.947000000001352191e+02 0.000000000000000000e+00
8.948000000001352419e+02 0.000000000000000000e+00
8.949000000001352646e+02 0.000000000000000000e+00
8.950000000001352873e+02 0.000000000000000000e+00
8.951000000001353101e+02 0.000000000000000000e+00
8.952000000001353328e+02 0.000000000000000000e+00
8.953000000001353555e+02 0.000000000000000000e+00
8.954000000001353783e+02 0.000000000000000000e+00
8.955000000001354010e+02 0.000000000000000000e+00
8.956000000001354238e+02 0.000000000000000000e+00
8.957000000001354465e+02 0.000000000000000000e+00
8.958000000001354692e+02 0.000000000000000000e+00
8.959000000001354920e+02 0.000000000000000000e+00
8.960000000001355147e+02 0.000000000000000000e+00
8.961000000001355374e+02 0.000000000000000000e+00
8.962000000001355602e+02 0.000000000000000000e+00
8.963000000001355829e+02 0.000000000000000000e+00
8.964000000001356057e+02 0.000000000000000000e+00
8.965000000001356284e+02 0.000000000000000000e+00
8.966000000001356511e+02 0.000000000000000000e+00
8.967000000001356739e+02 0.000000000000000000e+00
8.968000000001356966e+02 0.000000000000000000e+00
8.969000000001357193e+02 0.000000000000000000e+00
8.970000000001357421e+02 0.000000000000000000e+00
8.971000000001357648e+02 0.000000000000000000e+00
8.972000000001357876e+02 0.000000000000000000e+00
8.973000000001358103e+02 0.000000000000000000e+00
8.974000000001358330e+02 0.000000000000000000e+00
8.975000000001358558e+02 0.000000000000000000e+00
8.976000000001358785e+02 0.000000000000000000e+00
8.977000000001359012e+02 0.000000000000000000e+00
8.978000000001359240e+02 0.000000000000000000e+00
8.979000000001359467e+02 0.000000000000000000e+00
8.980000000001359695e+02 0.000000000000000000e+00
8.981000000001359922e+02 0.000000000000000000e+00
8.982000000001360149e+02 0.000000000000000000e+00
8.983000000001360377e+02 0.000000000000000000e+00
8.984000000001360604e+02 0.000000000000000000e+00
8.985000000001360831e+02 0.000000000000000000e+00
8.986000000001361059e+02 0.000000000000000000e+00
8.987000000001361286e+02 0.000000000000000000e+00
8.988000000001361514e+02 0.000000000000000000e+00
8.989000000001361741e+02 0.000000000000000000e+00
8.990000000001361968e+02 0.000000000000000000e+00
8.991000000001362196e+02 0.000000000000000000e+00
8.992000000001362423e+02 0.000000000000000000e+00
8.993000000001362650e+02 0.000000000000000000e+00
8.994000000001362878e+02 0.000000000000000000e+00
8.995000000001363105e+02 0.000000000000000000e+00
8.996000000001363333e+02 0.000000000000000000e+00
8.997000000001363560e+02 0.000000000000000000e+00
8.998000000001363787e+02 0.000000000000000000e+00
8.999000000001364015e+02 0.000000000000000000e+00
9.000000000001364242e+02 0.000000000000000000e+00
9.001000000001364469e+02 0.000000000000000000e+00
9.002000000001364697e+02 0.000000000000000000e+00
9.003000000001364924e+02 0.000000000000000000e+00
9.004000000001365152e+02 0.000000000000000000e+00
9.005000000001365379e+02 0.000000000000000000e+00
9.006000000001365606e+02 0.000000000000000000e+00
9.007000000001365834e+02 0.000000000000000000e+00
9.008000000001366061e+02 0.000000000000000000e+00
9.009000000001366288e+02 0.000000000000000000e+00
9.010000000001366516e+02 0.000000000000000000e+00
9.011000000001366743e+02 0.000000000000000000e+00
9.012000000001366971e+02 0.000000000000000000e+00
9.013000000001367198e+02 0.000000000000000000e+00
9.014000000001367425e+02 0.000000000000000000e+00
9.015000000001367653e+02 0.000000000000000000e+00
9.016000000001367880e+02 0.000000000000000000e+00
9.017000000001368107e+02 0.000000000000000000e+00
9.018000000001368335e+02 0.000000000000000000e+00
9.019000000001368562e+02 0.000000000000000000e+00
9.020000000001368790e+02 0.000000000000000000e+00
9.021000000001369017e+02 0.000000000000000000e+00
9.022000000001369244e+02 0.000000000000000000e+00
9.023000000001369472e+02 0.000000000000000000e+00
9.024000000001369699e+02 0.000000000000000000e+00
9.025000000001369926e+02 0.000000000000000000e+00
9.026000000001370154e+02 0.000000000000000000e+00
9.027000000001370381e+02 0.000000000000000000e+00
9.028000000001370609e+02 0.000000000000000000e+00
9.029000000001370836e+02 0.000000000000000000e+00
9.030000000001371063e+02 0.000000000000000000e+00
9.031000000001371291e+02 0.000000000000000000e+00
9.032000000001371518e+02 0.000000000000000000e+00
9.033000000001371745e+02 0.000000000000000000e+00
9.034000000001371973e+02 0.000000000000000000e+00
9.035000000001372200e+02 0.000000000000000000e+00
9.036000000001372428e+02 0.000000000000000000e+00
9.037000000001372655e+02 0.000000000000000000e+00
9.038000000001372882e+02 0.000000000000000000e+00
9.039000000001373110e+02 0.000000000000000000e+00
9.040000000001373337e+02 0.000000000000000000e+00
9.041000000001373564e+02 0.000000000000000000e+00
9.042000000001373792e+02 0.000000000000000000e+00
9.043000000001374019e+02 0.000000000000000000e+00
9.044000000001374246e+02 0.000000000000000000e+00
9.045000000001374474e+02 0.000000000000000000e+00
9.046000000001374701e+02 0.000000000000000000e+00
9.047000000001374929e+02 0.000000000000000000e+00
9.048000000001375156e+02 0.000000000000000000e+00
9.049000000001375383e+02 0.000000000000000000e+00
9.050000000001375611e+02 0.000000000000000000e+00
9.051000000001375838e+02 0.000000000000000000e+00
9.052000000001376065e+02 0.000000000000000000e+00
9.053000000001376293e+02 0.000000000000000000e+00
9.054000000001376520e+02 0.000000000000000000e+00
9.055000000001376748e+02 0.000000000000000000e+00
9.056000000001376975e+02 0.000000000000000000e+00
9.057000000001377202e+02 0.000000000000000000e+00
9.058000000001377430e+02 0.000000000000000000e+00
9.059000000001377657e+02 0.000000000000000000e+00
9.060000000001377884e+02 0.000000000000000000e+00
9.061000000001378112e+02 0.000000000000000000e+00
9.062000000001378339e+02 0.000000000000000000e+00
9.063000000001378567e+02 0.000000000000000000e+00
9.064000000001378794e+02 0.000000000000000000e+00
9.065000000001379021e+02 0.000000000000000000e+00
9.066000000001379249e+02 0.000000000000000000e+00
9.067000000001379476e+02 0.000000000000000000e+00
9.068000000001379703e+02 0.000000000000000000e+00
9.069000000001379931e+02 0.000000000000000000e+00
9.070000000001380158e+02 0.000000000000000000e+00
9.071000000001380386e+02 0.000000000000000000e+00
9.072000000001380613e+02 0.000000000000000000e+00
9.073000000001380840e+02 0.000000000000000000e+00
9.074000000001381068e+02 0.000000000000000000e+00
9.075000000001381295e+02 0.000000000000000000e+00
9.076000000001381522e+02 0.000000000000000000e+00
9.077000000001381750e+02 0.000000000000000000e+00
9.078000000001381977e+02 0.000000000000000000e+00
9.079000000001382205e+02 0.000000000000000000e+00
9.080000000001382432e+02 0.000000000000000000e+00
9.081000000001382659e+02 0.000000000000000000e+00
9.082000000001382887e+02 0.000000000000000000e+00
9.083000000001383114e+02 0.000000000000000000e+00
9.084000000001383341e+02 0.000000000000000000e+00
9.085000000001383569e+02 0.000000000000000000e+00
9.086000000001383796e+02 0.000000000000000000e+00
9.087000000001384024e+02 0.000000000000000000e+00
9.088000000001384251e+02 0.000000000000000000e+00
9.089000000001384478e+02 0.000000000000000000e+00
9.090000000001384706e+02 0.000000000000000000e+00
9.091000000001384933e+02 0.000000000000000000e+00
9.092000000001385160e+02 0.000000000000000000e+00
9.093000000001385388e+02 0.000000000000000000e+00
9.094000000001385615e+02 0.000000000000000000e+00
9.095000000001385843e+02 0.000000000000000000e+00
9.096000000001386070e+02 0.000000000000000000e+00
9.097000000001386297e+02 0.000000000000000000e+00
9.098000000001386525e+02 0.000000000000000000e+00
9.099000000001386752e+02 0.000000000000000000e+00
9.100000000001386979e+02 0.000000000000000000e+00
9.101000000001387207e+02 0.000000000000000000e+00
9.102000000001387434e+02 0.000000000000000000e+00
9.103000000001387662e+02 0.000000000000000000e+00
9.104000000001387889e+02 0.000000000000000000e+00
9.105000000001388116e+02 0.000000000000000000e+00
9.106000000001388344e+02 0.000000000000000000e+00
9.107000000001388571e+02 0.000000000000000000e+00
9.108000000001388798e+02 0.000000000000000000e+00
9.109000000001389026e+02 0.000000000000000000e+00
9.110000000001389253e+02 0.000000000000000000e+00
9.111000000001389481e+02 0.000000000000000000e+00
9.112000000001389708e+02 0.000000000000000000e+00
9.113000000001389935e+02 0.000000000000000000e+00
9.114000000001390163e+02 0.000000000000000000e+00
9.115000000001390390e+02 0.000000000000000000e+00
9.116000000001390617e+02 0.000000000000000000e+00
9.117000000001390845e+02 0.000000000000000000e+00
9.118000000001391072e+02 0.000000000000000000e+00
9.119000000001391300e+02 0.000000000000000000e+00
9.120000000001391527e+02 0.000000000000000000e+00
9.121000000001391754e+02 0.000000000000000000e+00
9.122000000001391982e+02 0.000000000000000000e+00
9.123000000001392209e+02 0.000000000000000000e+00
9.124000000001392436e+02 0.000000000000000000e+00
9.125000000001392664e+02 0.000000000000000000e+00
9.126000000001392891e+02 0.000000000000000000e+00
9.127000000001393119e+02 0.000000000000000000e+00
9.128000000001393346e+02 0.000000000000000000e+00
9.129000000001393573e+02 0.000000000000000000e+00
9.130000000001393801e+02 0.000000000000000000e+00
9.131000000001394028e+02 0.000000000000000000e+00
9.132000000001394255e+02 0.000000000000000000e+00
9.133000000001394483e+02 0.000000000000000000e+00
9.134000000001394710e+02 0.000000000000000000e+00
9.135000000001394937e+02 0.000000000000000000e+00
9.136000000001395165e+02 0.000000000000000000e+00
9.137000000001395392e+02 0.000000000000000000e+00
9.138000000001395620e+02 0.000000000000000000e+00
9.139000000001395847e+02 0.000000000000000000e+00
9.140000000001396074e+02 0.000000000000000000e+00
9.141000000001396302e+02 0.000000000000000000e+00
9.142000000001396529e+02 0.000000000000000000e+00
9.143000000001396756e+02 0.000000000000000000e+00
9.144000000001396984e+02 0.000000000000000000e+00
9.145000000001397211e+02 0.000000000000000000e+00
9.146000000001397439e+02 0.000000000000000000e+00
9.147000000001397666e+02 0.000000000000000000e+00
9.148000000001397893e+02 0.000000000000000000e+00
9.149000000001398121e+02 0.000000000000000000e+00
9.150000000001398348e+02 0.000000000000000000e+00
9.151000000001398575e+02 0.000000000000000000e+00
9.152000000001398803e+02 0.000000000000000000e+00
9.153000000001399030e+02 0.000000000000000000e+00
9.154000000001399258e+02 0.000000000000000000e+00
9.155000000001399485e+02 0.000000000000000000e+00
9.156000000001399712e+02 0.000000000000000000e+00
9.157000000001399940e+02 0.000000000000000000e+00
9.158000000001400167e+02 0.000000000000000000e+00
9.159000000001400394e+02 0.000000000000000000e+00
9.160000000001400622e+02 0.000000000000000000e+00
9.161000000001400849e+02 0.000000000000000000e+00
9.162000000001401077e+02 0.000000000000000000e+00
9.163000000001401304e+02 0.000000000000000000e+00
9.164000000001401531e+02 0.000000000000000000e+00
9.165000000001401759e+02 0.000000000000000000e+00
9.166000000001401986e+02 0.000000000000000000e+00
9.167000000001402213e+02 0.000000000000000000e+00
9.168000000001402441e+02 0.000000000000000000e+00
9.169000000001402668e+02 0.000000000000000000e+00
9.170000000001402896e+02 0.000000000000000000e+00
9.171000000001403123e+02 0.000000000000000000e+00
9.172000000001403350e+02 0.000000000000000000e+00
9.173000000001403578e+02 0.000000000000000000e+00
9.174000000001403805e+02 0.000000000000000000e+00
9.175000000001404032e+02 0.000000000000000000e+00
9.176000000001404260e+02 0.000000000000000000e+00
9.177000000001404487e+02 0.000000000000000000e+00
9.178000000001404715e+02 0.000000000000000000e+00
9.179000000001404942e+02 0.000000000000000000e+00
9.180000000001405169e+02 0.000000000000000000e+00
9.181000000001405397e+02 0.000000000000000000e+00
9.182000000001405624e+02 0.000000000000000000e+00
9.183000000001405851e+02 0.000000000000000000e+00
9.184000000001406079e+02 0.000000000000000000e+00
9.185000000001406306e+02 0.000000000000000000e+00
9.186000000001406534e+02 0.000000000000000000e+00
9.187000000001406761e+02 0.000000000000000000e+00
9.188000000001406988e+02 0.000000000000000000e+00
9.189000000001407216e+02 0.000000000000000000e+00
9.190000000001407443e+02 0.000000000000000000e+00
9.191000000001407670e+02 0.000000000000000000e+00
9.192000000001407898e+02 0.000000000000000000e+00
9.193000000001408125e+02 0.000000000000000000e+00
9.194000000001408353e+02 0.000000000000000000e+00
9.195000000001408580e+02 0.000000000000000000e+00
9.196000000001408807e+02 0.000000000000000000e+00
9.197000000001409035e+02 0.000000000000000000e+00
9.198000000001409262e+02 0.000000000000000000e+00
9.199000000001409489e+02 0.000000000000000000e+00
9.200000000001409717e+02 0.000000000000000000e+00
9.201000000001409944e+02 0.000000000000000000e+00
9.202000000001410172e+02 0.000000000000000000e+00
9.203000000001410399e+02 0.000000000000000000e+00
9.204000000001410626e+02 0.000000000000000000e+00
9.205000000001410854e+02 0.000000000000000000e+00
9.206000000001411081e+02 0.000000000000000000e+00
9.207000000001411308e+02 0.000000000000000000e+00
9.208000000001411536e+02 0.000000000000000000e+00
9.209000000001411763e+02 0.000000000000000000e+00
9.210000000001411991e+02 0.000000000000000000e+00
9.211000000001412218e+02 0.000000000000000000e+00
9.212000000001412445e+02 0.000000000000000000e+00
9.213000000001412673e+02 0.000000000000000000e+00
9.214000000001412900e+02 0.000000000000000000e+00
9.215000000001413127e+02 0.000000000000000000e+00
9.216000000001413355e+02 0.000000000000000000e+00
9.217000000001413582e+02 0.000000000000000000e+00
9.218000000001413810e+02 0.000000000000000000e+00
9.219000000001414037e+02 0.000000000000000000e+00
9.220000000001414264e+02 0.000000000000000000e+00
9.221000000001414492e+02 0.000000000000000000e+00
9.222000000001414719e+02 0.000000000000000000e+00
9.223000000001414946e+02 0.000000000000000000e+00
9.224000000001415174e+02 0.000000000000000000e+00
9.225000000001415401e+02 0.000000000000000000e+00
9.226000000001415629e+02 0.000000000000000000e+00
9.227000000001415856e+02 0.000000000000000000e+00
9.228000000001416083e+02 0.000000000000000000e+00
9.229000000001416311e+02 0.000000000000000000e+00
9.230000000001416538e+02 0.000000000000000000e+00
9.231000000001416765e+02 0.000000000000000000e+00
9.232000000001416993e+02 0.000000000000000000e+00
9.233000000001417220e+02 0.000000000000000000e+00
9.234000000001417447e+02 0.000000000000000000e+00
9.235000000001417675e+02 0.000000000000000000e+00
9.236000000001417902e+02 0.000000000000000000e+00
9.237000000001418130e+02 0.000000000000000000e+00
9.238000000001418357e+02 0.000000000000000000e+00
9.239000000001418584e+02 0.000000000000000000e+00
9.240000000001418812e+02 0.000000000000000000e+00
9.241000000001419039e+02 0.000000000000000000e+00
9.242000000001419266e+02 0.000000000000000000e+00
9.243000000001419494e+02 0.000000000000000000e+00
9.244000000001419721e+02 0.000000000000000000e+00
9.245000000001419949e+02 0.000000000000000000e+00
9.246000000001420176e+02 0.000000000000000000e+00
9.247000000001420403e+02 0.000000000000000000e+00
9.248000000001420631e+02 0.000000000000000000e+00
9.249000000001420858e+02 0.000000000000000000e+00
9.250000000001421085e+02 0.000000000000000000e+00
9.251000000001421313e+02 0.000000000000000000e+00
9.252000000001421540e+02 0.000000000000000000e+00
9.253000000001421768e+02 0.000000000000000000e+00
9.254000000001421995e+02 0.000000000000000000e+00
9.255000000001422222e+02 0.000000000000000000e+00
9.256000000001422450e+02 0.000000000000000000e+00
9.257000000001422677e+02 0.000000000000000000e+00
9.258000000001422904e+02 0.000000000000000000e+00
9.259000000001423132e+02 0.000000000000000000e+00
9.260000000001423359e+02 0.000000000000000000e+00
9.261000000001423587e+02 0.000000000000000000e+00
9.262000000001423814e+02 0.000000000000000000e+00
9.263000000001424041e+02 0.000000000000000000e+00
9.264000000001424269e+02 0.000000000000000000e+00
9.265000000001424496e+02 0.000000000000000000e+00
9.266000000001424723e+02 0.000000000000000000e+00
9.267000000001424951e+02 0.000000000000000000e+00
9.268000000001425178e+02 0.000000000000000000e+00
9.269000000001425406e+02 0.000000000000000000e+00
9.270000000001425633e+02 0.000000000000000000e+00
9.271000000001425860e+02 0.000000000000000000e+00
9.272000000001426088e+02 0.000000000000000000e+00
9.273000000001426315e+02 0.000000000000000000e+00
9.274000000001426542e+02 0.000000000000000000e+00
9.275000000001426770e+02 0.000000000000000000e+00
9.276000000001426997e+02 0.000000000000000000e+00
9.277000000001427225e+02 0.000000000000000000e+00
9.278000000001427452e+02 0.000000000000000000e+00
9.279000000001427679e+02 0.000000000000000000e+00
9.280000000001427907e+02 0.000000000000000000e+00
9.281000000001428134e+02 0.000000000000000000e+00
9.282000000001428361e+02 0.000000000000000000e+00
9.283000000001428589e+02 0.000000000000000000e+00
9.284000000001428816e+02 0.000000000000000000e+00
9.285000000001429044e+02 0.000000000000000000e+00
9.286000000001429271e+02 0.000000000000000000e+00
9.287000000001429498e+02 0.000000000000000000e+00
9.288000000001429726e+02 0.000000000000000000e+00
9.289000000001429953e+02 0.000000000000000000e+00
9.290000000001430180e+02 0.000000000000000000e+00
9.291000000001430408e+02 0.000000000000000000e+00
9.292000000001430635e+02 0.000000000000000000e+00
9.293000000001430863e+02 0.000000000000000000e+00
9.294000000001431090e+02 0.000000000000000000e+00
9.295000000001431317e+02 0.000000000000000000e+00
9.296000000001431545e+02 0.000000000000000000e+00
9.297000000001431772e+02 0.000000000000000000e+00
9.298000000001431999e+02 0.000000000000000000e+00
9.299000000001432227e+02 0.000000000000000000e+00
9.300000000001432454e+02 0.000000000000000000e+00
9.301000000001432682e+02 0.000000000000000000e+00
9.302000000001432909e+02 0.000000000000000000e+00
9.303000000001433136e+02 0.000000000000000000e+00
9.304000000001433364e+02 0.000000000000000000e+00
9.305000000001433591e+02 0.000000000000000000e+00
9.306000000001433818e+02 0.000000000000000000e+00
9.307000000001434046e+02 0.000000000000000000e+00
9.308000000001434273e+02 0.000000000000000000e+00
9.309000000001434501e+02 0.000000000000000000e+00
9.310000000001434728e+02 0.000000000000000000e+00
9.311000000001434955e+02 0.000000000000000000e+00
9.312000000001435183e+02 0.000000000000000000e+00
9.313000000001435410e+02 0.000000000000000000e+00
9.314000000001435637e+02 0.000000000000000000e+00
9.315000000001435865e+02 0.000000000000000000e+00
9.316000000001436092e+02 0.000000000000000000e+00
9.317000000001436320e+02 0.000000000000000000e+00
9.318000000001436547e+02 0.000000000000000000e+00
9.319000000001436774e+02 0.000000000000000000e+00
9.320000000001437002e+02 0.000000000000000000e+00
9.321000000001437229e+02 0.000000000000000000e+00
9.322000000001437456e+02 0.000000000000000000e+00
9.323000000001437684e+02 0.000000000000000000e+00
9.324000000001437911e+02 0.000000000000000000e+00
9.325000000001438138e+02 0.000000000000000000e+00
9.326000000001438366e+02 0.000000000000000000e+00
9.327000000001438593e+02 0.000000000000000000e+00
9.328000000001438821e+02 0.000000000000000000e+00
9.329000000001439048e+02 0.000000000000000000e+00
9.330000000001439275e+02 0.000000000000000000e+00
9.331000000001439503e+02 0.000000000000000000e+00
9.332000000001439730e+02 0.000000000000000000e+00
9.333000000001439957e+02 0.000000000000000000e+00
9.334000000001440185e+02 0.000000000000000000e+00
9.335000000001440412e+02 0.000000000000000000e+00
9.336000000001440640e+02 0.000000000000000000e+00
9.337000000001440867e+02 0.000000000000000000e+00
9.338000000001441094e+02 0.000000000000000000e+00
9.339000000001441322e+02 0.000000000000000000e+00
9.340000000001441549e+02 0.000000000000000000e+00
9.341000000001441776e+02 0.000000000000000000e+00
9.342000000001442004e+02 0.000000000000000000e+00
9.343000000001442231e+02 0.000000000000000000e+00
9.344000000001442459e+02 0.000000000000000000e+00
9.345000000001442686e+02 0.000000000000000000e+00
9.346000000001442913e+02 0.000000000000000000e+00
9.347000000001443141e+02 0.000000000000000000e+00
9.348000000001443368e+02 0.000000000000000000e+00
9.349000000001443595e+02 0.000000000000000000e+00
9.350000000001443823e+02 0.000000000000000000e+00
9.351000000001444050e+02 0.000000000000000000e+00
9.352000000001444278e+02 0.000000000000000000e+00
9.353000000001444505e+02 0.000000000000000000e+00
9.354000000001444732e+02 0.000000000000000000e+00
9.355000000001444960e+02 0.000000000000000000e+00
9.356000000001445187e+02 0.000000000000000000e+00
9.357000000001445414e+02 0.000000000000000000e+00
9.358000000001445642e+02 0.000000000000000000e+00
9.359000000001445869e+02 0.000000000000000000e+00
9.360000000001446097e+02 0.000000000000000000e+00
9.361000000001446324e+02 0.000000000000000000e+00
9.362000000001446551e+02 0.000000000000000000e+00
9.363000000001446779e+02 0.000000000000000000e+00
9.364000000001447006e+02 0.000000000000000000e+00
9.365000000001447233e+02 0.000000000000000000e+00
9.366000000001447461e+02 0.000000000000000000e+00
9.367000000001447688e+02 0.000000000000000000e+00
9.368000000001447916e+02 0.000000000000000000e+00
9.369000000001448143e+02 0.000000000000000000e+00
9.370000000001448370e+02 0.000000000000000000e+00
9.371000000001448598e+02 0.000000000000000000e+00
9.372000000001448825e+02 0.000000000000000000e+00
9.373000000001449052e+02 0.000000000000000000e+00
9.374000000001449280e+02 0.000000000000000000e+00
9.375000000001449507e+02 0.000000000000000000e+00
9.376000000001449735e+02 0.000000000000000000e+00
9.377000000001449962e+02 0.000000000000000000e+00
9.378000000001450189e+02 0.000000000000000000e+00
9.379000000001450417e+02 0.000000000000000000e+00
9.380000000001450644e+02 0.000000000000000000e+00
9.381000000001450871e+02 0.000000000000000000e+00
9.382000000001451099e+02 0.000000000000000000e+00
9.383000000001451326e+02 0.000000000000000000e+00
9.384000000001451554e+02 0.000000000000000000e+00
9.385000000001451781e+02 0.000000000000000000e+00
9.386000000001452008e+02 0.000000000000000000e+00
9.387000000001452236e+02 0.000000000000000000e+00
9.388000000001452463e+02 0.000000000000000000e+00
9.389000000001452690e+02 0.000000000000000000e+00
9.390000000001452918e+02 0.000000000000000000e+00
9.391000000001453145e+02 0.000000000000000000e+00
9.392000000001453373e+02 0.000000000000000000e+00
9.393000000001453600e+02 0.000000000000000000e+00
9.394000000001453827e+02 0.000000000000000000e+00
9.395000000001454055e+02 0.000000000000000000e+00
9.396000000001454282e+02 0.000000000000000000e+00
9.397000000001454509e+02 0.000000000000000000e+00
9.398000000001454737e+02 0.000000000000000000e+00
9.399000000001454964e+02 0.000000000000000000e+00
9.400000000001455192e+02 0.000000000000000000e+00
9.401000000001455419e+02 0.000000000000000000e+00
9.402000000001455646e+02 0.000000000000000000e+00
9.403000000001455874e+02 0.000000000000000000e+00
9.404000000001456101e+02 0.000000000000000000e+00
9.405000000001456328e+02 0.000000000000000000e+00
9.406000000001456556e+02 0.000000000000000000e+00
9.407000000001456783e+02 0.000000000000000000e+00
9.408000000001457011e+02 0.000000000000000000e+00
9.409000000001457238e+02 0.000000000000000000e+00
9.410000000001457465e+02 0.000000000000000000e+00
9.411000000001457693e+02 0.000000000000000000e+00
9.412000000001457920e+02 0.000000000000000000e+00
9.413000000001458147e+02 0.000000000000000000e+00
9.414000000001458375e+02 0.000000000000000000e+00
9.415000000001458602e+02 0.000000000000000000e+00
9.416000000001458830e+02 0.000000000000000000e+00
9.417000000001459057e+02 0.000000000000000000e+00
9.418000000001459284e+02 0.000000000000000000e+00
9.419000000001459512e+02 0.000000000000000000e+00
9.420000000001459739e+02 0.000000000000000000e+00
9.421000000001459966e+02 0.000000000000000000e+00
9.422000000001460194e+02 0.000000000000000000e+00
9.423000000001460421e+02 0.000000000000000000e+00
9.424000000001460648e+02 0.000000000000000000e+00
9.425000000001460876e+02 0.000000000000000000e+00
9.426000000001461103e+02 0.000000000000000000e+00
9.427000000001461331e+02 0.000000000000000000e+00
9.428000000001461558e+02 0.000000000000000000e+00
9.429000000001461785e+02 0.000000000000000000e+00
9.430000000001462013e+02 0.000000000000000000e+00
9.431000000001462240e+02 0.000000000000000000e+00
9.432000000001462467e+02 0.000000000000000000e+00
9.433000000001462695e+02 0.000000000000000000e+00
9.434000000001462922e+02 0.000000000000000000e+00
9.435000000001463150e+02 0.000000000000000000e+00
9.436000000001463377e+02 0.000000000000000000e+00
9.437000000001463604e+02 0.000000000000000000e+00
9.438000000001463832e+02 0.000000000000000000e+00
9.439000000001464059e+02 0.000000000000000000e+00
9.440000000001464286e+02 0.000000000000000000e+00
9.441000000001464514e+02 0.000000000000000000e+00
9.442000000001464741e+02 0.000000000000000000e+00
9.443000000001464969e+02 0.000000000000000000e+00
9.444000000001465196e+02 0.000000000000000000e+00
9.445000000001465423e+02 0.000000000000000000e+00
9.446000000001465651e+02 0.000000000000000000e+00
9.447000000001465878e+02 0.000000000000000000e+00
9.448000000001466105e+02 0.000000000000000000e+00
9.449000000001466333e+02 0.000000000000000000e+00
9.450000000001466560e+02 0.000000000000000000e+00
9.451000000001466788e+02 0.000000000000000000e+00
9.452000000001467015e+02 0.000000000000000000e+00
9.453000000001467242e+02 0.000000000000000000e+00
9.454000000001467470e+02 0.000000000000000000e+00
9.455000000001467697e+02 0.000000000000000000e+00
9.456000000001467924e+02 0.000000000000000000e+00
9.457000000001468152e+02 0.000000000000000000e+00
9.458000000001468379e+02 0.000000000000000000e+00
9.459000000001468607e+02 0.000000000000000000e+00
9.460000000001468834e+02 0.000000000000000000e+00
9.461000000001469061e+02 0.000000000000000000e+00
9.462000000001469289e+02 0.000000000000000000e+00
9.463000000001469516e+02 0.000000000000000000e+00
9.464000000001469743e+02 0.000000000000000000e+00
9.465000000001469971e+02 0.000000000000000000e+00
9.466000000001470198e+02 0.000000000000000000e+00
9.467000000001470426e+02 0.000000000000000000e+00
9.468000000001470653e+02 0.000000000000000000e+00
9.469000000001470880e+02 0.000000000000000000e+00
9.470000000001471108e+02 0.000000000000000000e+00
9.471000000001471335e+02 0.000000000000000000e+00
9.472000000001471562e+02 0.000000000000000000e+00
9.473000000001471790e+02 0.000000000000000000e+00
9.474000000001472017e+02 0.000000000000000000e+00
9.475000000001472245e+02 0.000000000000000000e+00
9.476000000001472472e+02 0.000000000000000000e+00
9.477000000001472699e+02 0.000000000000000000e+00
9.478000000001472927e+02 0.000000000000000000e+00
9.479000000001473154e+02 0.000000000000000000e+00
9.480000000001473381e+02 0.000000000000000000e+00
9.481000000001473609e+02 0.000000000000000000e+00
9.482000000001473836e+02 0.000000000000000000e+00
9.483000000001474064e+02 0.000000000000000000e+00
9.484000000001474291e+02 0.000000000000000000e+00
9.485000000001474518e+02 0.000000000000000000e+00
9.486000000001474746e+02 0.000000000000000000e+00
9.487000000001474973e+02 0.000000000000000000e+00
9.488000000001475200e+02 0.000000000000000000e+00
9.489000000001475428e+02 0.000000000000000000e+00
9.490000000001475655e+02 0.000000000000000000e+00
9.491000000001475883e+02 0.000000000000000000e+00
9.492000000001476110e+02 0.000000000000000000e+00
9.493000000001476337e+02 0.000000000000000000e+00
9.494000000001476565e+02 0.000000000000000000e+00
9.495000000001476792e+02 0.000000000000000000e+00
9.496000000001477019e+02 0.000000000000000000e+00
9.497000000001477247e+02 0.000000000000000000e+00
9.498000000001477474e+02 0.000000000000000000e+00
9.499000000001477702e+02 0.000000000000000000e+00
9.500000000001477929e+02 0.000000000000000000e+00
9.501000000001478156e+02 0.000000000000000000e+00
9.502000000001478384e+02 0.000000000000000000e+00
9.503000000001478611e+02 0.000000000000000000e+00
9.504000000001478838e+02 0.000000000000000000e+00
9.505000000001479066e+02 0.000000000000000000e+00
9.506000000001479293e+02 0.000000000000000000e+00
9.507000000001479521e+02 0.000000000000000000e+00
9.508000000001479748e+02 0.000000000000000000e+00
9.509000000001479975e+02 0.000000000000000000e+00
9.510000000001480203e+02 0.000000000000000000e+00
9.511000000001480430e+02 0.000000000000000000e+00
9.512000000001480657e+02 0.000000000000000000e+00
9.513000000001480885e+02 0.000000000000000000e+00
9.514000000001481112e+02 0.000000000000000000e+00
9.515000000001481339e+02 0.000000000000000000e+00
9.516000000001481567e+02 0.000000000000000000e+00
9.517000000001481794e+02 0.000000000000000000e+00
9.518000000001482022e+02 0.000000000000000000e+00
9.519000000001482249e+02 0.000000000000000000e+00
9.520000000001482476e+02 0.000000000000000000e+00
9.521000000001482704e+02 0.000000000000000000e+00
9.522000000001482931e+02 0.000000000000000000e+00
9.523000000001483158e+02 0.000000000000000000e+00
9.524000000001483386e+02 0.000000000000000000e+00
9.525000000001483613e+02 0.000000000000000000e+00
9.526000000001483841e+02 0.000000000000000000e+00
9.527000000001484068e+02 0.000000000000000000e+00
9.528000000001484295e+02 0.000000000000000000e+00
9.529000000001484523e+02 0.000000000000000000e+00
9.530000000001484750e+02 0.000000000000000000e+00
9.531000000001484977e+02 0.000000000000000000e+00
9.532000000001485205e+02 0.000000000000000000e+00
9.533000000001485432e+02 0.000000000000000000e+00
9.534000000001485660e+02 0.000000000000000000e+00
9.535000000001485887e+02 0.000000000000000000e+00
9.536000000001486114e+02 0.000000000000000000e+00
9.537000000001486342e+02 0.000000000000000000e+00
9.538000000001486569e+02 0.000000000000000000e+00
9.539000000001486796e+02 0.000000000000000000e+00
9.540000000001487024e+02 0.000000000000000000e+00
9.541000000001487251e+02 0.000000000000000000e+00
9.542000000001487479e+02 0.000000000000000000e+00
9.543000000001487706e+02 0.000000000000000000e+00
9.544000000001487933e+02 0.000000000000000000e+00
9.545000000001488161e+02 0.000000000000000000e+00
9.546000000001488388e+02 0.000000000000000000e+00
9.547000000001488615e+02 0.000000000000000000e+00
9.548000000001488843e+02 0.000000000000000000e+00
9.549000000001489070e+02 0.000000000000000000e+00
9.550000000001489298e+02 0.000000000000000000e+00
9.551000000001489525e+02 0.000000000000000000e+00
9.552000000001489752e+02 0.000000000000000000e+00
9.553000000001489980e+02 0.000000000000000000e+00
9.554000000001490207e+02 0.000000000000000000e+00
9.555000000001490434e+02 0.000000000000000000e+00
9.556000000001490662e+02 0.000000000000000000e+00
9.557000000001490889e+02 0.000000000000000000e+00
9.558000000001491117e+02 0.000000000000000000e+00
9.559000000001491344e+02 0.000000000000000000e+00
9.560000000001491571e+02 0.000000000000000000e+00
9.561000000001491799e+02 0.000000000000000000e+00
9.562000000001492026e+02 0.000000000000000000e+00
9.563000000001492253e+02 0.000000000000000000e+00
9.564000000001492481e+02 0.000000000000000000e+00
9.565000000001492708e+02 0.000000000000000000e+00
9.566000000001492936e+02 0.000000000000000000e+00
9.567000000001493163e+02 0.000000000000000000e+00
9.568000000001493390e+02 0.000000000000000000e+00
9.569000000001493618e+02 0.000000000000000000e+00
9.570000000001493845e+02 0.000000000000000000e+00
9.571000000001494072e+02 0.000000000000000000e+00
9.572000000001494300e+02 0.000000000000000000e+00
9.573000000001494527e+02 0.000000000000000000e+00
9.574000000001494755e+02 0.000000000000000000e+00
9.575000000001494982e+02 0.000000000000000000e+00
9.576000000001495209e+02 0.000000000000000000e+00
9.577000000001495437e+02 0.000000000000000000e+00
9.578000000001495664e+02 0.000000000000000000e+00
9.579000000001495891e+02 0.000000000000000000e+00
9.580000000001496119e+02 0.000000000000000000e+00
9.581000000001496346e+02 0.000000000000000000e+00
9.582000000001496574e+02 0.000000000000000000e+00
9.583000000001496801e+02 0.000000000000000000e+00
9.584000000001497028e+02 0.000000000000000000e+00
9.585000000001497256e+02 0.000000000000000000e+00
9.586000000001497483e+02 0.000000000000000000e+00
9.587000000001497710e+02 0.000000000000000000e+00
9.588000000001497938e+02 0.000000000000000000e+00
9.589000000001498165e+02 0.000000000000000000e+00
9.590000000001498393e+02 0.000000000000000000e+00
9.591000000001498620e+02 0.000000000000000000e+00
9.592000000001498847e+02 0.000000000000000000e+00
9.593000000001499075e+02 0.000000000000000000e+00
9.594000000001499302e+02 0.000000000000000000e+00
9.595000000001499529e+02 0.000000000000000000e+00
9.596000000001499757e+02 0.000000000000000000e+00
9.597000000001499984e+02 0.000000000000000000e+00
9.598000000001500212e+02 0.000000000000000000e+00
9.599000000001500439e+02 0.000000000000000000e+00
9.600000000001500666e+02 0.000000000000000000e+00
9.601000000001500894e+02 0.000000000000000000e+00
9.602000000001501121e+02 0.000000000000000000e+00
9.603000000001501348e+02 0.000000000000000000e+00
9.604000000001501576e+02 0.000000000000000000e+00
9.605000000001501803e+02 0.000000000000000000e+00
9.606000000001502030e+02 0.000000000000000000e+00
9.607000000001502258e+02 0.000000000000000000e+00
9.608000000001502485e+02 0.000000000000000000e+00
9.609000000001502713e+02 0.000000000000000000e+00
9.610000000001502940e+02 0.000000000000000000e+00
9.611000000001503167e+02 0.000000000000000000e+00
9.612000000001503395e+02 0.000000000000000000e+00
9.613000000001503622e+02 0.000000000000000000e+00
9.614000000001503849e+02 0.000000000000000000e+00
9.615000000001504077e+02 0.000000000000000000e+00
9.616000000001504304e+02 0.000000000000000000e+00
9.617000000001504532e+02 0.000000000000000000e+00
9.618000000001504759e+02 0.000000000000000000e+00
9.619000000001504986e+02 0.000000000000000000e+00
9.620000000001505214e+02 0.000000000000000000e+00
9.621000000001505441e+02 0.000000000000000000e+00
9.622000000001505668e+02 0.000000000000000000e+00
9.623000000001505896e+02 0.000000000000000000e+00
9.624000000001506123e+02 0.000000000000000000e+00
9.625000000001506351e+02 0.000000000000000000e+00
9.626000000001506578e+02 0.000000000000000000e+00
9.627000000001506805e+02 0.000000000000000000e+00
9.628000000001507033e+02 0.000000000000000000e+00
9.629000000001507260e+02 0.000000000000000000e+00
9.630000000001507487e+02 0.000000000000000000e+00
9.631000000001507715e+02 0.000000000000000000e+00
9.632000000001507942e+02 0.000000000000000000e+00
9.633000000001508170e+02 0.000000000000000000e+00
9.634000000001508397e+02 0.000000000000000000e+00
9.635000000001508624e+02 0.000000000000000000e+00
9.636000000001508852e+02 0.000000000000000000e+00
9.637000000001509079e+02 0.000000000000000000e+00
9.638000000001509306e+02 0.000000000000000000e+00
9.639000000001509534e+02 0.000000000000000000e+00
9.640000000001509761e+02 0.000000000000000000e+00
9.641000000001509989e+02 0.000000000000000000e+00
9.642000000001510216e+02 0.000000000000000000e+00
9.643000000001510443e+02 0.000000000000000000e+00
9.644000000001510671e+02 0.000000000000000000e+00
9.645000000001510898e+02 0.000000000000000000e+00
9.646000000001511125e+02 0.000000000000000000e+00
9.647000000001511353e+02 0.000000000000000000e+00
9.648000000001511580e+02 0.000000000000000000e+00
9.649000000001511808e+02 0.000000000000000000e+00
9.650000000001512035e+02 0.000000000000000000e+00
9.651000000001512262e+02 0.000000000000000000e+00
9.652000000001512490e+02 0.000000000000000000e+00
9.653000000001512717e+02 0.000000000000000000e+00
9.654000000001512944e+02 0.000000000000000000e+00
9.655000000001513172e+02 0.000000000000000000e+00
9.656000000001513399e+02 0.000000000000000000e+00
9.657000000001513627e+02 0.000000000000000000e+00
9.658000000001513854e+02 0.000000000000000000e+00
9.659000000001514081e+02 0.000000000000000000e+00
9.660000000001514309e+02 0.000000000000000000e+00
9.661000000001514536e+02 0.000000000000000000e+00
9.662000000001514763e+02 0.000000000000000000e+00
9.663000000001514991e+02 0.000000000000000000e+00
9.664000000001515218e+02 0.000000000000000000e+00
9.665000000001515446e+02 0.000000000000000000e+00
9.666000000001515673e+02 0.000000000000000000e+00
9.667000000001515900e+02 0.000000000000000000e+00
9.668000000001516128e+02 0.000000000000000000e+00
9.669000000001516355e+02 0.000000000000000000e+00
9.670000000001516582e+02 0.000000000000000000e+00
9.671000000001516810e+02 0.000000000000000000e+00
9.672000000001517037e+02 0.000000000000000000e+00
9.673000000001517265e+02 0.000000000000000000e+00
9.674000000001517492e+02 0.000000000000000000e+00
9.675000000001517719e+02 0.000000000000000000e+00
9.676000000001517947e+02 0.000000000000000000e+00
9.677000000001518174e+02 0.000000000000000000e+00
9.678000000001518401e+02 0.000000000000000000e+00
9.679000000001518629e+02 0.000000000000000000e+00
9.680000000001518856e+02 0.000000000000000000e+00
9.681000000001519084e+02 0.000000000000000000e+00
9.682000000001519311e+02 0.000000000000000000e+00
9.683000000001519538e+02 0.000000000000000000e+00
9.684000000001519766e+02 0.000000000000000000e+00
9.685000000001519993e+02 0.000000000000000000e+00
9.686000000001520220e+02 0.000000000000000000e+00
9.687000000001520448e+02 0.000000000000000000e+00
9.688000000001520675e+02 0.000000000000000000e+00
9.689000000001520903e+02 0.000000000000000000e+00
9.690000000001521130e+02 0.000000000000000000e+00
9.691000000001521357e+02 0.000000000000000000e+00
9.692000000001521585e+02 0.000000000000000000e+00
9.693000000001521812e+02 0.000000000000000000e+00
9.694000000001522039e+02 0.000000000000000000e+00
9.695000000001522267e+02 0.000000000000000000e+00
9.696000000001522494e+02 0.000000000000000000e+00
9.697000000001522722e+02 0.000000000000000000e+00
9.698000000001522949e+02 0.000000000000000000e+00
9.699000000001523176e+02 0.000000000000000000e+00
9.700000000001523404e+02 0.000000000000000000e+00
9.701000000001523631e+02 0.000000000000000000e+00
9.702000000001523858e+02 0.000000000000000000e+00
9.703000000001524086e+02 0.000000000000000000e+00
9.704000000001524313e+02 0.000000000000000000e+00
9.705000000001524540e+02 0.000000000000000000e+00
9.706000000001524768e+02 0.000000000000000000e+00
9.707000000001524995e+02 0.000000000000000000e+00
9.708000000001525223e+02 0.000000000000000000e+00
9.709000000001525450e+02 0.000000000000000000e+00
9.710000000001525677e+02 0.000000000000000000e+00
9.711000000001525905e+02 0.000000000000000000e+00
9.712000000001526132e+02 0.000000000000000000e+00
9.713000000001526359e+02 0.000000000000000000e+00
9.714000000001526587e+02 0.000000000000000000e+00
9.715000000001526814e+02 0.000000000000000000e+00
9.716000000001527042e+02 0.000000000000000000e+00
9.717000000001527269e+02 0.000000000000000000e+00
9.718000000001527496e+02 0.000000000000000000e+00
9.719000000001527724e+02 0.000000000000000000e+00
9.720000000001527951e+02 0.000000000000000000e+00
9.721000000001528178e+02 0.000000000000000000e+00
9.722000000001528406e+02 0.000000000000000000e+00
9.723000000001528633e+02 0.000000000000000000e+00
9.724000000001528861e+02 0.000000000000000000e+00
9.725000000001529088e+02 0.000000000000000000e+00
9.726000000001529315e+02 0.000000000000000000e+00
9.727000000001529543e+02 0.000000000000000000e+00
9.728000000001529770e+02 0.000000000000000000e+00
9.729000000001529997e+02 0.000000000000000000e+00
9.730000000001530225e+02 0.000000000000000000e+00
9.731000000001530452e+02 0.000000000000000000e+00
9.732000000001530680e+02 0.000000000000000000e+00
9.733000000001530907e+02 0.000000000000000000e+00
9.734000000001531134e+02 0.000000000000000000e+00
9.735000000001531362e+02 0.000000000000000000e+00
9.736000000001531589e+02 0.000000000000000000e+00
9.737000000001531816e+02 0.000000000000000000e+00
9.738000000001532044e+02 0.000000000000000000e+00
9.739000000001532271e+02 0.000000000000000000e+00
9.740000000001532499e+02 0.000000000000000000e+00
9.741000000001532726e+02 0.000000000000000000e+00
9.742000000001532953e+02 0.000000000000000000e+00
9.743000000001533181e+02 0.000000000000000000e+00
9.744000000001533408e+02 0.000000000000000000e+00
9.745000000001533635e+02 0.000000000000000000e+00
9.746000000001533863e+02 0.000000000000000000e+00
9.747000000001534090e+02 0.000000000000000000e+00
9.748000000001534318e+02 0.000000000000000000e+00
9.749000000001534545e+02 0.000000000000000000e+00
9.750000000001534772e+02 0.000000000000000000e+00
9.751000000001535000e+02 0.000000000000000000e+00
9.752000000001535227e+02 0.000000000000000000e+00
9.753000000001535454e+02 0.000000000000000000e+00
9.754000000001535682e+02 0.000000000000000000e+00
9.755000000001535909e+02 0.000000000000000000e+00
9.756000000001536137e+02 0.000000000000000000e+00
9.757000000001536364e+02 0.000000000000000000e+00
9.758000000001536591e+02 0.000000000000000000e+00
9.759000000001536819e+02 0.000000000000000000e+00
9.760000000001537046e+02 0.000000000000000000e+00
9.761000000001537273e+02 0.000000000000000000e+00
9.762000000001537501e+02 0.000000000000000000e+00
9.763000000001537728e+02 0.000000000000000000e+00
9.764000000001537956e+02 0.000000000000000000e+00
9.765000000001538183e+02 0.000000000000000000e+00
9.766000000001538410e+02 0.000000000000000000e+00
9.767000000001538638e+02 0.000000000000000000e+00
9.768000000001538865e+02 0.000000000000000000e+00
9.769000000001539092e+02 0.000000000000000000e+00
9.770000000001539320e+02 0.000000000000000000e+00
9.771000000001539547e+02 0.000000000000000000e+00
9.772000000001539775e+02 0.000000000000000000e+00
9.773000000001540002e+02 0.000000000000000000e+00
9.774000000001540229e+02 0.000000000000000000e+00
9.775000000001540457e+02 0.000000000000000000e+00
9.776000000001540684e+02 0.000000000000000000e+00
9.777000000001540911e+02 0.000000000000000000e+00
9.778000000001541139e+02 0.000000000000000000e+00
9.779000000001541366e+02 0.000000000000000000e+00
9.780000000001541594e+02 0.000000000000000000e+00
9.781000000001541821e+02 0.000000000000000000e+00
9.782000000001542048e+02 0.000000000000000000e+00
9.783000000001542276e+02 0.000000000000000000e+00
9.784000000001542503e+02 0.000000000000000000e+00
9.785000000001542730e+02 0.000000000000000000e+00
9.786000000001542958e+02 0.000000000000000000e+00
9.787000000001543185e+02 0.000000000000000000e+00
9.788000000001543413e+02 0.000000000000000000e+00
9.789000000001543640e+02 0.000000000000000000e+00
9.790000000001543867e+02 0.000000000000000000e+00
9.791000000001544095e+02 0.000000000000000000e+00
9.792000000001544322e+02 0.000000000000000000e+00
9.793000000001544549e+02 0.000000000000000000e+00
9.794000000001544777e+02 0.000000000000000000e+00
9.795000000001545004e+02 0.000000000000000000e+00
9.796000000001545231e+02 0.000000000000000000e+00
9.797000000001545459e+02 0.000000000000000000e+00
9.798000000001545686e+02 0.000000000000000000e+00
9.799000000001545914e+02 0.000000000000000000e+00
9.800000000001546141e+02 0.000000000000000000e+00
9.801000000001546368e+02 0.000000000000000000e+00
9.802000000001546596e+02 0.000000000000000000e+00
9.803000000001546823e+02 0.000000000000000000e+00
9.804000000001547050e+02 0.000000000000000000e+00
9.805000000001547278e+02 0.000000000000000000e+00
9.806000000001547505e+02 0.000000000000000000e+00
9.807000000001547733e+02 0.000000000000000000e+00
9.808000000001547960e+02 0.000000000000000000e+00
9.809000000001548187e+02 0.000000000000000000e+00
9.810000000001548415e+02 0.000000000000000000e+00
9.811000000001548642e+02 0.000000000000000000e+00
9.812000000001548869e+02 0.000000000000000000e+00
9.813000000001549097e+02 0.000000000000000000e+00
9.814000000001549324e+02 0.000000000000000000e+00
9.815000000001549552e+02 0.000000000000000000e+00
9.816000000001549779e+02 0.000000000000000000e+00
9.817000000001550006e+02 0.000000000000000000e+00
9.818000000001550234e+02 0.000000000000000000e+00
9.819000000001550461e+02 0.000000000000000000e+00
9.820000000001550688e+02 0.000000000000000000e+00
9.821000000001550916e+02 0.000000000000000000e+00
9.822000000001551143e+02 0.000000000000000000e+00
9.823000000001551371e+02 0.000000000000000000e+00
9.824000000001551598e+02 0.000000000000000000e+00
9.825000000001551825e+02 0.000000000000000000e+00
9.826000000001552053e+02 0.000000000000000000e+00
9.827000000001552280e+02 0.000000000000000000e+00
9.828000000001552507e+02 0.000000000000000000e+00
9.829000000001552735e+02 0.000000000000000000e+00
9.830000000001552962e+02 0.000000000000000000e+00
9.831000000001553190e+02 0.000000000000000000e+00
9.832000000001553417e+02 0.000000000000000000e+00
9.833000000001553644e+02 0.000000000000000000e+00
9.834000000001553872e+02 0.000000000000000000e+00
9.835000000001554099e+02 0.000000000000000000e+00
9.836000000001554326e+02 0.000000000000000000e+00
9.837000000001554554e+02 0.000000000000000000e+00
9.838000000001554781e+02 0.000000000000000000e+00
9.839000000001555009e+02 0.000000000000000000e+00
9.840000000001555236e+02 0.000000000000000000e+00
9.841000000001555463e+02 0.000000000000000000e+00
9.842000000001555691e+02 0.000000000000000000e+00
9.843000000001555918e+02 0.000000000000000000e+00
9.844000000001556145e+02 0.000000000000000000e+00
9.845000000001556373e+02 0.000000000000000000e+00
9.846000000001556600e+02 0.000000000000000000e+00
9.847000000001556828e+02 0.000000000000000000e+00
9.848000000001557055e+02 0.000000000000000000e+00
9.849000000001557282e+02 0.000000000000000000e+00
9.850000000001557510e+02 0.000000000000000000e+00
9.851000000001557737e+02 0.000000000000000000e+00
9.852000000001557964e+02 0.000000000000000000e+00
9.853000000001558192e+02 0.000000000000000000e+00
9.854000000001558419e+02 0.000000000000000000e+00
9.855000000001558647e+02 0.000000000000000000e+00
9.856000000001558874e+02 0.000000000000000000e+00
9.857000000001559101e+02 0.000000000000000000e+00
9.858000000001559329e+02 0.000000000000000000e+00
9.859000000001559556e+02 0.000000000000000000e+00
9.860000000001559783e+02 0.000000000000000000e+00
9.861000000001560011e+02 0.000000000000000000e+00
9.862000000001560238e+02 0.000000000000000000e+00
9.863000000001560466e+02 0.000000000000000000e+00
9.864000000001560693e+02 0.000000000000000000e+00
9.865000000001560920e+02 0.000000000000000000e+00
9.866000000001561148e+02 0.000000000000000000e+00
9.867000000001561375e+02 0.000000000000000000e+00
9.868000000001561602e+02 0.000000000000000000e+00
9.869000000001561830e+02 0.000000000000000000e+00
9.870000000001562057e+02 0.000000000000000000e+00
9.871000000001562285e+02 0.000000000000000000e+00
9.872000000001562512e+02 0.000000000000000000e+00
9.873000000001562739e+02 0.000000000000000000e+00
9.874000000001562967e+02 0.000000000000000000e+00
9.875000000001563194e+02 0.000000000000000000e+00
9.876000000001563421e+02 0.000000000000000000e+00
9.877000000001563649e+02 0.000000000000000000e+00
9.878000000001563876e+02 0.000000000000000000e+00
9.879000000001564104e+02 0.000000000000000000e+00
9.880000000001564331e+02 0.000000000000000000e+00
9.881000000001564558e+02 0.000000000000000000e+00
9.882000000001564786e+02 0.000000000000000000e+00
9.883000000001565013e+02 0.000000000000000000e+00
9.884000000001565240e+02 0.000000000000000000e+00
9.885000000001565468e+02 0.000000000000000000e+00
9.886000000001565695e+02 0.000000000000000000e+00
9.887000000001565923e+02 0.000000000000000000e+00
9.888000000001566150e+02 0.000000000000000000e+00
9.889000000001566377e+02 0.000000000000000000e+00
9.890000000001566605e+02 0.000000000000000000e+00
9.891000000001566832e+02 0.000000000000000000e+00
9.892000000001567059e+02 0.000000000000000000e+00
9.893000000001567287e+02 0.000000000000000000e+00
9.894000000001567514e+02 0.000000000000000000e+00
9.895000000001567741e+02 0.000000000000000000e+00
9.896000000001567969e+02 0.000000000000000000e+00
9.897000000001568196e+02 0.000000000000000000e+00
9.898000000001568424e+02 0.000000000000000000e+00
9.899000000001568651e+02 0.000000000000000000e+00
9.900000000001568878e+02 0.000000000000000000e+00
9.901000000001569106e+02 0.000000000000000000e+00
9.902000000001569333e+02 0.000000000000000000e+00
9.903000000001569560e+02 0.000000000000000000e+00
9.904000000001569788e+02 0.000000000000000000e+00
9.905000000001570015e+02 0.000000000000000000e+00
9.906000000001570243e+02 0.000000000000000000e+00
9.907000000001570470e+02 0.000000000000000000e+00
9.908000000001570697e+02 0.000000000000000000e+00
9.909000000001570925e+02 0.000000000000000000e+00
9.910000000001571152e+02 0.000000000000000000e+00
9.911000000001571379e+02 0.000000000000000000e+00
9.912000000001571607e+02 0.000000000000000000e+00
9.913000000001571834e+02 0.000000000000000000e+00
9.914000000001572062e+02 0.000000000000000000e+00
9.915000000001572289e+02 0.000000000000000000e+00
9.916000000001572516e+02 0.000000000000000000e+00
9.917000000001572744e+02 0.000000000000000000e+00
9.918000000001572971e+02 0.000000000000000000e+00
9.919000000001573198e+02 0.000000000000000000e+00
9.920000000001573426e+02 0.000000000000000000e+00
9.921000000001573653e+02 0.000000000000000000e+00
9.922000000001573881e+02 0.000000000000000000e+00
9.923000000001574108e+02 0.000000000000000000e+00
9.924000000001574335e+02 0.000000000000000000e+00
9.925000000001574563e+02 0.000000000000000000e+00
9.926000000001574790e+02 0.000000000000000000e+00
9.927000000001575017e+02 0.000000000000000000e+00
9.928000000001575245e+02 0.000000000000000000e+00
9.929000000001575472e+02 0.000000000000000000e+00
9.930000000001575700e+02 0.000000000000000000e+00
9.931000000001575927e+02 0.000000000000000000e+00
9.932000000001576154e+02 0.000000000000000000e+00
9.933000000001576382e+02 0.000000000000000000e+00
9.934000000001576609e+02 0.000000000000000000e+00
9.935000000001576836e+02 0.000000000000000000e+00
9.936000000001577064e+02 0.000000000000000000e+00
9.937000000001577291e+02 0.000000000000000000e+00
9.938000000001577519e+02 0.000000000000000000e+00
9.939000000001577746e+02 0.000000000000000000e+00
9.940000000001577973e+02 0.000000000000000000e+00
9.941000000001578201e+02 0.000000000000000000e+00
9.942000000001578428e+02 0.000000000000000000e+00
9.943000000001578655e+02 0.000000000000000000e+00
9.944000000001578883e+02 0.000000000000000000e+00
9.945000000001579110e+02 0.000000000000000000e+00
9.946000000001579338e+02 0.000000000000000000e+00
9.947000000001579565e+02 0.000000000000000000e+00
9.948000000001579792e+02 0.000000000000000000e+00
9.949000000001580020e+02 0.000000000000000000e+00
9.950000000001580247e+02 0.000000000000000000e+00
9.951000000001580474e+02 0.000000000000000000e+00
9.952000000001580702e+02 0.000000000000000000e+00
9.953000000001580929e+02 0.000000000000000000e+00
9.954000000001581157e+02 0.000000000000000000e+00
9.955000000001581384e+02 0.000000000000000000e+00
9.956000000001581611e+02 0.000000000000000000e+00
9.957000000001581839e+02 0.000000000000000000e+00
9.958000000001582066e+02 0.000000000000000000e+00
9.959000000001582293e+02 0.000000000000000000e+00
9.960000000001582521e+02 0.000000000000000000e+00
9.961000000001582748e+02 0.000000000000000000e+00
9.962000000001582976e+02 0.000000000000000000e+00
9.963000000001583203e+02 0.000000000000000000e+00
9.964000000001583430e+02 0.000000000000000000e+00
9.965000000001583658e+02 0.000000000000000000e+00
9.966000000001583885e+02 0.000000000000000000e+00
9.967000000001584112e+02 0.000000000000000000e+00
9.968000000001584340e+02 0.000000000000000000e+00
9.969000000001584567e+02 0.000000000000000000e+00
9.970000000001584795e+02 0.000000000000000000e+00
9.971000000001585022e+02 0.000000000000000000e+00
9.972000000001585249e+02 0.000000000000000000e+00
9.973000000001585477e+02 0.000000000000000000e+00
9.974000000001585704e+02 0.000000000000000000e+00
9.975000000001585931e+02 0.000000000000000000e+00
9.976000000001586159e+02 0.000000000000000000e+00
9.977000000001586386e+02 0.000000000000000000e+00
9.978000000001586614e+02 0.000000000000000000e+00
9.979000000001586841e+02 0.000000000000000000e+00
9.980000000001587068e+02 0.000000000000000000e+00
9.981000000001587296e+02 0.000000000000000000e+00
9.982000000001587523e+02 0.000000000000000000e+00
9.983000000001587750e+02 0.000000000000000000e+00
9.984000000001587978e+02 0.000000000000000000e+00
9.985000000001588205e+02 0.000000000000000000e+00
9.986000000001588432e+02 0.000000000000000000e+00
9.987000000001588660e+02 0.000000000000000000e+00
9.988000000001588887e+02 0.000000000000000000e+00
9.989000000001589115e+02 0.000000000000000000e+00
9.990000000001589342e+02 0.000000000000000000e+00
9.991000000001589569e+02 0.000000000000000000e+00
9.992000000001589797e+02 0.000000000000000000e+00
9.993000000001590024e+02 0.000000000000000000e+00
9.994000000001590251e+02 0.000000000000000000e+00
9.995000000001590479e+02 0.000000000000000000e+00
9.996000000001590706e+02 0.000000000000000000e+00
9.997000000001590934e+02 0.000000000000000000e+00
9.998000000001591161e+02 0.000000000000000000e+00
9.999000000001591388e+02 0.000000000000000000e+00
1.000000000000159162e+03 0.000000000000000000e+00
1.000100000000159184e+03 0.000000000000000000e+00
1.000200000000159207e+03 0.000000000000000000e+00
1.000300000000159230e+03 0.000000000000000000e+00
1.000400000000159253e+03 0.000000000000000000e+00
1.000500000000159275e+03 0.000000000000000000e+00
1.000600000000159298e+03 0.000000000000000000e+00
1.000700000000159321e+03 0.000000000000000000e+00
1.000800000000159343e+03 0.000000000000000000e+00
1.000900000000159366e+03 0.000000000000000000e+00
1.001000000000159389e+03 0.000000000000000000e+00
1.001100000000159412e+03 0.000000000000000000e+00
1.001200000000159434e+03 0.000000000000000000e+00
1.001300000000159457e+03 0.000000000000000000e+00
1.001400000000159480e+03 0.000000000000000000e+00
1.001500000000159503e+03 0.000000000000000000e+00
1.001600000000159525e+03 0.000000000000000000e+00
1.001700000000159548e+03 0.000000000000000000e+00
1.001800000000159571e+03 0.000000000000000000e+00
1.001900000000159594e+03 0.000000000000000000e+00
1.002000000000159616e+03 0.000000000000000000e+00
1.002100000000159639e+03 0.000000000000000000e+00
1.002200000000159662e+03 0.000000000000000000e+00
1.002300000000159685e+03 0.000000000000000000e+00
1.002400000000159707e+03 0.000000000000000000e+00
1.002500000000159730e+03 0.000000000000000000e+00
1.002600000000159753e+03 0.000000000000000000e+00
1.002700000000159775e+03 0.000000000000000000e+00
1.002800000000159798e+03 0.000000000000000000e+00
1.002900000000159821e+03 0.000000000000000000e+00
1.003000000000159844e+03 0.000000000000000000e+00
1.003100000000159866e+03 0.000000000000000000e+00
1.003200000000159889e+03 0.000000000000000000e+00
1.003300000000159912e+03 0.000000000000000000e+00
1.003400000000159935e+03 0.000000000000000000e+00
1.003500000000159957e+03 0.000000000000000000e+00
1.003600000000159980e+03 0.000000000000000000e+00
1.003700000000160003e+03 0.000000000000000000e+00
1.003800000000160026e+03 0.000000000000000000e+00
1.003900000000160048e+03 0.000000000000000000e+00
1.004000000000160071e+03 0.000000000000000000e+00
1.004100000000160094e+03 0.000000000000000000e+00
1.004200000000160117e+03 0.000000000000000000e+00
1.004300000000160139e+03 0.000000000000000000e+00
1.004400000000160162e+03 0.000000000000000000e+00
1.004500000000160185e+03 0.000000000000000000e+00
1.004600000000160207e+03 0.000000000000000000e+00
1.004700000000160230e+03 0.000000000000000000e+00
1.004800000000160253e+03 0.000000000000000000e+00
1.004900000000160276e+03 0.000000000000000000e+00
1.005000000000160298e+03 0.000000000000000000e+00
1.005100000000160321e+03 0.000000000000000000e+00
1.005200000000160344e+03 0.000000000000000000e+00
1.005300000000160367e+03 0.000000000000000000e+00
1.005400000000160389e+03 0.000000000000000000e+00
1.005500000000160412e+03 0.000000000000000000e+00
1.005600000000160435e+03 0.000000000000000000e+00
1.005700000000160458e+03 0.000000000000000000e+00
1.005800000000160480e+03 0.000000000000000000e+00
1.005900000000160503e+03 0.000000000000000000e+00
1.006000000000160526e+03 0.000000000000000000e+00
1.006100000000160549e+03 0.000000000000000000e+00
1.006200000000160571e+03 0.000000000000000000e+00
1.006300000000160594e+03 0.000000000000000000e+00
1.006400000000160617e+03 0.000000000000000000e+00
1.006500000000160640e+03 0.000000000000000000e+00
1.006600000000160662e+03 0.000000000000000000e+00
1.006700000000160685e+03 0.000000000000000000e+00
1.006800000000160708e+03 0.000000000000000000e+00
1.006900000000160730e+03 0.000000000000000000e+00
1.007000000000160753e+03 0.000000000000000000e+00
1.007100000000160776e+03 0.000000000000000000e+00
1.007200000000160799e+03 0.000000000000000000e+00
1.007300000000160821e+03 0.000000000000000000e+00
1.007400000000160844e+03 0.000000000000000000e+00
1.007500000000160867e+03 0.000000000000000000e+00
1.007600000000160890e+03 0.000000000000000000e+00
1.007700000000160912e+03 0.000000000000000000e+00
1.007800000000160935e+03 0.000000000000000000e+00
1.007900000000160958e+03 0.000000000000000000e+00
1.008000000000160981e+03 0.000000000000000000e+00
1.008100000000161003e+03 0.000000000000000000e+00
1.008200000000161026e+03 0.000000000000000000e+00
1.008300000000161049e+03 0.000000000000000000e+00
1.008400000000161072e+03 0.000000000000000000e+00
1.008500000000161094e+03 0.000000000000000000e+00
1.008600000000161117e+03 0.000000000000000000e+00
1.008700000000161140e+03 0.000000000000000000e+00
1.008800000000161162e+03 0.000000000000000000e+00
1.008900000000161185e+03 0.000000000000000000e+00
1.009000000000161208e+03 0.000000000000000000e+00
1.009100000000161231e+03 0.000000000000000000e+00
1.009200000000161253e+03 0.000000000000000000e+00
1.009300000000161276e+03 0.000000000000000000e+00
1.009400000000161299e+03 0.000000000000000000e+00
1.009500000000161322e+03 0.000000000000000000e+00
1.009600000000161344e+03 0.000000000000000000e+00
1.009700000000161367e+03 0.000000000000000000e+00
1.009800000000161390e+03 0.000000000000000000e+00
1.009900000000161413e+03 0.000000000000000000e+00
1.010000000000161435e+03 0.000000000000000000e+00
1.010100000000161458e+03 0.000000000000000000e+00
1.010200000000161481e+03 0.000000000000000000e+00
1.010300000000161504e+03 0.000000000000000000e+00
1.010400000000161526e+03 0.000000000000000000e+00
1.010500000000161549e+03 0.000000000000000000e+00
1.010600000000161572e+03 0.000000000000000000e+00
1.010700000000161594e+03 0.000000000000000000e+00
1.010800000000161617e+03 0.000000000000000000e+00
1.010900000000161640e+03 0.000000000000000000e+00
1.011000000000161663e+03 0.000000000000000000e+00
1.011100000000161685e+03 0.000000000000000000e+00
1.011200000000161708e+03 0.000000000000000000e+00
1.011300000000161731e+03 0.000000000000000000e+00
1.011400000000161754e+03 0.000000000000000000e+00
1.011500000000161776e+03 0.000000000000000000e+00
1.011600000000161799e+03 0.000000000000000000e+00
1.011700000000161822e+03 0.000000000000000000e+00
1.011800000000161845e+03 0.000000000000000000e+00
1.011900000000161867e+03 0.000000000000000000e+00
1.012000000000161890e+03 0.000000000000000000e+00
1.012100000000161913e+03 0.000000000000000000e+00
1.012200000000161936e+03 0.000000000000000000e+00
1.012300000000161958e+03 0.000000000000000000e+00
1.012400000000161981e+03 0.000000000000000000e+00
1.012500000000162004e+03 0.000000000000000000e+00
1.012600000000162026e+03 0.000000000000000000e+00
1.012700000000162049e+03 0.000000000000000000e+00
1.012800000000162072e+03 0.000000000000000000e+00
1.012900000000162095e+03 0.000000000000000000e+00
1.013000000000162117e+03 0.000000000000000000e+00
1.013100000000162140e+03 0.000000000000000000e+00
1.013200000000162163e+03 0.000000000000000000e+00
1.013300000000162186e+03 0.000000000000000000e+00
1.013400000000162208e+03 0.000000000000000000e+00
1.013500000000162231e+03 0.000000000000000000e+00
1.013600000000162254e+03 0.000000000000000000e+00
1.013700000000162277e+03 0.000000000000000000e+00
1.013800000000162299e+03 0.000000000000000000e+00
1.013900000000162322e+03 0.000000000000000000e+00
1.014000000000162345e+03 0.000000000000000000e+00
1.014100000000162368e+03 0.000000000000000000e+00
1.014200000000162390e+03 0.000000000000000000e+00
1.014300000000162413e+03 0.000000000000000000e+00
1.014400000000162436e+03 0.000000000000000000e+00
1.014500000000162458e+03 0.000000000000000000e+00
1.014600000000162481e+03 0.000000000000000000e+00
1.014700000000162504e+03 0.000000000000000000e+00
1.014800000000162527e+03 0.000000000000000000e+00
1.014900000000162549e+03 0.000000000000000000e+00
1.015000000000162572e+03 0.000000000000000000e+00
1.015100000000162595e+03 0.000000000000000000e+00
1.015200000000162618e+03 0.000000000000000000e+00
1.015300000000162640e+03 0.000000000000000000e+00
1.015400000000162663e+03 0.000000000000000000e+00
1.015500000000162686e+03 0.000000000000000000e+00
1.015600000000162709e+03 0.000000000000000000e+00
1.015700000000162731e+03 0.000000000000000000e+00
1.015800000000162754e+03 0.000000000000000000e+00
1.015900000000162777e+03 0.000000000000000000e+00
1.016000000000162800e+03 0.000000000000000000e+00
1.016100000000162822e+03 0.000000000000000000e+00
1.016200000000162845e+03 0.000000000000000000e+00
1.016300000000162868e+03 0.000000000000000000e+00
1.016400000000162891e+03 0.000000000000000000e+00
1.016500000000162913e+03 0.000000000000000000e+00
1.016600000000162936e+03 0.000000000000000000e+00
1.016700000000162959e+03 0.000000000000000000e+00
1.016800000000162981e+03 0.000000000000000000e+00
1.016900000000163004e+03 0.000000000000000000e+00
1.017000000000163027e+03 0.000000000000000000e+00
1.017100000000163050e+03 0.000000000000000000e+00
1.017200000000163072e+03 0.000000000000000000e+00
1.017300000000163095e+03 0.000000000000000000e+00
1.017400000000163118e+03 0.000000000000000000e+00
1.017500000000163141e+03 0.000000000000000000e+00
1.017600000000163163e+03 0.000000000000000000e+00
1.017700000000163186e+03 0.000000000000000000e+00
1.017800000000163209e+03 0.000000000000000000e+00
1.017900000000163232e+03 0.000000000000000000e+00
1.018000000000163254e+03 0.000000000000000000e+00
1.018100000000163277e+03 0.000000000000000000e+00
1.018200000000163300e+03 0.000000000000000000e+00
1.018300000000163323e+03 0.000000000000000000e+00
1.018400000000163345e+03 0.000000000000000000e+00
1.018500000000163368e+03 0.000000000000000000e+00
1.018600000000163391e+03 0.000000000000000000e+00
1.018700000000163413e+03 0.000000000000000000e+00
1.018800000000163436e+03 0.000000000000000000e+00
1.018900000000163459e+03 0.000000000000000000e+00
1.019000000000163482e+03 0.000000000000000000e+00
1.019100000000163504e+03 0.000000000000000000e+00
1.019200000000163527e+03 0.000000000000000000e+00
1.019300000000163550e+03 0.000000000000000000e+00
1.019400000000163573e+03 0.000000000000000000e+00
1.019500000000163595e+03 0.000000000000000000e+00
1.019600000000163618e+03 0.000000000000000000e+00
1.019700000000163641e+03 0.000000000000000000e+00
1.019800000000163664e+03 0.000000000000000000e+00
1.019900000000163686e+03 0.000000000000000000e+00
1.020000000000163709e+03 0.000000000000000000e+00
1.020100000000163732e+03 0.000000000000000000e+00
1.020200000000163755e+03 0.000000000000000000e+00
1.020300000000163777e+03 0.000000000000000000e+00
1.020400000000163800e+03 0.000000000000000000e+00
1.020500000000163823e+03 0.000000000000000000e+00
1.020600000000163845e+03 0.000000000000000000e+00
1.020700000000163868e+03 0.000000000000000000e+00
1.020800000000163891e+03 0.000000000000000000e+00
1.020900000000163914e+03 0.000000000000000000e+00
1.021000000000163936e+03 0.000000000000000000e+00
1.021100000000163959e+03 0.000000000000000000e+00
1.021200000000163982e+03 0.000000000000000000e+00
1.021300000000164005e+03 0.000000000000000000e+00
1.021400000000164027e+03 0.000000000000000000e+00
1.021500000000164050e+03 0.000000000000000000e+00
1.021600000000164073e+03 0.000000000000000000e+00
1.021700000000164096e+03 0.000000000000000000e+00
1.021800000000164118e+03 0.000000000000000000e+00
1.021900000000164141e+03 0.000000000000000000e+00
1.022000000000164164e+03 0.000000000000000000e+00
1.022100000000164187e+03 0.000000000000000000e+00
1.022200000000164209e+03 0.000000000000000000e+00
1.022300000000164232e+03 0.000000000000000000e+00
1.022400000000164255e+03 0.000000000000000000e+00
1.022500000000164277e+03 0.000000000000000000e+00
1.022600000000164300e+03 0.000000000000000000e+00
1.022700000000164323e+03 0.000000000000000000e+00
1.022800000000164346e+03 0.000000000000000000e+00
1.022900000000164368e+03 0.000000000000000000e+00
1.023000000000164391e+03 0.000000000000000000e+00
1.023100000000164414e+03 0.000000000000000000e+00
1.023200000000164437e+03 0.000000000000000000e+00
1.023300000000164459e+03 0.000000000000000000e+00
1.023400000000164482e+03 0.000000000000000000e+00
1.023500000000164505e+03 0.000000000000000000e+00
1.023600000000164528e+03 0.000000000000000000e+00
1.023700000000164550e+03 0.000000000000000000e+00
1.023800000000164573e+03 0.000000000000000000e+00
1.023900000000164596e+03 0.000000000000000000e+00
1.024000000000164619e+03 0.000000000000000000e+00
1.024100000000164528e+03 0.000000000000000000e+00
1.024200000000164664e+03 0.000000000000000000e+00
1.024300000000164800e+03 0.000000000000000000e+00
1.024400000000164709e+03 0.000000000000000000e+00
1.024500000000164619e+03 0.000000000000000000e+00
1.024600000000164755e+03 0.000000000000000000e+00
1.024700000000164891e+03 0.000000000000000000e+00
1.024800000000164800e+03 0.000000000000000000e+00
1.024900000000164709e+03 0.000000000000000000e+00
1.025000000000164846e+03 0.000000000000000000e+00
1.025100000000164982e+03 0.000000000000000000e+00
1.025200000000164891e+03 0.000000000000000000e+00
1.025300000000164800e+03 0.000000000000000000e+00
1.025400000000164937e+03 0.000000000000000000e+00
1.025500000000165073e+03 0.000000000000000000e+00
1.025600000000164982e+03 0.000000000000000000e+00
1.025700000000164891e+03 0.000000000000000000e+00
1.025800000000165028e+03 0.000000000000000000e+00
1.025900000000165164e+03 0.000000000000000000e+00
1.026000000000165073e+03 0.000000000000000000e+00
1.026100000000164982e+03 0.000000000000000000e+00
1.026200000000165119e+03 0.000000000000000000e+00
1.026300000000165255e+03 0.000000000000000000e+00
1.026400000000165164e+03 0.000000000000000000e+00
1.026500000000165073e+03 0.000000000000000000e+00
1.026600000000165210e+03 0.000000000000000000e+00
1.026700000000165346e+03 0.000000000000000000e+00
1.026800000000165255e+03 0.000000000000000000e+00
1.026900000000165164e+03 0.000000000000000000e+00
1.027000000000165301e+03 0.000000000000000000e+00
1.027100000000165437e+03 0.000000000000000000e+00
1.027200000000165346e+03 0.000000000000000000e+00
1.027300000000165255e+03 0.000000000000000000e+00
1.027400000000165392e+03 0.000000000000000000e+00
1.027500000000165528e+03 0.000000000000000000e+00
1.027600000000165437e+03 0.000000000000000000e+00
1.027700000000165346e+03 0.000000000000000000e+00
1.027800000000165483e+03 0.000000000000000000e+00
1.027900000000165619e+03 0.000000000000000000e+00
1.028000000000165528e+03 0.000000000000000000e+00
1.028100000000165437e+03 0.000000000000000000e+00
1.028200000000165574e+03 0.000000000000000000e+00
1.028300000000165710e+03 0.000000000000000000e+00
1.028400000000165619e+03 0.000000000000000000e+00
1.028500000000165528e+03 0.000000000000000000e+00
1.028600000000165664e+03 0.000000000000000000e+00
1.028700000000165801e+03 0.000000000000000000e+00
1.028800000000165710e+03 0.000000000000000000e+00
1.028900000000165619e+03 0.000000000000000000e+00
1.029000000000165755e+03 0.000000000000000000e+00
1.029100000000165892e+03 0.000000000000000000e+00
1.029200000000165801e+03 0.000000000000000000e+00
1.029300000000165710e+03 0.000000000000000000e+00
1.029400000000165846e+03 0.000000000000000000e+00
1.029500000000165983e+03 0.000000000000000000e+00
1.029600000000165892e+03 0.000000000000000000e+00
1.029700000000165801e+03 0.000000000000000000e+00
1.029800000000165937e+03 0.000000000000000000e+00
1.029900000000166074e+03 0.000000000000000000e+00
1.030000000000165983e+03 0.000000000000000000e+00
1.030100000000165892e+03 0.000000000000000000e+00
1.030200000000166028e+03 0.000000000000000000e+00
1.030300000000166165e+03 0.000000000000000000e+00
1.030400000000166074e+03 0.000000000000000000e+00
1.030500000000165983e+03 0.000000000000000000e+00
1.030600000000166119e+03 0.000000000000000000e+00
1.030700000000166256e+03 0.000000000000000000e+00
1.030800000000166165e+03 0.000000000000000000e+00
1.030900000000166074e+03 0.000000000000000000e+00
1.031000000000166210e+03 0.000000000000000000e+00
1.031100000000166347e+03 0.000000000000000000e+00
1.031200000000166256e+03 0.000000000000000000e+00
1.031300000000166165e+03 0.000000000000000000e+00
1.031400000000166301e+03 0.000000000000000000e+00
1.031500000000166438e+03 0.000000000000000000e+00
1.031600000000166347e+03 0.000000000000000000e+00
1.031700000000166256e+03 0.000000000000000000e+00
1.031800000000166392e+03 0.000000000000000000e+00
1.031900000000166528e+03 0.000000000000000000e+00
1.032000000000166438e+03 0.000000000000000000e+00
1.032100000000166347e+03 0.000000000000000000e+00
1.032200000000166483e+03 0.000000000000000000e+00
1.032300000000166619e+03 0.000000000000000000e+00
1.032400000000166528e+03 0.000000000000000000e+00
1.032500000000166438e+03 0.000000000000000000e+00
1.032600000000166574e+03 0.000000000000000000e+00
1.032700000000166710e+03 0.000000000000000000e+00
1.032800000000166619e+03 0.000000000000000000e+00
1.032900000000166528e+03 0.000000000000000000e+00
1.033000000000166665e+03 0.000000000000000000e+00
1.033100000000166801e+03 0.000000000000000000e+00
1.033200000000166710e+03 0.000000000000000000e+00
1.033300000000166619e+03 0.000000000000000000e+00
1.033400000000166756e+03 0.000000000000000000e+00
1.033500000000166892e+03 0.000000000000000000e+00
1.033600000000166801e+03 0.000000000000000000e+00
1.033700000000166710e+03 0.000000000000000000e+00
1.033800000000166847e+03 0.000000000000000000e+00
1.033900000000166983e+03 0.000000000000000000e+00
1.034000000000166892e+03 0.000000000000000000e+00
1.034100000000166801e+03 0.000000000000000000e+00
1.034200000000166938e+03 0.000000000000000000e+00
1.034300000000167074e+03 0.000000000000000000e+00
1.034400000000166983e+03 0.000000000000000000e+00
1.034500000000166892e+03 0.000000000000000000e+00
1.034600000000167029e+03 0.000000000000000000e+00
1.034700000000167165e+03 0.000000000000000000e+00
1.034800000000167074e+03 0.000000000000000000e+00
1.034900000000166983e+03 0.000000000000000000e+00
1.035000000000167120e+03 0.000000000000000000e+00
1.035100000000167256e+03 0.000000000000000000e+00
1.035200000000167165e+03 0.000000000000000000e+00
1.035300000000167074e+03 0.000000000000000000e+00
1.035400000000167211e+03 0.000000000000000000e+00
1.035500000000167347e+03 0.000000000000000000e+00
1.035600000000167256e+03 0.000000000000000000e+00
1.035700000000167165e+03 0.000000000000000000e+00
1.035800000000167302e+03 0.000000000000000000e+00
1.035900000000167438e+03 0.000000000000000000e+00
1.036000000000167347e+03 0.000000000000000000e+00
1.036100000000167256e+03 0.000000000000000000e+00
1.036200000000167392e+03 0.000000000000000000e+00
1.036300000000167529e+03 0.000000000000000000e+00
1.036400000000167438e+03 0.000000000000000000e+00
1.036500000000167347e+03 0.000000000000000000e+00
1.036600000000167483e+03 0.000000000000000000e+00
1.036700000000167620e+03 0.000000000000000000e+00
1.036800000000167529e+03 0.000000000000000000e+00
1.036900000000167438e+03 0.000000000000000000e+00
1.037000000000167574e+03 0.000000000000000000e+00
1.037100000000167711e+03 0.000000000000000000e+00
1.037200000000167620e+03 0.000000000000000000e+00
1.037300000000167529e+03 0.000000000000000000e+00
1.037400000000167665e+03 0.000000000000000000e+00
1.037500000000167802e+03 0.000000000000000000e+00
1.037600000000167711e+03 0.000000000000000000e+00
1.037700000000167620e+03 0.000000000000000000e+00
1.037800000000167756e+03 0.000000000000000000e+00
1.037900000000167893e+03 0.000000000000000000e+00
1.038000000000167802e+03 0.000000000000000000e+00
1.038100000000167711e+03 0.000000000000000000e+00
1.038200000000167847e+03 0.000000000000000000e+00
1.038300000000167984e+03 0.000000000000000000e+00
1.038400000000167893e+03 0.000000000000000000e+00
1.038500000000167802e+03 0.000000000000000000e+00
1.038600000000167938e+03 0.000000000000000000e+00
1.038700000000168075e+03 0.000000000000000000e+00
1.038800000000167984e+03 0.000000000000000000e+00
1.038900000000167893e+03 0.000000000000000000e+00
1.039000000000168029e+03 0.000000000000000000e+00
1.039100000000168166e+03 0.000000000000000000e+00
1.039200000000168075e+03 0.000000000000000000e+00
1.039300000000167984e+03 0.000000000000000000e+00
1.039400000000168120e+03 0.000000000000000000e+00
1.039500000000168257e+03 0.000000000000000000e+00
1.039600000000168166e+03 0.000000000000000000e+00
1.039700000000168075e+03 0.000000000000000000e+00
1.039800000000168211e+03 0.000000000000000000e+00
1.039900000000168347e+03 0.000000000000000000e+00
1.040000000000168257e+03 0.000000000000000000e+00
1.040100000000168166e+03 0.000000000000000000e+00
1.040200000000168302e+03 0.000000000000000000e+00
1.040300000000168438e+03 0.000000000000000000e+00
1.040400000000168347e+03 0.000000000000000000e+00
1.040500000000168257e+03 0.000000000000000000e+00
1.040600000000168393e+03 0.000000000000000000e+00
1.040700000000168529e+03 0.000000000000000000e+00
1.040800000000168438e+03 0.000000000000000000e+00
1.040900000000168347e+03 0.000000000000000000e+00
1.041000000000168484e+03 0.000000000000000000e+00
1.041100000000168620e+03 0.000000000000000000e+00
1.041200000000168529e+03 0.000000000000000000e+00
1.041300000000168438e+03 0.000000000000000000e+00
1.041400000000168575e+03 0.000000000000000000e+00
1.041500000000168711e+03 0.000000000000000000e+00
1.041600000000168620e+03 0.000000000000000000e+00
1.041700000000168529e+03 0.000000000000000000e+00
1.041800000000168666e+03 0.000000000000000000e+00
1.041900000000168802e+03 0.000000000000000000e+00
1.042000000000168711e+03 0.000000000000000000e+00
1.042100000000168620e+03 0.000000000000000000e+00
1.042200000000168757e+03 0.000000000000000000e+00
1.042300000000168893e+03 0.000000000000000000e+00
1.042400000000168802e+03 0.000000000000000000e+00
1.042500000000168711e+03 0.000000000000000000e+00
1.042600000000168848e+03 0.000000000000000000e+00
1.042700000000168984e+03 0.000000000000000000e+00
1.042800000000168893e+03 0.000000000000000000e+00
1.042900000000168802e+03 0.000000000000000000e+00
1.043000000000168939e+03 0.000000000000000000e+00
1.043100000000169075e+03 0.000000000000000000e+00
1.043200000000168984e+03 0.000000000000000000e+00
1.043300000000168893e+03 0.000000000000000000e+00
1.043400000000169030e+03 0.000000000000000000e+00
1.043500000000169166e+03 0.000000000000000000e+00
1.043600000000169075e+03 0.000000000000000000e+00
1.043700000000168984e+03 0.000000000000000000e+00
1.043800000000169121e+03 0.000000000000000000e+00
1.043900000000169257e+03 0.000000000000000000e+00
1.044000000000169166e+03 0.000000000000000000e+00
1.044100000000169075e+03 0.000000000000000000e+00
1.044200000000169211e+03 0.000000000000000000e+00
1.044300000000169348e+03 0.000000000000000000e+00
1.044400000000169257e+03 0.000000000000000000e+00
1.044500000000169166e+03 0.000000000000000000e+00
1.044600000000169302e+03 0.000000000000000000e+00
1.044700000000169439e+03 0.000000000000000000e+00
1.044800000000169348e+03 0.000000000000000000e+00
1.044900000000169257e+03 0.000000000000000000e+00
1.045000000000169393e+03 0.000000000000000000e+00
1.045100000000169530e+03 0.000000000000000000e+00
1.045200000000169439e+03 0.000000000000000000e+00
1.045300000000169348e+03 0.000000000000000000e+00
1.045400000000169484e+03 0.000000000000000000e+00
1.045500000000169621e+03 0.000000000000000000e+00
1.045600000000169530e+03 0.000000000000000000e+00
1.045700000000169439e+03 0.000000000000000000e+00
1.045800000000169575e+03 0.000000000000000000e+00
1.045900000000169712e+03 0.000000000000000000e+00
1.046000000000169621e+03 0.000000000000000000e+00
1.046100000000169530e+03 0.000000000000000000e+00
1.046200000000169666e+03 0.000000000000000000e+00
1.046300000000169803e+03 0.000000000000000000e+00
1.046400000000169712e+03 0.000000000000000000e+00
1.046500000000169621e+03 0.000000000000000000e+00
1.046600000000169757e+03 0.000000000000000000e+00
1.046700000000169894e+03 0.000000000000000000e+00
1.046800000000169803e+03 0.000000000000000000e+00
1.046900000000169712e+03 0.000000000000000000e+00
1.047000000000169848e+03 0.000000000000000000e+00
1.047100000000169985e+03 0.000000000000000000e+00
1.047200000000169894e+03 0.000000000000000000e+00
1.047300000000169803e+03 0.000000000000000000e+00
1.047400000000169939e+03 0.000000000000000000e+00
1.047500000000170076e+03 0.000000000000000000e+00
1.047600000000169985e+03 0.000000000000000000e+00
1.047700000000169894e+03 0.000000000000000000e+00
1.047800000000170030e+03 0.000000000000000000e+00
1.047900000000170166e+03 0.000000000000000000e+00
1.048000000000170076e+03 0.000000000000000000e+00
1.048100000000169985e+03 0.000000000000000000e+00
1.048200000000170121e+03 0.000000000000000000e+00
1.048300000000170257e+03 0.000000000000000000e+00
1.048400000000170166e+03 0.000000000000000000e+00
1.048500000000170076e+03 0.000000000000000000e+00
1.048600000000170212e+03 0.000000000000000000e+00
1.048700000000170348e+03 0.000000000000000000e+00
1.048800000000170257e+03 0.000000000000000000e+00
1.048900000000170166e+03 0.000000000000000000e+00
1.049000000000170303e+03 0.000000000000000000e+00
1.049100000000170439e+03 0.000000000000000000e+00
1.049200000000170348e+03 0.000000000000000000e+00
1.049300000000170257e+03 0.000000000000000000e+00
1.049400000000170394e+03 0.000000000000000000e+00
1.049500000000170530e+03 0.000000000000000000e+00
1.049600000000170439e+03 0.000000000000000000e+00
1.049700000000170348e+03 0.000000000000000000e+00
1.049800000000170485e+03 0.000000000000000000e+00
1.049900000000170621e+03 0.000000000000000000e+00
1.050000000000170530e+03 0.000000000000000000e+00
1.050100000000170439e+03 0.000000000000000000e+00
1.050200000000170576e+03 0.000000000000000000e+00
1.050300000000170712e+03 0.000000000000000000e+00
1.050400000000170621e+03 0.000000000000000000e+00
1.050500000000170530e+03 0.000000000000000000e+00
1.050600000000170667e+03 0.000000000000000000e+00
1.050700000000170803e+03 0.000000000000000000e+00
1.050800000000170712e+03 0.000000000000000000e+00
1.050900000000170621e+03 0.000000000000000000e+00
1.051000000000170758e+03 0.000000000000000000e+00
1.051100000000170894e+03 0.000000000000000000e+00
1.051200000000170803e+03 0.000000000000000000e+00
1.051300000000170712e+03 0.000000000000000000e+00
1.051400000000170849e+03 0.000000000000000000e+00
1.051500000000170985e+03 0.000000000000000000e+00
1.051600000000170894e+03 0.000000000000000000e+00
1.051700000000170803e+03 0.000000000000000000e+00
1.051800000000170940e+03 0.000000000000000000e+00
1.051900000000171076e+03 0.000000000000000000e+00
1.052000000000170985e+03 0.000000000000000000e+00
1.052100000000170894e+03 0.000000000000000000e+00
1.052200000000171030e+03 0.000000000000000000e+00
1.052300000000171167e+03 0.000000000000000000e+00
1.052400000000171076e+03 0.000000000000000000e+00
1.052500000000170985e+03 0.000000000000000000e+00
1.052600000000171121e+03 0.000000000000000000e+00
1.052700000000171258e+03 0.000000000000000000e+00
1.052800000000171167e+03 0.000000000000000000e+00
1.052900000000171076e+03 0.000000000000000000e+00
1.053000000000171212e+03 0.000000000000000000e+00
1.053100000000171349e+03 0.000000000000000000e+00
1.053200000000171258e+03 0.000000000000000000e+00
1.053300000000171167e+03 0.000000000000000000e+00
1.053400000000171303e+03 0.000000000000000000e+00
1.053500000000171440e+03 0.000000000000000000e+00
1.053600000000171349e+03 0.000000000000000000e+00
1.053700000000171258e+03 0.000000000000000000e+00
1.053800000000171394e+03 0.000000000000000000e+00
1.053900000000171531e+03 0.000000000000000000e+00
1.054000000000171440e+03 0.000000000000000000e+00
1.054100000000171349e+03 0.000000000000000000e+00
1.054200000000171485e+03 0.000000000000000000e+00
1.054300000000171622e+03 0.000000000000000000e+00
1.054400000000171531e+03 0.000000000000000000e+00
1.054500000000171440e+03 0.000000000000000000e+00
1.054600000000171576e+03 0.000000000000000000e+00
1.054700000000171713e+03 0.000000000000000000e+00
1.054800000000171622e+03 0.000000000000000000e+00
1.054900000000171531e+03 0.000000000000000000e+00
1.055000000000171667e+03 0.000000000000000000e+00
1.055100000000171804e+03 0.000000000000000000e+00
1.055200000000171713e+03 0.000000000000000000e+00
1.055300000000171622e+03 0.000000000000000000e+00
1.055400000000171758e+03 0.000000000000000000e+00
1.055500000000171894e+03 0.000000000000000000e+00
1.055600000000171804e+03 0.000000000000000000e+00
1.055700000000171713e+03 0.000000000000000000e+00
1.055800000000171849e+03 0.000000000000000000e+00
1.055900000000171985e+03 0.000000000000000000e+00
1.056000000000171894e+03 0.000000000000000000e+00
1.056100000000171804e+03 0.000000000000000000e+00
1.056200000000171940e+03 0.000000000000000000e+00
1.056300000000172076e+03 0.000000000000000000e+00
1.056400000000171985e+03 0.000000000000000000e+00
1.056500000000171894e+03 0.000000000000000000e+00
1.056600000000172031e+03 0.000000000000000000e+00
1.056700000000172167e+03 0.000000000000000000e+00
1.056800000000172076e+03 0.000000000000000000e+00
1.056900000000171985e+03 0.000000000000000000e+00
1.057000000000172122e+03 0.000000000000000000e+00
1.057100000000172258e+03 0.000000000000000000e+00
1.057200000000172167e+03 0.000000000000000000e+00
1.057300000000172076e+03 0.000000000000000000e+00
1.057400000000172213e+03 0.000000000000000000e+00
1.057500000000172349e+03 0.000000000000000000e+00
1.057600000000172258e+03 0.000000000000000000e+00
1.057700000000172167e+03 0.000000000000000000e+00
1.057800000000172304e+03 0.000000000000000000e+00
1.057900000000172440e+03 0.000000000000000000e+00
1.058000000000172349e+03 0.000000000000000000e+00
1.058100000000172258e+03 0.000000000000000000e+00
1.058200000000172395e+03 0.000000000000000000e+00
1.058300000000172531e+03 0.000000000000000000e+00
1.058400000000172440e+03 0.000000000000000000e+00
1.058500000000172349e+03 0.000000000000000000e+00
1.058600000000172486e+03 0.000000000000000000e+00
1.058700000000172622e+03 0.000000000000000000e+00
1.058800000000172531e+03 0.000000000000000000e+00
1.058900000000172440e+03 0.000000000000000000e+00
1.059000000000172577e+03 0.000000000000000000e+00
1.059100000000172713e+03 0.000000000000000000e+00
1.059200000000172622e+03 0.000000000000000000e+00
1.059300000000172531e+03 0.000000000000000000e+00
1.059400000000172668e+03 0.000000000000000000e+00
1.059500000000172804e+03 0.000000000000000000e+00
1.059600000000172713e+03 0.000000000000000000e+00
1.059700000000172622e+03 0.000000000000000000e+00
1.059800000000172759e+03 0.000000000000000000e+00
1.059900000000172895e+03 0.000000000000000000e+00
1.060000000000172804e+03 0.000000000000000000e+00
1.060100000000172713e+03 0.000000000000000000e+00
1.060200000000172849e+03 0.000000000000000000e+00
1.060300000000172986e+03 0.000000000000000000e+00
1.060400000000172895e+03 0.000000000000000000e+00
1.060500000000172804e+03 0.000000000000000000e+00
1.060600000000172940e+03 0.000000000000000000e+00
1.060700000000173077e+03 0.000000000000000000e+00
1.060800000000172986e+03 0.000000000000000000e+00
1.060900000000172895e+03 0.000000000000000000e+00
1.061000000000173031e+03 0.000000000000000000e+00
1.061100000000173168e+03 0.000000000000000000e+00
1.061200000000173077e+03 0.000000000000000000e+00
1.061300000000172986e+03 0.000000000000000000e+00
1.061400000000173122e+03 0.000000000000000000e+00
1.061500000000173259e+03 0.000000000000000000e+00
1.061600000000173168e+03 0.000000000000000000e+00
1.061700000000173077e+03 0.000000000000000000e+00
1.061800000000173213e+03 0.000000000000000000e+00
1.061900000000173350e+03 0.000000000000000000e+00
1.062000000000173259e+03 0.000000000000000000e+00
1.062100000000173168e+03 0.000000000000000000e+00
1.062200000000173304e+03 0.000000000000000000e+00
1.062300000000173441e+03 0.000000000000000000e+00
1.062400000000173350e+03 0.000000000000000000e+00
1.062500000000173259e+03 0.000000000000000000e+00
1.062600000000173395e+03 0.000000000000000000e+00
1.062700000000173532e+03 0.000000000000000000e+00
1.062800000000173441e+03 0.000000000000000000e+00
1.062900000000173350e+03 0.000000000000000000e+00
1.063000000000173486e+03 0.000000000000000000e+00
1.063100000000173623e+03 0.000000000000000000e+00
1.063200000000173532e+03 0.000000000000000000e+00
1.063300000000173441e+03 0.000000000000000000e+00
1.063400000000173577e+03 0.000000000000000000e+00
1.063500000000173713e+03 0.000000000000000000e+00
1.063600000000173623e+03 0.000000000000000000e+00
1.063700000000173532e+03 0.000000000000000000e+00
1.063800000000173668e+03 0.000000000000000000e+00
1.063900000000173804e+03 0.000000000000000000e+00
1.064000000000173713e+03 0.000000000000000000e+00
1.064100000000173623e+03 0.000000000000000000e+00
1.064200000000173759e+03 0.000000000000000000e+00
1.064300000000173895e+03 0.000000000000000000e+00
1.064400000000173804e+03 0.000000000000000000e+00
1.064500000000173713e+03 0.000000000000000000e+00
1.064600000000173850e+03 0.000000000000000000e+00
1.064700000000173986e+03 0.000000000000000000e+00
1.064800000000173895e+03 0.000000000000000000e+00
1.064900000000173804e+03 0.000000000000000000e+00
1.065000000000173941e+03 0.000000000000000000e+00
1.065100000000174077e+03 0.000000000000000000e+00
1.065200000000173986e+03 0.000000000000000000e+00
1.065300000000173895e+03 0.000000000000000000e+00
1.065400000000174032e+03 0.000000000000000000e+00
1.065500000000174168e+03 0.000000000000000000e+00
1.065600000000174077e+03 0.000000000000000000e+00
1.065700000000173986e+03 0.000000000000000000e+00
1.065800000000174123e+03 0.000000000000000000e+00
1.065900000000174259e+03 0.000000000000000000e+00
1.066000000000174168e+03 0.000000000000000000e+00
1.066100000000174077e+03 0.000000000000000000e+00
1.066200000000174214e+03 0.000000000000000000e+00
1.066300000000174350e+03 0.000000000000000000e+00
1.066400000000174259e+03 0.000000000000000000e+00
1.066500000000174168e+03 0.000000000000000000e+00
1.066600000000174305e+03 0.000000000000000000e+00
1.066700000000174441e+03 0.000000000000000000e+00
1.066800000000174350e+03 0.000000000000000000e+00
1.066900000000174259e+03 0.000000000000000000e+00
1.067000000000174396e+03 0.000000000000000000e+00
1.067100000000174532e+03 0.000000000000000000e+00
1.067200000000174441e+03 0.000000000000000000e+00
1.067300000000174350e+03 0.000000000000000000e+00
1.067400000000174487e+03 0.000000000000000000e+00
1.067500000000174623e+03 0.000000000000000000e+00
1.067600000000174532e+03 0.000000000000000000e+00
1.067700000000174441e+03 0.000000000000000000e+00
1.067800000000174578e+03 0.000000000000000000e+00
1.067900000000174714e+03 0.000000000000000000e+00
1.068000000000174623e+03 0.000000000000000000e+00
1.068100000000174532e+03 0.000000000000000000e+00
1.068200000000174668e+03 0.000000000000000000e+00
1.068300000000174805e+03 0.000000000000000000e+00
1.068400000000174714e+03 0.000000000000000000e+00
1.068500000000174623e+03 0.000000000000000000e+00
1.068600000000174759e+03 0.000000000000000000e+00
1.068700000000174896e+03 0.000000000000000000e+00
1.068800000000174805e+03 0.000000000000000000e+00
1.068900000000174714e+03 0.000000000000000000e+00
1.069000000000174850e+03 0.000000000000000000e+00
1.069100000000174987e+03 0.000000000000000000e+00
1.069200000000174896e+03 0.000000000000000000e+00
1.069300000000174805e+03 0.000000000000000000e+00
1.069400000000174941e+03 0.000000000000000000e+00
1.069500000000175078e+03 0.000000000000000000e+00
1.069600000000174987e+03 0.000000000000000000e+00
1.069700000000174896e+03 0.000000000000000000e+00
1.069800000000175032e+03 0.000000000000000000e+00
1.069900000000175169e+03 0.000000000000000000e+00
1.070000000000175078e+03 0.000000000000000000e+00
1.070100000000174987e+03 0.000000000000000000e+00
1.070200000000175123e+03 0.000000000000000000e+00
1.070300000000175260e+03 0.000000000000000000e+00
1.070400000000175169e+03 0.000000000000000000e+00
1.070500000000175078e+03 0.000000000000000000e+00
1.070600000000175214e+03 0.000000000000000000e+00
1.070700000000175351e+03 0.000000000000000000e+00
1.070800000000175260e+03 0.000000000000000000e+00
1.070900000000175169e+03 0.000000000000000000e+00
1.071000000000175305e+03 0.000000000000000000e+00
1.071100000000175442e+03 0.000000000000000000e+00
1.071200000000175351e+03 0.000000000000000000e+00
1.071300000000175260e+03 0.000000000000000000e+00
1.071400000000175396e+03 0.000000000000000000e+00
1.071500000000175532e+03 0.000000000000000000e+00
1.071600000000175442e+03 0.000000000000000000e+00
1.071700000000175351e+03 0.000000000000000000e+00
1.071800000000175487e+03 0.000000000000000000e+00
1.071900000000175623e+03 0.000000000000000000e+00
1.072000000000175532e+03 0.000000000000000000e+00
1.072100000000175442e+03 0.000000000000000000e+00
1.072200000000175578e+03 0.000000000000000000e+00
1.072300000000175714e+03 0.000000000000000000e+00
1.072400000000175623e+03 0.000000000000000000e+00
1.072500000000175532e+03 0.000000000000000000e+00
1.072600000000175669e+03 0.000000000000000000e+00
1.072700000000175805e+03 0.000000000000000000e+00
1.072800000000175714e+03 0.000000000000000000e+00
1.072900000000175623e+03 0.000000000000000000e+00
1.073000000000175760e+03 0.000000000000000000e+00
1.073100000000175896e+03 0.000000000000000000e+00
1.073200000000175805e+03 0.000000000000000000e+00
1.073300000000175714e+03 0.000000000000000000e+00
1.073400000000175851e+03 0.000000000000000000e+00
1.073500000000175987e+03 0.000000000000000000e+00
1.073600000000175896e+03 0.000000000000000000e+00
1.073700000000175805e+03 0.000000000000000000e+00
1.073800000000175942e+03 0.000000000000000000e+00
1.073900000000176078e+03 0.000000000000000000e+00
1.074000000000175987e+03 0.000000000000000000e+00
1.074100000000175896e+03 0.000000000000000000e+00
1.074200000000176033e+03 0.000000000000000000e+00
1.074300000000176169e+03 0.000000000000000000e+00
1.074400000000176078e+03 0.000000000000000000e+00
1.074500000000175987e+03 0.000000000000000000e+00
1.074600000000176124e+03 0.000000000000000000e+00
1.074700000000176260e+03 0.000000000000000000e+00
1.074800000000176169e+03 0.000000000000000000e+00
1.074900000000176078e+03 0.000000000000000000e+00
1.075000000000176215e+03 0.000000000000000000e+00
1.075100000000176351e+03 0.000000000000000000e+00
1.075200000000176260e+03 0.000000000000000000e+00
1.075300000000176169e+03 0.000000000000000000e+00
1.075400000000176306e+03 0.000000000000000000e+00
1.075500000000176442e+03 0.000000000000000000e+00
1.075600000000176351e+03 0.000000000000000000e+00
1.075700000000176260e+03 0.000000000000000000e+00
1.075800000000176396e+03 0.000000000000000000e+00
1.075900000000176533e+03 0.000000000000000000e+00
1.076000000000176442e+03 0.000000000000000000e+00
1.076100000000176351e+03 0.000000000000000000e+00
1.076200000000176487e+03 0.000000000000000000e+00
1.076300000000176624e+03 0.000000000000000000e+00
1.076400000000176533e+03 0.000000000000000000e+00
1.076500000000176442e+03 0.000000000000000000e+00
1.076600000000176578e+03 0.000000000000000000e+00
1.076700000000176715e+03 0.000000000000000000e+00
1.076800000000176624e+03 0.000000000000000000e+00
1.076900000000176533e+03 0.000000000000000000e+00
1.077000000000176669e+03 0.000000000000000000e+00
1.077100000000176806e+03 0.000000000000000000e+00
1.077200000000176715e+03 0.000000000000000000e+00
1.077300000000176624e+03 0.000000000000000000e+00
1.077400000000176760e+03 0.000000000000000000e+00
1.077500000000176897e+03 0.000000000000000000e+00
1.077600000000176806e+03 0.000000000000000000e+00
1.077700000000176715e+03 0.000000000000000000e+00
1.077800000000176851e+03 0.000000000000000000e+00
1.077900000000176988e+03 0.000000000000000000e+00
1.078000000000176897e+03 0.000000000000000000e+00
1.078100000000176806e+03 0.000000000000000000e+00
1.078200000000176942e+03 0.000000000000000000e+00
1.078300000000177079e+03 0.000000000000000000e+00
1.078400000000176988e+03 0.000000000000000000e+00
1.078500000000176897e+03 0.000000000000000000e+00
1.078600000000177033e+03 0.000000000000000000e+00
1.078700000000177170e+03 0.000000000000000000e+00
1.078800000000177079e+03 0.000000000000000000e+00
1.078900000000176988e+03 0.000000000000000000e+00
1.079000000000177124e+03 0.000000000000000000e+00
1.079100000000177261e+03 0.000000000000000000e+00
1.079200000000177170e+03 0.000000000000000000e+00
1.079300000000177079e+03 0.000000000000000000e+00
1.079400000000177215e+03 0.000000000000000000e+00
1.079500000000177351e+03 0.000000000000000000e+00
1.079600000000177261e+03 0.000000000000000000e+00
1.079700000000177170e+03 0.000000000000000000e+00
1.079800000000177306e+03 0.000000000000000000e+00
1.079900000000177442e+03 0.000000000000000000e+00
1.080000000000177351e+03 0.000000000000000000e+00
1.080100000000177261e+03 0.000000000000000000e+00
1.080200000000177397e+03 0.000000000000000000e+00
1.080300000000177533e+03 0.000000000000000000e+00
1.080400000000177442e+03 0.000000000000000000e+00
1.080500000000177351e+03 0.000000000000000000e+00
1.080600000000177488e+03 0.000000000000000000e+00
1.080700000000177624e+03 0.000000000000000000e+00
1.080800000000177533e+03 0.000000000000000000e+00
1.080900000000177442e+03 0.000000000000000000e+00
1.081000000000177579e+03 0.000000000000000000e+00
1.081100000000177715e+03 0.000000000000000000e+00
1.081200000000177624e+03 0.000000000000000000e+00
1.081300000000177533e+03 0.000000000000000000e+00
1.081400000000177670e+03 0.000000000000000000e+00
1.081500000000177806e+03 0.000000000000000000e+00
1.081600000000177715e+03 0.000000000000000000e+00
1.081700000000177624e+03 0.000000000000000000e+00
1.081800000000177761e+03 0.000000000000000000e+00
1.081900000000177897e+03 0.000000000000000000e+00
1.082000000000177806e+03 0.000000000000000000e+00
1.082100000000177715e+03 0.000000000000000000e+00
1.082200000000177852e+03 0.000000000000000000e+00
1.082300000000177988e+03 0.000000000000000000e+00
1.082400000000177897e+03 0.000000000000000000e+00
1.082500000000177806e+03 0.000000000000000000e+00
1.082600000000177943e+03 0.000000000000000000e+00
1.082700000000178079e+03 0.000000000000000000e+00
1.082800000000177988e+03 0.000000000000000000e+00
1.082900000000177897e+03 0.000000000000000000e+00
1.083000000000178034e+03 0.000000000000000000e+00
1.083100000000178170e+03 0.000000000000000000e+00
1.083200000000178079e+03 0.000000000000000000e+00
1.083300000000177988e+03 0.000000000000000000e+00
1.083400000000178125e+03 0.000000000000000000e+00
1.083500000000178261e+03 0.000000000000000000e+00
1.083600000000178170e+03 0.000000000000000000e+00
1.083700000000178079e+03 0.000000000000000000e+00
1.083800000000178215e+03 0.000000000000000000e+00
1.083900000000178352e+03 0.000000000000000000e+00
1.084000000000178261e+03 0.000000000000000000e+00
1.084100000000178170e+03 0.000000000000000000e+00
1.084200000000178306e+03 0.000000000000000000e+00
1.084300000000178443e+03 0.000000000000000000e+00
1.084400000000178352e+03 0.000000000000000000e+00
1.084500000000178261e+03 0.000000000000000000e+00
1.084600000000178397e+03 0.000000000000000000e+00
1.084700000000178534e+03 0.000000000000000000e+00
1.084800000000178443e+03 0.000000000000000000e+00
1.084900000000178352e+03 0.000000000000000000e+00
1.085000000000178488e+03 0.000000000000000000e+00
1.085100000000178625e+03 0.000000000000000000e+00
1.085200000000178534e+03 0.000000000000000000e+00
1.085300000000178443e+03 0.000000000000000000e+00
1.085400000000178579e+03 0.000000000000000000e+00
1.085500000000178716e+03 0.000000000000000000e+00
1.085600000000178625e+03 0.000000000000000000e+00
1.085700000000178534e+03 0.000000000000000000e+00
1.085800000000178670e+03 0.000000000000000000e+00
1.085900000000178807e+03 0.000000000000000000e+00
1.086000000000178716e+03 0.000000000000000000e+00
1.086100000000178625e+03 0.000000000000000000e+00
1.086200000000178761e+03 0.000000000000000000e+00
1.086300000000178898e+03 0.000000000000000000e+00
1.086400000000178807e+03 0.000000000000000000e+00
1.086500000000178716e+03 0.000000000000000000e+00
1.086600000000178852e+03 0.000000000000000000e+00
1.086700000000178989e+03 0.000000000000000000e+00
1.086800000000178898e+03 0.000000000000000000e+00
1.086900000000178807e+03 0.000000000000000000e+00
1.087000000000178943e+03 0.000000000000000000e+00
1.087100000000179080e+03 0.000000000000000000e+00
1.087200000000178989e+03 0.000000000000000000e+00
1.087300000000178898e+03 0.000000000000000000e+00
1.087400000000179034e+03 0.000000000000000000e+00
1.087500000000179170e+03 0.000000000000000000e+00
1.087600000000179080e+03 0.000000000000000000e+00
1.087700000000178989e+03 0.000000000000000000e+00
1.087800000000179125e+03 0.000000000000000000e+00
1.087900000000179261e+03 0.000000000000000000e+00
1.088000000000179170e+03 0.000000000000000000e+00
1.088100000000179080e+03 0.000000000000000000e+00
1.088200000000179216e+03 0.000000000000000000e+00
1.088300000000179352e+03 0.000000000000000000e+00
1.088400000000179261e+03 0.000000000000000000e+00
1.088500000000179170e+03 0.000000000000000000e+00
1.088600000000179307e+03 0.000000000000000000e+00
1.088700000000179443e+03 0.000000000000000000e+00
1.088800000000179352e+03 0.000000000000000000e+00
1.088900000000179261e+03 0.000000000000000000e+00
1.089000000000179398e+03 0.000000000000000000e+00
1.089100000000179534e+03 0.000000000000000000e+00
1.089200000000179443e+03 0.000000000000000000e+00
1.089300000000179352e+03 0.000000000000000000e+00
1.089400000000179489e+03 0.000000000000000000e+00
1.089500000000179625e+03 0.000000000000000000e+00
1.089600000000179534e+03 0.000000000000000000e+00
1.089700000000179443e+03 0.000000000000000000e+00
1.089800000000179580e+03 0.000000000000000000e+00
1.089900000000179716e+03 0.000000000000000000e+00
1.090000000000179625e+03 0.000000000000000000e+00
1.090100000000179534e+03 0.000000000000000000e+00
1.090200000000179671e+03 0.000000000000000000e+00
1.090300000000179807e+03 0.000000000000000000e+00
1.090400000000179716e+03 0.000000000000000000e+00
1.090500000000179625e+03 0.000000000000000000e+00
1.090600000000179762e+03 0.000000000000000000e+00
1.090700000000179898e+03 0.000000000000000000e+00
1.090800000000179807e+03 0.000000000000000000e+00
1.090900000000179716e+03 0.000000000000000000e+00
1.091000000000179853e+03 0.000000000000000000e+00
1.091100000000179989e+03 0.000000000000000000e+00
1.091200000000179898e+03 0.000000000000000000e+00
1.091300000000179807e+03 0.000000000000000000e+00
1.091400000000179944e+03 0.000000000000000000e+00
1.091500000000180080e+03 0.000000000000000000e+00
1.091600000000179989e+03 0.000000000000000000e+00
1.091700000000179898e+03 0.000000000000000000e+00
1.091800000000180034e+03 0.000000000000000000e+00
1.091900000000180171e+03 0.000000000000000000e+00
1.092000000000180080e+03 0.000000000000000000e+00
1.092100000000179989e+03 0.000000000000000000e+00
1.092200000000180125e+03 0.000000000000000000e+00
1.092300000000180262e+03 0.000000000000000000e+00
1.092400000000180171e+03 0.000000000000000000e+00
1.092500000000180080e+03 0.000000000000000000e+00
1.092600000000180216e+03 0.000000000000000000e+00
1.092700000000180353e+03 0.000000000000000000e+00
1.092800000000180262e+03 0.000000000000000000e+00
1.092900000000180171e+03 0.000000000000000000e+00
1.093000000000180307e+03 0.000000000000000000e+00
1.093100000000180444e+03 0.000000000000000000e+00
1.093200000000180353e+03 0.000000000000000000e+00
1.093300000000180262e+03 0.000000000000000000e+00
1.093400000000180398e+03 0.000000000000000000e+00
1.093500000000180535e+03 0.000000000000000000e+00
1.093600000000180444e+03 0.000000000000000000e+00
1.093700000000180353e+03 0.000000000000000000e+00
1.093800000000180489e+03 0.000000000000000000e+00
1.093900000000180626e+03 0.000000000000000000e+00
1.094000000000180535e+03 0.000000000000000000e+00
1.094100000000180444e+03 0.000000000000000000e+00
1.094200000000180580e+03 0.000000000000000000e+00
1.094300000000180717e+03 0.000000000000000000e+00
1.094400000000180626e+03 0.000000000000000000e+00
1.094500000000180535e+03 0.000000000000000000e+00
1.094600000000180671e+03 0.000000000000000000e+00
1.094700000000180808e+03 0.000000000000000000e+00
1.094800000000180717e+03 0.000000000000000000e+00
1.094900000000180626e+03 0.000000000000000000e+00
1.095000000000180762e+03 0.000000000000000000e+00
1.095100000000180898e+03 0.000000000000000000e+00
1.095200000000180808e+03 0.000000000000000000e+00
1.095300000000180717e+03 0.000000000000000000e+00
1.095400000000180853e+03 0.000000000000000000e+00
1.095500000000180989e+03 0.000000000000000000e+00
1.095600000000180898e+03 0.000000000000000000e+00
1.095700000000180808e+03 0.000000000000000000e+00
1.095800000000180944e+03 0.000000000000000000e+00
1.095900000000181080e+03 0.000000000000000000e+00
1.096000000000180989e+03 0.000000000000000000e+00
1.096100000000180898e+03 0.000000000000000000e+00
1.096200000000181035e+03 0.000000000000000000e+00
1.096300000000181171e+03 0.000000000000000000e+00
1.096400000000181080e+03 0.000000000000000000e+00
1.096500000000180989e+03 0.000000000000000000e+00
1.096600000000181126e+03 0.000000000000000000e+00
1.096700000000181262e+03 0.000000000000000000e+00
1.096800000000181171e+03 0.000000000000000000e+00
1.096900000000181080e+03 0.000000000000000000e+00
1.097000000000181217e+03 0.000000000000000000e+00
1.097100000000181353e+03 0.000000000000000000e+00
1.097200000000181262e+03 0.000000000000000000e+00
1.097300000000181171e+03 0.000000000000000000e+00
1.097400000000181308e+03 0.000000000000000000e+00
1.097500000000181444e+03 0.000000000000000000e+00
1.097600000000181353e+03 0.000000000000000000e+00
1.097700000000181262e+03 0.000000000000000000e+00
1.097800000000181399e+03 0.000000000000000000e+00
1.097900000000181535e+03 0.000000000000000000e+00
1.098000000000181444e+03 0.000000000000000000e+00
1.098100000000181353e+03 0.000000000000000000e+00
1.098200000000181490e+03 0.000000000000000000e+00
1.098300000000181626e+03 0.000000000000000000e+00
1.098400000000181535e+03 0.000000000000000000e+00
1.098500000000181444e+03 0.000000000000000000e+00
1.098600000000181581e+03 0.000000000000000000e+00
1.098700000000181717e+03 0.000000000000000000e+00
1.098800000000181626e+03 0.000000000000000000e+00
1.098900000000181535e+03 0.000000000000000000e+00
1.099000000000181672e+03 0.000000000000000000e+00
1.099100000000181808e+03 0.000000000000000000e+00
1.099200000000181717e+03 0.000000000000000000e+00
1.099300000000181626e+03 0.000000000000000000e+00
1.099400000000181763e+03 0.000000000000000000e+00
1.099500000000181899e+03 0.000000000000000000e+00
1.099600000000181808e+03 0.000000000000000000e+00
1.099700000000181717e+03 0.000000000000000000e+00
1.099800000000181853e+03 0.000000000000000000e+00
1.099900000000181990e+03 0.000000000000000000e+00
1.100000000000181899e+03 0.000000000000000000e+00
1.100100000000181808e+03 0.000000000000000000e+00
1.100200000000181944e+03 0.000000000000000000e+00
1.100300000000182081e+03 0.000000000000000000e+00
1.100400000000181990e+03 0.000000000000000000e+00
1.100500000000181899e+03 0.000000000000000000e+00
1.100600000000182035e+03 0.000000000000000000e+00
1.100700000000182172e+03 0.000000000000000000e+00
1.100800000000182081e+03 0.000000000000000000e+00
1.100900000000181990e+03 0.000000000000000000e+00
1.101000000000182126e+03 0.000000000000000000e+00
1.101100000000182263e+03 0.000000000000000000e+00
1.101200000000182172e+03 0.000000000000000000e+00
1.101300000000182081e+03 0.000000000000000000e+00
1.101400000000182217e+03 0.000000000000000000e+00
1.101500000000182354e+03 0.000000000000000000e+00
1.101600000000182263e+03 0.000000000000000000e+00
1.101700000000182172e+03 0.000000000000000000e+00
1.101800000000182308e+03 0.000000000000000000e+00
1.101900000000182445e+03 0.000000000000000000e+00
1.102000000000182354e+03 0.000000000000000000e+00
1.102100000000182263e+03 0.000000000000000000e+00
1.102200000000182399e+03 0.000000000000000000e+00
1.102300000000182536e+03 0.000000000000000000e+00
1.102400000000182445e+03 0.000000000000000000e+00
1.102500000000182354e+03 0.000000000000000000e+00
1.102600000000182490e+03 0.000000000000000000e+00
1.102700000000182627e+03 0.000000000000000000e+00
1.102800000000182536e+03 0.000000000000000000e+00
1.102900000000182445e+03 0.000000000000000000e+00
1.103000000000182581e+03 0.000000000000000000e+00
1.103100000000182717e+03 0.000000000000000000e+00
1.103200000000182627e+03 0.000000000000000000e+00
1.103300000000182536e+03 0.000000000000000000e+00
1.103400000000182672e+03 0.000000000000000000e+00
1.103500000000182808e+03 0.000000000000000000e+00
1.103600000000182717e+03 0.000000000000000000e+00
1.103700000000182627e+03 0.000000000000000000e+00
1.103800000000182763e+03 0.000000000000000000e+00
1.103900000000182899e+03 0.000000000000000000e+00
1.104000000000182808e+03 0.000000000000000000e+00
1.104100000000182717e+03 0.000000000000000000e+00
1.104200000000182854e+03 0.000000000000000000e+00
1.104300000000182990e+03 0.000000000000000000e+00
1.104400000000182899e+03 0.000000000000000000e+00
1.104500000000182808e+03 0.000000000000000000e+00
1.104600000000182945e+03 0.000000000000000000e+00
1.104700000000183081e+03 0.000000000000000000e+00
1.104800000000182990e+03 0.000000000000000000e+00
1.104900000000182899e+03 0.000000000000000000e+00
1.105000000000183036e+03 0.000000000000000000e+00
1.105100000000183172e+03 0.000000000000000000e+00
1.105200000000183081e+03 0.000000000000000000e+00
1.105300000000182990e+03 0.000000000000000000e+00
1.105400000000183127e+03 0.000000000000000000e+00
1.105500000000183263e+03 0.000000000000000000e+00
1.105600000000183172e+03 0.000000000000000000e+00
1.105700000000183081e+03 0.000000000000000000e+00
1.105800000000183218e+03 0.000000000000000000e+00
1.105900000000183354e+03 0.000000000000000000e+00
1.106000000000183263e+03 0.000000000000000000e+00
1.106100000000183172e+03 0.000000000000000000e+00
1.106200000000183309e+03 0.000000000000000000e+00
1.106300000000183445e+03 0.000000000000000000e+00
1.106400000000183354e+03 0.000000000000000000e+00
1.106500000000183263e+03 0.000000000000000000e+00
1.106600000000183400e+03 0.000000000000000000e+00
1.106700000000183536e+03 0.000000000000000000e+00
1.106800000000183445e+03 0.000000000000000000e+00
1.106900000000183354e+03 0.000000000000000000e+00
1.107000000000183491e+03 0.000000000000000000e+00
1.107100000000183627e+03 0.000000000000000000e+00
1.107200000000183536e+03 0.000000000000000000e+00
1.107300000000183445e+03 0.000000000000000000e+00
1.107400000000183582e+03 0.000000000000000000e+00
1.107500000000183718e+03 0.000000000000000000e+00
1.107600000000183627e+03 0.000000000000000000e+00
1.107700000000183536e+03 0.000000000000000000e+00
1.107800000000183672e+03 0.000000000000000000e+00
1.107900000000183809e+03 0.000000000000000000e+00
1.108000000000183718e+03 0.000000000000000000e+00
1.108100000000183627e+03 0.000000000000000000e+00
1.108200000000183763e+03 0.000000000000000000e+00
1.108300000000183900e+03 0.000000000000000000e+00
1.108400000000183809e+03 0.000000000000000000e+00
1.108500000000183718e+03 0.000000000000000000e+00
1.108600000000183854e+03 0.000000000000000000e+00
1.108700000000183991e+03 0.000000000000000000e+00
1.108800000000183900e+03 0.000000000000000000e+00
1.108900000000183809e+03 0.000000000000000000e+00
1.109000000000183945e+03 0.000000000000000000e+00
1.109100000000184082e+03 0.000000000000000000e+00
1.109200000000183991e+03 0.000000000000000000e+00
1.109300000000183900e+03 0.000000000000000000e+00
1.109400000000184036e+03 0.000000000000000000e+00
1.109500000000184173e+03 0.000000000000000000e+00
1.109600000000184082e+03 0.000000000000000000e+00
1.109700000000183991e+03 0.000000000000000000e+00
1.109800000000184127e+03 0.000000000000000000e+00
1.109900000000184264e+03 0.000000000000000000e+00
1.110000000000184173e+03 0.000000000000000000e+00
1.110100000000184082e+03 0.000000000000000000e+00
1.110200000000184218e+03 0.000000000000000000e+00
1.110300000000184355e+03 0.000000000000000000e+00
1.110400000000184264e+03 0.000000000000000000e+00
1.110500000000184173e+03 0.000000000000000000e+00
1.110600000000184309e+03 0.000000000000000000e+00
1.110700000000184446e+03 0.000000000000000000e+00
1.110800000000184355e+03 0.000000000000000000e+00
1.110900000000184264e+03 0.000000000000000000e+00
1.111000000000184400e+03 0.000000000000000000e+00
1.111100000000184536e+03 0.000000000000000000e+00
1.111200000000184446e+03 0.000000000000000000e+00
1.111300000000184355e+03 0.000000000000000000e+00
1.111400000000184491e+03 0.000000000000000000e+00
1.111500000000184627e+03 0.000000000000000000e+00
1.111600000000184536e+03 0.000000000000000000e+00
1.111700000000184446e+03 0.000000000000000000e+00
1.111800000000184582e+03 0.000000000000000000e+00
1.111900000000184718e+03 0.000000000000000000e+00
1.112000000000184627e+03 0.000000000000000000e+00
1.112100000000184536e+03 0.000000000000000000e+00
1.112200000000184673e+03 0.000000000000000000e+00
1.112300000000184809e+03 0.000000000000000000e+00
1.112400000000184718e+03 0.000000000000000000e+00
1.112500000000184627e+03 0.000000000000000000e+00
1.112600000000184764e+03 0.000000000000000000e+00
1.112700000000184900e+03 0.000000000000000000e+00
1.112800000000184809e+03 0.000000000000000000e+00
1.112900000000184718e+03 0.000000000000000000e+00
1.113000000000184855e+03 0.000000000000000000e+00
1.113100000000184991e+03 0.000000000000000000e+00
1.113200000000184900e+03 0.000000000000000000e+00
1.113300000000184809e+03 0.000000000000000000e+00
1.113400000000184946e+03 0.000000000000000000e+00
1.113500000000185082e+03 0.000000000000000000e+00
1.113600000000184991e+03 0.000000000000000000e+00
1.113700000000184900e+03 0.000000000000000000e+00
1.113800000000185037e+03 0.000000000000000000e+00
1.113900000000185173e+03 0.000000000000000000e+00
1.114000000000185082e+03 0.000000000000000000e+00
1.114100000000184991e+03 0.000000000000000000e+00
1.114200000000185128e+03 0.000000000000000000e+00
1.114300000000185264e+03 0.000000000000000000e+00
1.114400000000185173e+03 0.000000000000000000e+00
1.114500000000185082e+03 0.000000000000000000e+00
1.114600000000185219e+03 0.000000000000000000e+00
1.114700000000185355e+03 0.000000000000000000e+00
1.114800000000185264e+03 0.000000000000000000e+00
1.114900000000185173e+03 0.000000000000000000e+00
1.115000000000185310e+03 0.000000000000000000e+00
1.115100000000185446e+03 0.000000000000000000e+00
1.115200000000185355e+03 0.000000000000000000e+00
1.115300000000185264e+03 0.000000000000000000e+00
1.115400000000185400e+03 0.000000000000000000e+00
1.115500000000185537e+03 0.000000000000000000e+00
1.115600000000185446e+03 0.000000000000000000e+00
1.115700000000185355e+03 0.000000000000000000e+00
1.115800000000185491e+03 0.000000000000000000e+00
1.115900000000185628e+03 0.000000000000000000e+00
1.116000000000185537e+03 0.000000000000000000e+00
1.116100000000185446e+03 0.000000000000000000e+00
1.116200000000185582e+03 0.000000000000000000e+00
1.116300000000185719e+03 0.000000000000000000e+00
1.116400000000185628e+03 0.000000000000000000e+00
1.116500000000185537e+03 0.000000000000000000e+00
1.116600000000185673e+03 0.000000000000000000e+00
1.116700000000185810e+03 0.000000000000000000e+00
1.116800000000185719e+03 0.000000000000000000e+00
1.116900000000185628e+03 0.000000000000000000e+00
1.117000000000185764e+03 0.000000000000000000e+00
1.117100000000185901e+03 0.000000000000000000e+00
1.117200000000185810e+03 0.000000000000000000e+00
1.117300000000185719e+03 0.000000000000000000e+00
1.117400000000185855e+03 0.000000000000000000e+00
1.117500000000185992e+03 0.000000000000000000e+00
1.117600000000185901e+03 0.000000000000000000e+00
1.117700000000185810e+03 0.000000000000000000e+00
1.117800000000185946e+03 0.000000000000000000e+00
1.117900000000186083e+03 0.000000000000000000e+00
1.118000000000185992e+03 0.000000000000000000e+00
1.118100000000185901e+03 0.000000000000000000e+00
1.118200000000186037e+03 0.000000000000000000e+00
1.118300000000186174e+03 0.000000000000000000e+00
1.118400000000186083e+03 0.000000000000000000e+00
1.118500000000185992e+03 0.000000000000000000e+00
1.118600000000186128e+03 0.000000000000000000e+00
1.118700000000186265e+03 0.000000000000000000e+00
1.118800000000186174e+03 0.000000000000000000e+00
1.118900000000186083e+03 0.000000000000000000e+00
1.119000000000186219e+03 0.000000000000000000e+00
1.119100000000186355e+03 0.000000000000000000e+00
1.119200000000186265e+03 0.000000000000000000e+00
1.119300000000186174e+03 0.000000000000000000e+00
1.119400000000186310e+03 0.000000000000000000e+00
1.119500000000186446e+03 0.000000000000000000e+00
1.119600000000186355e+03 0.000000000000000000e+00
1.119700000000186265e+03 0.000000000000000000e+00
1.119800000000186401e+03 0.000000000000000000e+00
1.119900000000186537e+03 0.000000000000000000e+00
1.120000000000186446e+03 0.000000000000000000e+00
1.120100000000186355e+03 0.000000000000000000e+00
1.120200000000186492e+03 0.000000000000000000e+00
1.120300000000186628e+03 0.000000000000000000e+00
1.120400000000186537e+03 0.000000000000000000e+00
1.120500000000186446e+03 0.000000000000000000e+00
1.120600000000186583e+03 0.000000000000000000e+00
1.120700000000186719e+03 0.000000000000000000e+00
1.120800000000186628e+03 0.000000000000000000e+00
1.120900000000186537e+03 0.000000000000000000e+00
1.121000000000186674e+03 0.000000000000000000e+00
1.121100000000186810e+03 0.000000000000000000e+00
1.121200000000186719e+03 0.000000000000000000e+00
1.121300000000186628e+03 0.000000000000000000e+00
1.121400000000186765e+03 0.000000000000000000e+00
1.121500000000186901e+03 0.000000000000000000e+00
1.121600000000186810e+03 0.000000000000000000e+00
1.121700000000186719e+03 0.000000000000000000e+00
1.121800000000186856e+03 0.000000000000000000e+00
1.121900000000186992e+03 0.000000000000000000e+00
1.122000000000186901e+03 0.000000000000000000e+00
1.122100000000186810e+03 0.000000000000000000e+00
1.122200000000186947e+03 0.000000000000000000e+00
1.122300000000187083e+03 0.000000000000000000e+00
1.122400000000186992e+03 0.000000000000000000e+00
1.122500000000186901e+03 0.000000000000000000e+00
1.122600000000187038e+03 0.000000000000000000e+00
1.122700000000187174e+03 0.000000000000000000e+00
1.122800000000187083e+03 0.000000000000000000e+00
1.122900000000186992e+03 0.000000000000000000e+00
1.123000000000187129e+03 0.000000000000000000e+00
1.123100000000187265e+03 0.000000000000000000e+00
1.123200000000187174e+03 0.000000000000000000e+00
1.123300000000187083e+03 0.000000000000000000e+00
1.123400000000187219e+03 0.000000000000000000e+00
1.123500000000187356e+03 0.000000000000000000e+00
1.123600000000187265e+03 0.000000000000000000e+00
1.123700000000187174e+03 0.000000000000000000e+00
1.123800000000187310e+03 0.000000000000000000e+00
1.123900000000187447e+03 0.000000000000000000e+00
1.124000000000187356e+03 0.000000000000000000e+00
1.124100000000187265e+03 0.000000000000000000e+00
1.124200000000187401e+03 0.000000000000000000e+00
1.124300000000187538e+03 0.000000000000000000e+00
1.124400000000187447e+03 0.000000000000000000e+00
1.124500000000187356e+03 0.000000000000000000e+00
1.124600000000187492e+03 0.000000000000000000e+00
1.124700000000187629e+03 0.000000000000000000e+00
1.124800000000187538e+03 0.000000000000000000e+00
1.124900000000187447e+03 0.000000000000000000e+00
1.125000000000187583e+03 0.000000000000000000e+00
1.125100000000187720e+03 0.000000000000000000e+00
1.125200000000187629e+03 0.000000000000000000e+00
1.125300000000187538e+03 0.000000000000000000e+00
1.125400000000187674e+03 0.000000000000000000e+00
1.125500000000187811e+03 0.000000000000000000e+00
1.125600000000187720e+03 0.000000000000000000e+00
1.125700000000187629e+03 0.000000000000000000e+00
1.125800000000187765e+03 0.000000000000000000e+00
1.125900000000187902e+03 0.000000000000000000e+00
1.126000000000187811e+03 0.000000000000000000e+00
1.126100000000187720e+03 0.000000000000000000e+00
1.126200000000187856e+03 0.000000000000000000e+00
1.126300000000187993e+03 0.000000000000000000e+00
1.126400000000187902e+03 0.000000000000000000e+00
1.126500000000187811e+03 0.000000000000000000e+00
1.126600000000187947e+03 0.000000000000000000e+00
1.126700000000188084e+03 0.000000000000000000e+00
1.126800000000187993e+03 0.000000000000000000e+00
1.126900000000187902e+03 0.000000000000000000e+00
1.127000000000188038e+03 0.000000000000000000e+00
1.127100000000188174e+03 0.000000000000000000e+00
1.127200000000188084e+03 0.000000000000000000e+00
1.127300000000187993e+03 0.000000000000000000e+00
1.127400000000188129e+03 0.000000000000000000e+00
1.127500000000188265e+03 0.000000000000000000e+00
1.127600000000188174e+03 0.000000000000000000e+00
1.127700000000188084e+03 0.000000000000000000e+00
1.127800000000188220e+03 0.000000000000000000e+00
1.127900000000188356e+03 0.000000000000000000e+00
1.128000000000188265e+03 0.000000000000000000e+00
1.128100000000188174e+03 0.000000000000000000e+00
1.128200000000188311e+03 0.000000000000000000e+00
1.128300000000188447e+03 0.000000000000000000e+00
1.128400000000188356e+03 0.000000000000000000e+00
1.128500000000188265e+03 0.000000000000000000e+00
1.128600000000188402e+03 0.000000000000000000e+00
1.128700000000188538e+03 0.000000000000000000e+00
1.128800000000188447e+03 0.000000000000000000e+00
1.128900000000188356e+03 0.000000000000000000e+00
1.129000000000188493e+03 0.000000000000000000e+00
1.129100000000188629e+03 0.000000000000000000e+00
1.129200000000188538e+03 0.000000000000000000e+00
1.129300000000188447e+03 0.000000000000000000e+00
1.129400000000188584e+03 0.000000000000000000e+00
1.129500000000188720e+03 0.000000000000000000e+00
1.129600000000188629e+03 0.000000000000000000e+00
1.129700000000188538e+03 0.000000000000000000e+00
1.129800000000188675e+03 0.000000000000000000e+00
1.129900000000188811e+03 0.000000000000000000e+00
1.130000000000188720e+03 0.000000000000000000e+00
1.130100000000188629e+03 0.000000000000000000e+00
1.130200000000188766e+03 0.000000000000000000e+00
1.130300000000188902e+03 0.000000000000000000e+00
1.130400000000188811e+03 0.000000000000000000e+00
1.130500000000188720e+03 0.000000000000000000e+00
1.130600000000188857e+03 0.000000000000000000e+00
1.130700000000188993e+03 0.000000000000000000e+00
1.130800000000188902e+03 0.000000000000000000e+00
1.130900000000188811e+03 0.000000000000000000e+00
1.131000000000188948e+03 0.000000000000000000e+00
1.131100000000189084e+03 0.000000000000000000e+00
1.131200000000188993e+03 0.000000000000000000e+00
1.131300000000188902e+03 0.000000000000000000e+00
1.131400000000189038e+03 0.000000000000000000e+00
1.131500000000189175e+03 0.000000000000000000e+00
1.131600000000189084e+03 0.000000000000000000e+00
1.131700000000188993e+03 0.000000000000000000e+00
1.131800000000189129e+03 0.000000000000000000e+00
1.131900000000189266e+03 0.000000000000000000e+00
1.132000000000189175e+03 0.000000000000000000e+00
1.132100000000189084e+03 0.000000000000000000e+00
1.132200000000189220e+03 0.000000000000000000e+00
1.132300000000189357e+03 0.000000000000000000e+00
1.132400000000189266e+03 0.000000000000000000e+00
1.132500000000189175e+03 0.000000000000000000e+00
1.132600000000189311e+03 0.000000000000000000e+00
1.132700000000189448e+03 0.000000000000000000e+00
1.132800000000189357e+03 0.000000000000000000e+00
1.132900000000189266e+03 0.000000000000000000e+00
1.133000000000189402e+03 0.000000000000000000e+00
1.133100000000189539e+03 0.000000000000000000e+00
1.133200000000189448e+03 0.000000000000000000e+00
1.133300000000189357e+03 0.000000000000000000e+00
1.133400000000189493e+03 0.000000000000000000e+00
1.133500000000189630e+03 0.000000000000000000e+00
1.133600000000189539e+03 0.000000000000000000e+00
1.133700000000189448e+03 0.000000000000000000e+00
1.133800000000189584e+03 0.000000000000000000e+00
1.133900000000189721e+03 0.000000000000000000e+00
1.134000000000189630e+03 0.000000000000000000e+00
1.134100000000189539e+03 0.000000000000000000e+00
1.134200000000189675e+03 0.000000000000000000e+00
1.134300000000189812e+03 0.000000000000000000e+00
1.134400000000189721e+03 0.000000000000000000e+00
1.134500000000189630e+03 0.000000000000000000e+00
1.134600000000189766e+03 0.000000000000000000e+00
1.134700000000189902e+03 0.000000000000000000e+00
1.134800000000189812e+03 0.000000000000000000e+00
1.134900000000189721e+03 0.000000000000000000e+00
1.135000000000189857e+03 0.000000000000000000e+00
1.135100000000189993e+03 0.000000000000000000e+00
1.135200000000189902e+03 0.000000000000000000e+00
1.135300000000189812e+03 0.000000000000000000e+00
1.135400000000189948e+03 0.000000000000000000e+00
1.135500000000190084e+03 0.000000000000000000e+00
1.135600000000189993e+03 0.000000000000000000e+00
1.135700000000189902e+03 0.000000000000000000e+00
1.135800000000190039e+03 0.000000000000000000e+00
1.135900000000190175e+03 0.000000000000000000e+00
1.136000000000190084e+03 0.000000000000000000e+00
1.136100000000189993e+03 0.000000000000000000e+00
1.136200000000190130e+03 0.000000000000000000e+00
1.136300000000190266e+03 0.000000000000000000e+00
1.136400000000190175e+03 0.000000000000000000e+00
1.136500000000190084e+03 0.000000000000000000e+00
1.136600000000190221e+03 0.000000000000000000e+00
1.136700000000190357e+03 0.000000000000000000e+00
1.136800000000190266e+03 0.000000000000000000e+00
1.136900000000190175e+03 0.000000000000000000e+00
1.137000000000190312e+03 0.000000000000000000e+00
1.137100000000190448e+03 0.000000000000000000e+00
1.137200000000190357e+03 0.000000000000000000e+00
1.137300000000190266e+03 0.000000000000000000e+00
1.137400000000190403e+03 0.000000000000000000e+00
1.137500000000190539e+03 0.000000000000000000e+00
1.137600000000190448e+03 0.000000000000000000e+00
1.137700000000190357e+03 0.000000000000000000e+00
1.137800000000190494e+03 0.000000000000000000e+00
1.137900000000190630e+03 0.000000000000000000e+00
1.138000000000190539e+03 0.000000000000000000e+00
1.138100000000190448e+03 0.000000000000000000e+00
1.138200000000190585e+03 0.000000000000000000e+00
1.138300000000190721e+03 0.000000000000000000e+00
1.138400000000190630e+03 0.000000000000000000e+00
1.138500000000190539e+03 0.000000000000000000e+00
1.138600000000190676e+03 0.000000000000000000e+00
1.138700000000190812e+03 0.000000000000000000e+00
1.138800000000190721e+03 0.000000000000000000e+00
1.138900000000190630e+03 0.000000000000000000e+00
1.139000000000190767e+03 0.000000000000000000e+00
1.139100000000190903e+03 0.000000000000000000e+00
1.139200000000190812e+03 0.000000000000000000e+00
1.139300000000190721e+03 0.000000000000000000e+00
1.139400000000190857e+03 0.000000000000000000e+00
1.139500000000190994e+03 0.000000000000000000e+00
1.139600000000190903e+03 0.000000000000000000e+00
1.139700000000190812e+03 0.000000000000000000e+00
1.139800000000190948e+03 0.000000000000000000e+00
1.139900000000191085e+03 0.000000000000000000e+00
1.140000000000190994e+03 0.000000000000000000e+00
1.140100000000190903e+03 0.000000000000000000e+00
1.140200000000191039e+03 0.000000000000000000e+00
1.140300000000191176e+03 0.000000000000000000e+00
1.140400000000191085e+03 0.000000000000000000e+00
1.140500000000190994e+03 0.000000000000000000e+00
1.140600000000191130e+03 0.000000000000000000e+00
1.140700000000191267e+03 0.000000000000000000e+00
1.140800000000191176e+03 0.000000000000000000e+00
1.140900000000191085e+03 0.000000000000000000e+00
1.141000000000191221e+03 0.000000000000000000e+00
1.141100000000191358e+03 0.000000000000000000e+00
1.141200000000191267e+03 0.000000000000000000e+00
1.141300000000191176e+03 0.000000000000000000e+00
1.141400000000191312e+03 0.000000000000000000e+00
1.141500000000191449e+03 0.000000000000000000e+00
1.141600000000191358e+03 0.000000000000000000e+00
1.141700000000191267e+03 0.000000000000000000e+00
1.141800000000191403e+03 0.000000000000000000e+00
1.141900000000191540e+03 0.000000000000000000e+00
1.142000000000191449e+03 0.000000000000000000e+00
1.142100000000191358e+03 0.000000000000000000e+00
1.142200000000191494e+03 0.000000000000000000e+00
1.142300000000191631e+03 0.000000000000000000e+00
1.142400000000191540e+03 0.000000000000000000e+00
1.142500000000191449e+03 0.000000000000000000e+00
1.142600000000191585e+03 0.000000000000000000e+00
1.142700000000191721e+03 0.000000000000000000e+00
1.142800000000191631e+03 0.000000000000000000e+00
1.142900000000191540e+03 0.000000000000000000e+00
1.143000000000191676e+03 0.000000000000000000e+00
1.143100000000191812e+03 0.000000000000000000e+00
1.143200000000191721e+03 0.000000000000000000e+00
1.143300000000191631e+03 0.000000000000000000e+00
1.143400000000191767e+03 0.000000000000000000e+00
1.143500000000191903e+03 0.000000000000000000e+00
1.143600000000191812e+03 0.000000000000000000e+00
1.143700000000191721e+03 0.000000000000000000e+00
1.143800000000191858e+03 0.000000000000000000e+00
1.143900000000191994e+03 0.000000000000000000e+00
1.144000000000191903e+03 0.000000000000000000e+00
1.144100000000191812e+03 0.000000000000000000e+00
1.144200000000191949e+03 0.000000000000000000e+00
1.144300000000192085e+03 0.000000000000000000e+00
1.144400000000191994e+03 0.000000000000000000e+00
1.144500000000191903e+03 0.000000000000000000e+00
1.144600000000192040e+03 0.000000000000000000e+00
1.144700000000192176e+03 0.000000000000000000e+00
1.144800000000192085e+03 0.000000000000000000e+00
1.144900000000191994e+03 0.000000000000000000e+00
1.145000000000192131e+03 0.000000000000000000e+00
1.145100000000192267e+03 0.000000000000000000e+00
1.145200000000192176e+03 0.000000000000000000e+00
1.145300000000192085e+03 0.000000000000000000e+00
1.145400000000192222e+03 0.000000000000000000e+00
1.145500000000192358e+03 0.000000000000000000e+00
1.145600000000192267e+03 0.000000000000000000e+00
1.145700000000192176e+03 0.000000000000000000e+00
1.145800000000192313e+03 0.000000000000000000e+00
1.145900000000192449e+03 0.000000000000000000e+00
1.146000000000192358e+03 0.000000000000000000e+00
1.146100000000192267e+03 0.000000000000000000e+00
1.146200000000192404e+03 0.000000000000000000e+00
1.146300000000192540e+03 0.000000000000000000e+00
1.146400000000192449e+03 0.000000000000000000e+00
1.146500000000192358e+03 0.000000000000000000e+00
1.146600000000192495e+03 0.000000000000000000e+00
1.146700000000192631e+03 0.000000000000000000e+00
1.146800000000192540e+03 0.000000000000000000e+00
1.146900000000192449e+03 0.000000000000000000e+00
1.147000000000192586e+03 0.000000000000000000e+00
1.147100000000192722e+03 0.000000000000000000e+00
1.147200000000192631e+03 0.000000000000000000e+00
1.147300000000192540e+03 0.000000000000000000e+00
1.147400000000192676e+03 0.000000000000000000e+00
1.147500000000192813e+03 0.000000000000000000e+00
1.147600000000192722e+03 0.000000000000000000e+00
1.147700000000192631e+03 0.000000000000000000e+00
1.147800000000192767e+03 0.000000000000000000e+00
1.147900000000192904e+03 0.000000000000000000e+00
1.148000000000192813e+03 0.000000000000000000e+00
1.148100000000192722e+03 0.000000000000000000e+00
1.148200000000192858e+03 0.000000000000000000e+00
1.148300000000192995e+03 0.000000000000000000e+00
1.148400000000192904e+03 0.000000000000000000e+00
1.148500000000192813e+03 0.000000000000000000e+00
1.148600000000192949e+03 0.000000000000000000e+00
1.148700000000193086e+03 0.000000000000000000e+00
1.148800000000192995e+03 0.000000000000000000e+00
1.148900000000192904e+03 0.000000000000000000e+00
1.149000000000193040e+03 0.000000000000000000e+00
1.149100000000193177e+03 0.000000000000000000e+00
1.149200000000193086e+03 0.000000000000000000e+00
1.149300000000192995e+03 0.000000000000000000e+00
1.149400000000193131e+03 0.000000000000000000e+00
1.149500000000193268e+03 0.000000000000000000e+00
1.149600000000193177e+03 0.000000000000000000e+00
1.149700000000193086e+03 0.000000000000000000e+00
1.149800000000193222e+03 0.000000000000000000e+00
1.149900000000193359e+03 0.000000000000000000e+00
1.150000000000193268e+03 0.000000000000000000e+00
